FINCA;GRUPO;2024-01;2024-02;2024-03;2024-04;2024-05;2024-06;2024-07;2024-08;2024-09;2024-10;2024-11;2024-12;2024-01;2024-02;2024-03;2024-04;2024-05;2024-06;2024-07;2024-08;2024-09;2024-10;2024-11;2024-12;2024-01;2024-02;2024-03;2024-04;2024-05;2024-06;2024-07;2024-08;2024-09;2024-10;2024-11;2024-12;2024-01;2024-02;2024-03;2024-04;2024-05;2024-06;2024-07;2024-08;2024-09;2024-10;2024-11;2024-12
ENANO;COSECHA;46648304.374162;37670789.372754;44782386.526194;44029248.697408;45750590.342672;46581983.91928;54642945.509024;50725376.961296;44240400.046592;49665316.95856;50707991.181648;51079960.852;11715909.916127242;5983864.455159192;15036558.860971097;6993882.014544117;11490445.413944697;13490869.408300566;13723796.303519454;12739883.151450906;8728977.773928968;10181397.624963611;12735516.642723305;12436015.228720507;22686170.094635427;16968563.942909855;23251624.071991075;19832690.907735787;22249590.598596912;23350318.088430565;26574152.54253564;24668946.60582472;20589197.1588365;23262417.958615627;24660491.491333127;24688659.902576063;81050384.38492467;60623217.770823054;83070569.45915617;70855821.6196879;79490626.35521361;83423171.41601112;94940894.3550791;88134206.71857163;73558574.97935747;83109132.54213923;88103999.31570444;88204635.98329657
EVA;COSECHA;37511374.20416;30518826.686976;35458487.445504;38489423.903232;31857348.578048002;29297342.00448;36931162.971392;39089245.242368;40050969.81248;42433746.50112;35447348.2176;30584511.09248;9421133.027281074;4847801.845040249;11905878.068455843;6113901.498456092;8001101.6716356175;8484967.400222046;9275410.634438854;9817421.706814522;7902370.343605635;8698924.56752656;8902744.570347648;7446157.737103282;18242665.560861144;13747008.510394715;18410528.87527619;17337312.58363616;15492979.612052022;14685983.665607685;17960495.16058645;19010021.443147246;18639463.318670485;19875269.244382918;17238881.066675253;14782520.97405902;65175172.79230222;49113637.04241096;65774894.38923603;61940637.985324256;55351429.86173564;52468293.07030973;64167068.76641731;67916688.39232977;66592803.47475612;71007940.31302948;61588973.8546229;52813189.8036423
SAMI;COSECHA;48142365.82792;37105569.590863995;50375731.090256;43921154.922752;39214966.216448;38353868.52352;60245365.591296;56212187.276544;51966345.514752;50153874.228224;42406355.841024;40255838.53952;12091149.48027059;5894081.399945311;16914633.284673743;6976711.721413603;9848997.036864566;11107878.798175834;15130866.71854952;14117917.706891874;10253367.386209406;10281551.940482551;10650527.421525352;9800755.771385504;23412767.40029368;16713964.340127578;26155764.632535193;19784000.764587168;19071162.516562596;19225781.18394317;29298741.498836953;27337311.807061527;24184802.404603697;23491250.151776236;20623210.52415293;19456998.20864897;83646282.70848428;59713615.33093689;93446129.00746495;70681867.40875277;68135125.76987515;68687528.505639;104674973.80868247;97667416.7904974;86404515.3055651;83926676.32048279;73680093.78670228;69513592.51955448
VEGA;COSECHA;19086543.924992;15809788.985856;21330930.045952;20903811.9616;18150334.84544;16035847.88864;19318575.311616;20680705.140224002;22494912.882432;25071835.24096;18952525.700608;15574912.35328;4793662.540053023;2511326.0415098863;7162275.396100328;3320492.600689167;4558529.851183693;4644231.771920599;4851938.159282316;5194042.563293204;4438422.671820832;5139730.085459427;4760003.322101427;3791894.981528621;9282236.252963;7121417.41113712;11075308.955325738;9415987.183361799;8826935.707577629;8038346.964059904;9395078.586138176;10057514.432357138;10468987.529938076;11743235.44237923;9217060.031127155;7527878.011040111;33162442.718008026;25442532.438503005;39568514.397378065;33640291.74565096;31535800.40420132;28718426.624620505;33565592.05703649;35932262.13587434;37402323.084190905;41954800.76879866;32929589.05383658;26894685.34584873
FEDERICA;COSECHA;29953637.131656;27900028.5102;33015016.498584;31916213.619472;43460523.176047996;41338744.04072;51577927.639568;51117512.749312;51496506.944576;58282563.426176004;49192622.965728;43578845.03456;7522976.8584948685;4431815.517538985;11085435.086996052;5069771.549808754;10915285.802335994;11972345.323954524;12954004.695193458;12838369.637271166;10160664.55277929;11947934.477880847;12354925.799268877;10609780.654885126;14567159.857971642;12567387.773582144;17141845.531314965;14376452.43529943;21135876.94989786;20722020.436048985;25083562.098521776;24859651.483664878;23966142.561022002;27298594.535306893;23923532.204954285;21063118.80548732;52043773.84812251;44899231.801321134;61242297.11689501;51362437.60458019;75511685.92828186;74033109.80072351;89615494.43328324;88815533.87024805;85623314.0583773;97529092.43936373;85471080.96995117;75251744.49493244
NEERLANDIA;COSECHA;30752501.9998556;23860666.628243204;32050766.3966662;39765359.554150596;34216668.4757714;29300296.293511;36143386.7929442;38493918.3180478;38669605.7610936;44657008.53924;39979215.3530024;38139955.039937;7723614.994361807;3790177.941331243;10761669.326863915;6316579.1199164055;8593654.386163957;8485823.00842415;9077557.467757033;9667902.947032038;7629816.386372934;9154693.627723515;10040941.292019717;9285619.13102564;14955666.675652305;10747883.284193587;16641193.765736155;17912049.562609844;16640372.496434273;14687464.572662191;17577381.03413457;18720499.92573653;17996585.38872024;20916608.63229872;19442834.887920097;18434320.680253178;53431783.66986971;38398727.85376803;59453629.48926627;63993988.23667685;59450695.35836963;52473583.87459734;62798325.294835806;66882321.190816365;64296007.53618678;74728310.79926224;69462991.53294222;65859894.85121582
SAN ANTONIO;COSECHA;42038388.4174876;33890608.0402592;41753302.5034792;38835167.0353956;37644682.614086404;33688556.143346;42783219.1953656;43391333.2488174;43105644.148436;47986656.2674778;40776380.2118282;35281223.657603;10558110.917987665;5383396.7430084;14019484.878642421;6168821.506069884;9454613.97246683;9756731.535343064;10745178.173988745;10897908.472861484;8505081.538736548;9837271.924778014;10241152.463671189;8589627.465947164;20444259.291699234;15265805.659256116;21678882.45543067;17493050.346067633;18307496.58319324;16887183.32070644;20806488.057468034;21102228.25721658;20061089.074603967;22476160.888329837;19830514.95096661;17052599.831723947;73040758.6271745;54539810.44252372;77451669.8375523;62497038.88753311;65406793.16974647;60332470.999395505;74334885.42682238;75391469.97889547;71671814.76177652;80300089.08058566;70848047.62646599;60923450.95527411
MRS;COSECHA;20618610.4765184;14941469.4126272;16908893.9656064;10195620.9645888;11105984.492435198;11161046.168992;14395192.2838528;13844047.8561792;13652606.643027201;15160103.110848;13340552.7025728;11588773.225952;5178447.23788948;2373396.7143978607;5677490.618751268;1619536.380949975;2789312.829028512;3232413.1275045048;3615410.641085689;3476988.493656554;2693766.327105348;3107823.472379719;3350533.653721866;2821422.685457769;10027316.333590344;6730288.46357464;8779327.687939826;4592551.660210921;5401102.068852944;5594737.628548192;7000721.3569235895;6732686.829181157;6353835.173490521;7100743.062900615;6487825.266691736;5601243.150764978;35824374.04799822;24045154.5905997;31365712.272297494;16407709.005749697;19296399.390316654;19988196.925044697;25011324.281862076;24053723.17901691;22700208.14362307;25368669.646128334;23178911.622986402;20011439.062174745
DON FUAD;COSECHA;42773846.3521408;35838829.4910272;49972248.884128;55668492.5534464;40973511.97576961;36738725.110752;46719099.1210368;53443302.3460672;56300531.5700544;62207089.6163968;49119941.6251008;42022972.517056;10742824.14658404;5692864.4574933285;16779156.27211548;8842732.509974722;10290662.901808871;10640108.063140409;11733690.302532446;13422501.081383048;11108536.274939243;12752462.951253144;12336671.587228466;10230985.252561128;20801929.822854344;16143369.43778993;25946271.18423184;25075513.18215179;19926384.774914753;18416152.45469198;22720599.248941366;25990737.792249907;26201904.67134903;29136778.08304553;23888185.555632383;20311113.385050178;74318600.32157919;57675063.38631046;92697676.3404753;89586738.24557291;71190559.65249322;65794985.62858439;81173388.67251062;92856541.21970014;93610972.51634267;104096330.65069549;85344798.76796165;72565071.1546673
EUFEMIA;COSECHA;71409355.39713293;56995485.69775294;72119257.15185803;68315514.2906528;77283745.76469189;76669342.30367015;86013659.7396222;83092727.43907227;83207969.99143015;90638261.44958416;80950004.0106426;78015131.47274813;17934747.816148322;9053520.423917374;24215445.832461935;10851664.764832921;19410124.666000277;22204637.879560184;21602677.79473683;20869073.85857095;16417584.8297939;18580857.555457015;20330920.22148908;18993698.250411656;34728052.91900242;25673248.67949325;37445299.050005175;30772282.4988673;37584907.43641005;38432316.09722163;41830470.399605356;40409952.16439392;38724453.159009784;42453471.5572595;39367895.249029584;37707332.113392204;124072156.13228369;91722254.80116355;133780002.03432514;109939461.55435301;134278777.8671022;137306296.28045195;149446807.9339644;144371753.46203712;138350007.98023385;151672590.56230065;140648819.4811613;134716161.836552
OLGA;COSECHA;14283038.221127376;11370071.5810809;14432812.343504025;13669176.011349883;12825612.029296389;13086715.80470533;15704666.920472134;15189032.523652766;14894745.983999157;17676918.31757479;14226452.526631592;11947642.18510438;3587242.695578401;1806093.4830278468;4846097.967679989;2171297.650714759;3221204.2253279383;3790117.1021560803;3944290.481112268;3814786.8212506576;2938850.1574515486;3623770.9773482527;3573030.970025922;2908793.540225355;6946178.192323536;5121575.360419069;7493712.437957225;6157192.112444526;6237397.4781724755;6560024.9508970305;7637549.741995857;7386784.579363961;6931918.820181889;8279577.928936587;6918659.235150776;5774696.566435668;24816459.10902931;18297740.424527816;26772622.74914124;21997665.774509165;22284213.732796803;23436857.85775844;27286507.143580258;26390603.924267385;24765514.961632594;29580267.22385963;24718142.73180829;20631132.291765403
DON SAID;COSECHA;151145669.02412802;148596334.17756802;151529168.049824;148056862.2112;118875753.17664;102863539.08864;130190990.02371201;137711896.807488;148780027.773728;169307382.63888;135464229.365792;108675498.5024;37960844.79932994;23603973.716972865;50878870.718567856;23518280.606266797;29856125.192852963;29790886.002734084;32697992.595291007;34586898.68841613;29355465.915174283;34708039.51430733;34022387.93884838;26458324.004602723;73505701.92317809;66934259.67860803;78676004.66927391;66691258.01314934;57812081.1222219;51562775.03301711;63314947.54400647;66972541.80925794;69241266.39687632;79300794.5909439;65879448.14631372;52526516.808471955;262612215.74663603;239134567.5731489;281084043.43766576;238266400.83061615;206543959.49171486;184217200.1243912;226203930.16300946;239271337.30516207;247376760.0857786;283316216.7441312;235366065.4509541;187660339.31547466
ASUNTINA;COSECHA;64801960.75743392;77091264.97105262;71423641.61713107;52335980.62862746;43947191.03048295;39516019.93202688;53855323.846207485;65354353.71883315;77105800.03031655;79268028.62535477;58014559.647074305;46507484.035584;16275273.984943148;12245660.044415897;23981879.362608664;8313375.414321688;11037514.398168793;11444455.980290005;13525981.944062054;16414009.706656557;15213578.855453692;16249958.075474136;14570590.802125448;11322792.14919079;31514721.144361965;34725262.753512606;37084126.00482483;23574404.693894334;21372555.000116933;19808336.987117574;26191113.56067777;31783362.863487847;35884542.57289889;37127841.43061219;28213847.979603942;22478628.35302196;112591955.88673903;124062187.76898111;132489646.98456457;84223760.73684348;76357260.42876868;70768812.89943446;93572419.3509473;113551726.28897756;128203921.45866913;132645828.1314411;100798998.42880368;80308904.53779675
PORLAMAR;COSECHA;145074889.704976;123380869.831952;134784115.991312;118501158.52416;115737723.11936;108542203.59424;149539983.927552;185466371.253248;185865840.5632;176919097.74054402;124486789.902336;100960969.13408;42239139.659858614;24533826.00220092;50647757.85223558;23563513.60021024;33697505.20365217;35777203.99720639;43539169.86388189;53999282.532657534;44107421.153837375;43345206.191974334;36244831.30874918;28618570.165535167;72808963.21411121;57494442.27073524;72077369.36298694;55220538.05474271;58085473.249154836;56096953.73079521;75049867.07873036;93080299.62658148;89390606.82941243;85616734.93856987;62476381.1647488;50367566.92576042;260122992.57894585;205409138.10488817;257509243.2065345;197285210.17911294;207520701.572167;200416361.3222416;268129020.87016425;332545953.41248703;319363868.54644984;305881038.8710882;223208002.375834;179947106.2253756
EL MORRO;COSECHA;12175891.433184;17387317.776576;14658165.747680001;11069597.43712;13378089.70624;14794070.19472;18215170.529888;14911163.403552;9975061.511104;11756110.383328;11425773.966208;11891314.44368;3058024.275341986;2761910.608888427;4921764.764143153;1758364.2854272665;3359961.2236922304;4284593.57506223;4574813.595009631;3744998.870257582;1968157.8406230665;2410004.439023239;2869629.246036867;2895079.8913018047;5921423.035904051;7832005.073430022;7610718.989945659;4986228.721554122;6506080.396464659;7415876.607314353;8858466.82934771;7251650.275829784;4642329.362016311;5506368.831447926;5556623.22859958;5747471.478007427;21155338.74443004;27981233.458894446;27190649.501768813;17814190.44410139;23244131.32639689;26494540.377096586;31648450.954245336;25907812.549639367;16585548.71374338;19672483.653799165;19852026.440844446;20533865.81298923
LA PERLA;COSECHA;19866316.234328;16411233.169112;15871126.2542;15558576.184672;12761352.213088;13542215.79104;18618002.304799996;18580525.144160002;16852193.114176;17031198.910944004;14257520.57824;11988220.81808;4989505.5027038;2606863.207836187;5329039.888742713;2471421.8245631307;3205065.113134584;3922037.0058203875;4675986.421107822;4666573.880955267;3325069.82262094;3491398.3995481525;3580833.83657803;2918672.8840860054;9661457.90918426;7392334.06171976;8240504.579761832;7008260.226189695;6206146.414702718;6788355.062139632;9054373.41776037;9036147.391062304;7842902.10353297;7977133.5745883;6933768.361039767;5794309.582031926;34517279.646216065;26410430.43866795;29440670.722704545;25038258.235424828;22172563.740925305;24252607.85900002;32348362.14366819;32283246.41617757;28020165.04032991;28499730.885080453;24772122.7758578;20701203.28419793
ARACATACA;COSECHA;70693284.660044;55875882.354764;69383136.842572;70806789.414656;70516077.009664;70201029.70368001;91602621.7472;94672810.95296;98871082.720512;101037644.724736;84307314.627072;72644828.58752;20582635.1468687;11110710.900955403;26072065.599017806;14079666.107393406;20531040.424250484;23139354.807200424;26670473.029878654;27564371.00841931;23462883.078866024;24754238.517357606;24546414.917993847;20592028.205813248;35478950.028946966;26037688.79849813;37103437.18904596;32995365.261420604;35390014.54656256;36281407.45937922;45972751.939850464;47513592.62838814;47551212.50621823;48895305.01620178;42311444.6741671;36241166.235568635;126754869.83585967;93024282.05421753;132558639.63063575;117881820.78347;126437131.98047705;129621791.97025965;164245846.7169291;169750774.58976746;169885178.30559626;174687188.2582954;151165174.21923295;129478023.02890188
BOCATOMA;COSECHA;4217659.230668;36445009.957003996;34012044.583788;41677071.407744;47357551.889856;16202814.0528;22052764.686528;28333501.341312;39739248.836608;58841291.69248;50230791.934912;41179559.57728;1059282.1382549233;5789153.964672966;11420206.693695536;6620247.420997927;11894040.292216763;4692587.77840136;5538640.855979783;7116073.215881923;7840865.351173637;12062473.85851732;12615666.1259294;10025646.48588618;2051147.1101003403;16416419.516355837;17659516.07155785;18773167.828731988;23031093.88117168;8122042.691787969;10724779.334372776;13779249.630381277;18494390.384790722;27560293.66967266;24428418.248249054;19903463.596752692;7328088.479023264;58650583.438032806;63091767.34904138;67070486.657473914;82282686.06324443;29017444.52298933;38316184.876880564;49228824.187575206;66074504.57257236;98464059.22066997;87274876.30909045;71108669.65991887
JOYA;COSECHA;41648976.383912005;31323291.840584002;35291123.928584;41659148.28288;45924095.18688;46319111.47152;60664773.330048;60190396.839552;55351447.426272005;53159847.365856;43038148.108512;35915201.71344;10460308.514088187;4975588.135644788;11849682.506571826;6617400.39943069;11534021.855833087;13414737.445567595;15236202.664866718;15117061.094695132;10921274.532551289;10897776.896616973;10809204.599418556;8743976.855131453;20254879.039852675;14109374.64676013;18323631.46134507;18765094.472814165;22333970.094502576;23218547.074071947;29502709.369223353;29272008.89904186;25760207.025394615;24899198.55082324;20930465.99757261;17359022.709603723;72364163.93785287;50408254.622988924;65464437.8965009;67041643.15512486;79792087.13721566;82952395.99115954;105403685.36413808;104579466.833289;92032928.98421791;88956822.81329621;74777818.70550317;62018201.278175175
ESMERALDA;COSECHA;0.0;0.0;0.0;0.0;0.0;0.0;0.0;0.0;0.0;0.0;0.0;0.0;0.0;0.0;0.0;0.0;0.0;0.0;0.0;0.0;0.0;0.0;0.0;0.0;0.0;0.0;0.0;0.0;0.0;0.0;0.0;0.0;0.0;0.0;0.0;0.0;0.0;0.0;0.0;0.0;0.0;0.0;0.0;0.0;0.0;0.0;0.0;0.0
NARANJOS;COSECHA;15167506.043884;12465244.183852;14978988.092524;20124526.74576;20024101.11168;16391923.285920002;18959121.137280002;17691802.27584;20632705.730592;27159666.280224003;22608367.293504;18944674.95408;3809380.35897586;1980057.568174573;5029487.117647916;3196706.049328268;5029133.81147052;4747356.763173386;4761659.792640783;4443367.545691201;4070994.60105873;5567735.770034527;5678182.693133927;4612303.1870505875;7376315.744791627;5614888.7910127295;7777294.314193823;9064963.18745081;9738192.414628606;8216838.155082599;9220267.54746021;8603940.509629177;9602328.318912638;12721141.176935488;10994981.979806162;9156597.403457459;26353202.14765149;20060190.543039303;27785769.524365738;32386195.98253908;34791427.33777913;29356118.204175986;32941048.477380995;30739110.331160374;34306028.65056337;45448543.22719402;39281531.96644409;32713575.54458805
YUNQUE;COSECHA;14282771.2996386;10490479.234614601;16182188.5993506;19748284.837056;13976964.696384;13210254.611520002;17077646.102784;17943330.564096;18653823.060768;19427519.270400003;15652217.166912;13006953.07344;3587175.6571692;1666373.5179119427;5433485.132176822;3136941.4247604734;3510371.0945263566;3825895.8683091504;4289119.744093874;4506539.890454868;3680545.5358623234;3982644.442269968;3931117.513818435;3166695.193232895;6946048.382111192;4725368.664907067;8402012.379444709;8895487.447968064;6797327.421926855;6621951.6915095905;8305261.884681429;8726264.645683922;8681369.073510207;9099530.635114817;7612042.19039992;6286697.081255755;24815995.33891899;16882221.417433612;30017686.11097213;31780713.709784538;24284663.21283721;23658102.171338744;29672027.731559303;31176135.100234788;31015737.67014053;32509694.347784787;27195376.871130355;22460345.34792865
DONAMA;COSECHA;24773127.024048;19613832.69432;18631829.428272;11263774.044288;12497908.645632;13763382.31872;12766730.44176;0.0;0.0;0.0;0.0;0.0;6221870.836430325;3115584.2031244477;6255999.771738734;1789208.5155855117;3138900.197909771;3986090.2833190137;3206415.876972087;0.0;0.0;0.0;0.0;0.0;12047755.668367926;8834924.348036656;9673899.210044174;5073694.321022834;6078027.597484686;6899220.000412565;6208761.974091162;0.0;0.0;0.0;0.0;0.0;43042753.52884625;31564341.245481104;34561728.41005491;18126676.880896345;21714836.44102646;24648692.602451578;22181908.29282325;0.0;0.0;0.0;0.0;0.0
BURDEOS;COSECHA;0.0;0.0;0.0;0.0;0.0;0.0;0.0;0.0;0.0;0.0;0.0;0.0;0.0;0.0;0.0;0.0;0.0;0.0;0.0;0.0;0.0;0.0;0.0;0.0;0.0;0.0;0.0;0.0;0.0;0.0;0.0;0.0;0.0;0.0;0.0;0.0;0.0;0.0;0.0;0.0;0.0;0.0;0.0;0.0;0.0;0.0;0.0;0.0
DON MARCE SUR 2;COSECHA;20618097.606190402;16429663.993204799;21473870.441300802;14369646.029011201;12840619.3615808;11776305.996672;13568920.576736;14991861.616832;16946957.9101248;18549959.467264;16476463.9439552;14522555.587744;5178318.428436658;2609790.8755332157;7210270.4190322915;2282564.7016680334;3224973.377400762;3410601.9741149833;3407889.1670106943;3765266.5522208423;3343767.659817639;3802744.547482878;4138130.4185328265;3535686.391232876;10027066.912659537;7400636.107478466;11149525.552411472;6472714.311015017;6244695.897642133;5903151.1282449;6598885.947394339;7290895.71931084;7887005.029036625;8688496.050532112;8012892.828699096;7019238.657228312;35823482.94728659;26440090.97621648;39833666.41274457;23124925.04169425;22310288.63662369;21090059.099031884;23575695.691141035;26048023.888363685;28177730.598979063;31041200.065278992;28627487.191187125;25077480.63620519
LAS MARGARITAS;COSECHA;22431403.364864;19757033.155584;30032169.432832;32353156.295936;29671840.786944002;23785349.1968;28228675.928832;31694916.135168;34603940.041728005;37351880.94310401;26390239.081728;22360149.3824;5633737.488229575;3138331.062544915;10083886.063894741;5139178.265042762;7452202.569190403;6888608.273982148;7089745.890462207;7960306.108028965;6827628.665122863;7657141.345525986;6628015.056380922;5443840.472816341;10908920.249597471;8899428.07158671;15593110.771577684;14573270.443852443;14430115.652529443;11922967.26889302;13728270.561159655;15413984.885930661;16104450.756352931;17495006.963590477;12834195.383482937;10807410.85672259;38974061.10269105;31794792.289715625;55709166.26830443;52065605.00483121;51554159.00866384;42596924.739675164;49046692.38045386;55069207.12912763;57536019.46320379;62504029.25222047;45852449.52159186;38611400.71193893
LA CECILIA;COSECHA;11684961.992608;11058482.36;13113432.326432;11895366.812576;11705962.084224;12303104.64576;17023230.612224;21009529.564735997;20551647.916768;18857389.866848;13549735.901504;10716234.49488;2934725.3649501014;1756598.6968637619;4403090.418828424;1889534.6722502203;2939999.6227158303;3563171.0830569887;4275453.074018809;5276628.14464477;4055001.258897994;3865767.826741879;3403070.858396828;2608992.903479285;5682672.475882834;4981222.006802944;6808672.391082726;5358191.207151951;5692885.315487512;6167221.375791163;8278798.348842581;10217429.501636304;9564604.534581373;8832491.395498386;6589555.987573452;5179515.889742253;20302359.833440937;17796303.063666705;24325195.13634315;19143092.69197817;20338847.022427343;22033497.104608152;29577482.03508539;36503587.21101707;34171253.71024737;31555649.08908826;23542362.74747428;18504743.28810154
JOSEFINA;COSECHA;21047735.386368003;17269337.923584;24433217.539327998;20907542.472448;20530352.047872;18840462.690560002;22190342.527232;23227083.624448;24821513.861376;26286747.124992;20472036.527872;17714363.87328;5286223.690946344;2743169.9490695396;8203928.8700731285;3321085.178430028;5156280.777323918;5456491.981766;5573194.085936757;5833575.796789624;4897479.285518158;5388787.208782418;5141634.5991144795;4312769.532723338;10236009.893352086;7778861.810100431;12686058.809334219;9417667.56789629;9984394.179153653;9444226.281133115;10791686.681538695;11295878.317035066;11551772.636197759;12312280.195538115;9956033.967059646;8561946.754913498;36569968.97066643;27791369.682753973;45323205.218735345;33646295.21877432;35671027.004349574;33741180.953459114;38555223.294707455;40356537.73827269;41270765.78309192;43987814.529312536;35569705.09404612;30589080.160916835
SAN ALFREDO;COSECHA;10985350.209472;10151436.658272;15273264.156576;16328543.743264;12620402.828896;9803242.1768;11916419.960672;11655363.497248;11609732.042655999;14065543.212256;11065607.852128;9700941.7688;2759015.0419823383;1612517.8686106454;5128296.040122482;2593728.3008064115;3169665.106423048;2839171.904192207;2992856.9677937343;2927291.5833809106;2290691.152315243;2883438.5246061347;2779172.072855239;2361807.988053774;5342434.773240302;4572649.1245992845;7930086.4484567;7355087.143530169;6137599.406458515;4914106.353281671;5795235.942094631;5668278.029840457;5403094.495885322;6588069.201118312;5381465.956840985;4688790.830489062;19086800.02469464;16336603.65148193;28331646.645155184;26277359.18760058;21927667.341777563;17556520.434273876;20704512.870560367;20250933.110469367;19303517.69085656;23537050.937980447;19226245.881824225;16751540.587342836
VICTORIA;COSECHA;56991549.059328;45337886.091008;56834653.519104;51703862.740992;49226056.947968;44704217.32224;56639124.346368;58898744.933632;57790366.028544;60310998.136832014;48015480.649983995;42016910.15552;14313657.564142233;7201754.185917274;19083342.342262987;8212965.844406282;12363322.878848007;12947038.901127802;14225144.675096188;14792657.505416231;11402492.293901395;12363763.905944275;12059281.755723385;10229509.299582187;27716333.81454288;20422158.175640855;29509324.99131335;23289671.271144312;23939791.938683383;22409043.294023063;27544941.368643127;28643848.128058046;26895264.029934525;28248680.00602714;23351060.147098456;20308183.24219822;99021540.43801312;72961798.45256613;105427320.85268033;83206499.8565426;85529171.76549938;80060299.51739086;98409210.3901073;102335250.56710628;96088122.35237992;100923442.04880342;83425822.55280584;72554602.69730042
CIRCASIA;COSECHA;38143515.7417545;31219483.7118025;40636019.4995785;21658133.816320002;19530655.86048;25198710.75456;43644006.842624;46370089.590016;41658993.83296;37986659.702784;27826297.922816;21927961.66656;9579897.925771179;4959098.60138455;13644335.33982343;3440313.8151995647;4905203.0450866055;7297939.835203191;10961368.465736635;11646035.150214106;8219646.089754659;7787271.089016315;6988687.030253656;5338619.307290687;18550090.892567232;14062614.945135808;21098773.92607553;9755766.594371654;9498218.35659374;12631448.084240953;21225109.38235978;22550867.686527442;19387827.337959185;17792326.898772784;13532584.651258176;10598520.024535762;66273504.56009291;50241197.25832286;75379128.76547746;34854214.22589122;33934077.262160346;45128098.674004145;75830484.69072041;80566992.42675754;69266467.26067384;63566257.6905731;48347569.60432783;37865100.99838645
CIENAGA;COSECHA;0.0;0.0;0.0;0.0;0.0;0.0;0.0;0.0;0.0;0.0;0.0;0.0;0.0;0.0;0.0;0.0;0.0;0.0;0.0;0.0;0.0;0.0;0.0;0.0;0.0;0.0;0.0;0.0;0.0;0.0;0.0;0.0;0.0;0.0;0.0;0.0;25552537.707201444;19724023.60327383;24359572.987039164;20970662.754818123;22132803.20505886;22364689.14648665;25794038.685015075;25920005.537398215;23427618.725305613;24312355.04413512;21253157.35883551;18363328.165025655
CIENAGA;COSECHA;14706686.039104;12256352.698911998;13131965.029504001;13031004.435136;12738468.156544;12488036.26736;14845681.198784001;14918181.040896;14090093.844768;14528858.40992;12232190.641792;10634339.94512;3693643.554905824;1946875.9345393095;4409313.134994568;2069926.4749368196;3199317.6899735057;3616730.1663453723;3728552.7502439204;3746761.378199712;2780085.9819084695;2978418.211477795;3072164.048807491;2589054.7153723002;7152208.113191618;5520794.969822523;6818294.822540593;5869731.844745304;6195017.358541355;6259922.7127812775;7219804.735987153;7255063.118302503;6557438.898629144;6805078.422737323;5948802.668236022;5139933.504533356;12596208.961297577;7245371.32044012;9400978.683562215;13506196.494307231;25301642.385440312;22896678.24423528;22703175.475836016;19698953.22829296;17566099.876875225;21931549.236471582;22111369.52447447;21921804.965059716
MARIA;COSECHA;6400.361863;6400.361863;6400.361863;0.0;0.0;0.0;0.0;0.0;0.0;0.0;0.0;0.0;1607.4767137529293;1016.6736213885248;2149.0462065531506;0.0;0.0;0.0;0.0;0.0;0.0;0.0;0.0;0.0;3112.6468547838635;2883.0016927818197;3323.1549166353093;0.0;0.0;0.0;0.0;0.0;0.0;0.0;0.0;0.0;115677550.79427044;81854408.6717608;148409721.39050627;130436984.29064687;134008222.63465305;118174588.5508248;135427233.50516644;151537334.77499893;156155190.29240164;166885166.80329376;145425642.68041858;106487878.60357378
MARIA;COSECHA;7243309.729536;4495816.230656001;5061558.891008;8392643.974912;14562283.993088;12785089.3184;13066744.197376;11337673.140224;10564795.280896;13106108.93056;12726132.066304;12695080.33152;1819186.472571035;714143.6478367979;1699517.0221309273;1333140.207638033;3657376.3982422478;3702761.3651423645;3281765.5425505633;2847502.368016052;2084516.9369157832;2686754.349105575;3196219.4311212697;3090766.11844019;3522592.2737590047;2025111.4047701508;2628030.207437101;3780412.311757198;7081981.994110067;6408827.560692917;6354665.735909455;5513777.720052908;4916787.65906344;6138685.956806009;6189018.0270492025;6135958.515099525;81789047.21240193;85011417.04765952;89701775.42205466;33386271.527770177;29653480.830492496;33388391.788277026;48114292.58452721;58102670.84751428;73279871.3583302;99355435.3661507;77162821.20299856;60487317.117103785
REMANSO;COSECHA;66577865.603712;50863683.94304;80005970.235008;81052513.250048;77128028.516352;65986544.1472;77944735.944704;87216856.16025601;93916556.83686401;99729168.762112;83699290.201344;61667922.6624;16721299.654637847;8079506.574538165;26863563.422733963;12874889.56600073;19371015.6506049;19110732.839063995;19576135.017466683;21904865.431879763;18530472.969718874;20444494.95452495;21021414.5444028;15013778.64355073;32378385.535920586;22911218.154182635;41540187.7327643;36509581.47459814;37509178.467696145;33077311.564560812;37906362.54299574;42415613.182863176;43708160.485818766;46711503.08665679;40704937.93467178;29806177.29762305;259151612.2357269;166934540.12945205;187494817.22542897;98667110.23849393;108735526.4777031;120578210.8601417;131237812.64879511;148180012.00737903;152011968.96472377;161115791.47986624;126535052.06482914;105698349.15920043
PIEDECUESTA;COSECHA;47073439.537524;52825424.047732;48357193.229684;20745965.801728003;17066971.489792;18643471.62752;27692036.037376;33440817.032704;44072779.076608;59373970.562304005;44410829.105408;35028655.30752;11822684.328251127;8391121.67680138;16236869.866776483;3295419.3266439843;4286438.771958195;5399440.296061068;6954966.61584443;8398796.164901154;8695904.84240272;12171673.108863788;11153958.97192949;8528136.740513258;22892923.346626792;23794871.323126126;25107712.325594187;9344886.39939819;8300070.5687423;9345479.86469596;13467289.931306781;16263057.649909124;20511187.43931947;27809791.69498292;21598033.125661083;16930525.069070525;127855976.04176734;118771314.8195959;145257005.19498518;134837284.25747347;135686211.1860753;128048211.25105157;113504453.11314762;104144666.42561188;107949891.57753205;114039060.35807955;94084750.59295683;79910940.18413047
NAUTICA;COSECHA;20594412.98;20594412.98;20594412.98;0.0;0.0;0.0;0.0;0.0;0.0;0.0;0.0;0.0;5996146.458177787;4095122.2451014104;7738751.959371916;0.0;0.0;0.0;0.0;0.0;0.0;0.0;0.0;0.0;10335750.453619706;9596822.341996918;11013101.211933864;0.0;0.0;0.0;0.0;0.0;0.0;0.0;0.0;0.0;71861256.49229456;57250138.03684701;68561539.87098083;68998833.27515061;63053335.7981663;71272724.47851856;75799518.7608615;77775338.92754242;69647240.01045509;80664623.03295124;53749924.214603364;53604721.19589907
NAUTICA;COSECHA;123938721.86218241;79676339.1208704;77543125.2225152;59265298.50300161;60643599.223462395;65303174.979648;73193495.9166208;82642440.3522432;88469094.8787968;93188059.53311999;70570688.6581632;59303025.154624;36085259.08685584;15843343.000792835;29138340.230155047;11784683.66628905;17656628.67147754;21524945.464034364;21310581.745073665;24061680.05344487;20994409.81244233;22831088.93657557;20546940.82612364;16810137.630139038;62201321.39489116;37128500.440690495;41467085.62145293;27617128.069203276;30435298.58276315;33750090.41645934;36733734.98710064;41475891.601690955;42548464.27348465;45096643.01017067;35417422.580542296;29585186.37443739;821881.3118966399;5549363.166120459;10450672.526600448;9128200.060508912;2948881.300223677;2710494.4563474436;2319692.6248960593;6975630.105728532;9467622.414683878;11789810.780677427;6776366.868524837;5241283.591739051
LAS LINAS;COSECHA;73587121.53820801;73803558.25070399;78306377.272128;83786824.94319999;78093789.76816;71499795.75392;65327145.785008;59940148.775791995;64924400.58438401;68148781.06769599;54150194.54792;46277019.91792;18481702.57194347;11723420.088459173;26292891.96887812;13309224.78494393;19613570.48680889;20707456.533148177;16407176.32426515;15054210.283480622;12810093.242599547;13970510.613789963;13600039.910895305;11266682.958245102;35787151.931615874;33244336.480432723;40657735.953979075;37741234.529329546;37978850.9311064;35840958.963983394;31770131.003874473;29150307.366339266;30215397.750548504;31919768.676593594;26334516.134141512;22367237.307965375;34026948.87511625;12212509.3716365;12049918.946294218;23035719.32183077;29994307.75475443;31316054.107387915;43919939.33063909;41533028.70861166;25750512.587670084;23247790.424397115;24125426.688794196;26890337.67425888
DON ALI;COSECHA;4261989.811;4261989.811;4261989.811;0.0;0.0;0.0;0.0;0.0;0.0;0.0;0.0;0.0;1070415.9424235271;677001.1927793346;1431046.1239147172;0.0;0.0;0.0;0.0;0.0;0.0;0.0;0.0;0.0;2072706.1163557249;1919785.803169027;2212883.0679013506;0.0;0.0;0.0;0.0;0.0;0.0;0.0;0.0;0.0;194955249.51486883;190504394.29492548;196158497.92671388;118113911.59427583;126976152.8458477;159008275.5156788;226818450.10528773;263498209.02326462;220737784.2620361;172027178.0942416;127992137.71270473;124722854.95537253
DON ALI;COSECHA;37097539.7088352;31312794.41936;32698746.0949088;42875330.7866304;36290157.3193056;39797395.006544;43626184.4950528;44763361.8350912;41888002.3310432;48204498.6842208;30935606.831216;31042892.809936;9317196.823544227;4973920.659417741;10979241.136433288;6810586.456223067;9114419.477818543;11525946.592446826;10956892.311213134;11242498.989811523;8264831.261853099;9881929.65375806;7769602.51176907;7557756.139368437;18041408.090135884;14104646.151120909;16977633.63682267;19312916.03229714;17648759.001042154;19949382.879527733;21216441.95459557;21769478.10263969;19494406.41755879;22578194.69497238;15044714.871618297;15004072.246594634;84787726.6762179;67446830.06187911;92542255.60918663;69108383.49062976;57449584.040227994;66560805.15761111;98614451.72632475;110149903.66428597;100634798.4029124;87050581.96545066;69559497.10367487;61709726.22117155
DR4 DON ALI;COSECHA;115633.0336;115633.0336;115633.0336;0.0;0.0;0.0;0.0;0.0;0.0;0.0;0.0;0.0;29041.70308356361;18367.87630741074;38826.04414085969;0.0;0.0;0.0;0.0;0.0;0.0;0.0;0.0;0.0;56235.07014890118;52086.15368101055;60038.24351787216;0.0;0.0;0.0;0.0;0.0;0.0;0.0;0.0;0.0;55958135.38909491;54357750.61753299;72763975.39441183;42889902.25947967;39252754.974361256;52425872.56551393;76439803.61889479;67972827.31348741;58812032.911368005;48193854.22376416;38067949.33223654;28922813.975080386
DR4 DON ALI;COSECHA;357398.2775744;3332697.4686527997;5518204.0713088;5672191.5212704;1697219.7417696;1513490.88072;1335092.096624;4014802.876544;5694120.6818272;7045491.528947201;3900117.5211296;3035266.317872;89762.01987225885;529386.5685993342;1852844.539148259;901006.4772238119;426263.58812431287;438330.5755682148;335313.7684988196;1008333.9461884355;1123494.652430652;1444326.8484398713;979530.2563060145;738971.1644777164;173811.20761751628;1501192.0652799043;2865126.5948846587;2555002.0620147004;825397.970329764;758673.0000592291;649286.75977324;1952493.2829960973;2650007.0804260266;3299992.403290354;1896719.091089223;1467046.1093893347;53424172.85645259;46558789.56320421;68136600.28506747;48701230.659110576;38102903.231086716;43606021.56454837;52767073.3797986;64661259.8695378;58094295.34958855;50095998.59701135;38331379.211206615;36001500.98460641
DON CARLOS;COSECHA;19584107.837318398;7588757.0005088;6495972.4168928005;14314214.298275199;17263133.3984928;17486315.901024;25277988.6676448;23904209.4554272;15487153.993984;13892683.5679392;13885316.5950528;15572394.58432;4918627.724801748;1205445.7586447252;2181149.312994301;2273759.5778901116;4335705.627037863;5064309.941409871;6348668.875841254;6003638.682119904;3055736.902300356;2848002.2709008055;3487353.3039852884;3791282.0011620214;9524213.3129961;3418306.612482975;3372797.216407116;6447745.445665456;8395468.729223767;8765428.264954045;12293281.78715303;11625180.57106456;7207621.691385728;6507104.58555711;6752756.789756105;7526661.088776861;27453023.14837239;27169209.06715466;32689566.104763947;27011884.315482777;25850405.003150173;22653775.914337113;37824679.94960603;38697148.46786324;33613456.57853815;26830117.50122339;24195232.46653522;18933026.331036236
EVA NORTE;COSECHA;108729762.9493168;114428199.6982768;102672235.7924464;70946196.8742336;70816697.8498944;86116265.659776;126500396.2388736;146957303.6682144;128466673.4613856;99499116.5441664;71383329.392304;69976898.065216;31657109.31601685;22753620.921673864;38581093.16752615;14107386.761019403;20618567.395189278;28385264.919671524;36831100.92054727;42787212.08267823;30486148.79110674;24377298.876184717;20783544.455686737;19835772.025784597;54568377.24953519;53322573.67497482;54905168.96674132;33060327.95902284;35540887.60076403;44506744.936231256;63486952.94586688;73753693.27237198;61784962.00954377;48150762.67389048;35825263.864714;34910184.86437193;0.0;0.0;4155132.217448659;17167972.12158194;26308654.228891;22354896.371814635;27441152.280972783;25244545.400697473;34209022.816838525;54312635.96187142;78089340.9603289;94003202.04484232
DON PEDRO;COSECHA;48799320.4622128;41910928.2309296;49888463.3592656;42943404.42648;33064934.88976;37166344.82816;56757250.3786464;63396444.9633376;60524877.503436804;52020693.90568;40034758.8432832;35736561.513183996;12256146.28814213;6657394.705542723;16751023.64958198;6821399.700134646;8304391.84764044;10763953.405879835;14254812.504859572;15922273.02059411;11942032.846467707;10664250.26185126;10054891.263777269;8700484.804358702;23732259.92586296;18878507.12540679;25902768.600339055;19343579.364015114;16080257.302827552;18630506.92357128;27602388.84281877;30831185.680354252;28167888.05300788;24365637.7979194;19469846.996614404;17272679.90362885;79518737.8298192;58399235.254482456;82233071.57771379;69822858.34159915;78915548.80745459;85333224.53686813;98381664.93613423;90925098.91503929;75291608.0391505;84361352.9106888;89994047.40483359;89887197.73865956
LA VELA;COSECHA;32206536.1151648;33777477.50096;39226220.4594272;26651446.9809696;22591804.7824704;29273655.164976;43994698.5147008;39121555.8291872;35371373.9599008;28800240.987526402;21909893.4672128;16749416.729712;8088801.530903401;5365426.378591373;13170967.842158332;4233482.996332676;5674022.951641544;8478107.321892245;11049446.094570313;9825536.641099693;6979049.393860274;5904053.837680024;5502758.172620529;4077841.8395112916;15662797.74302671;15214846.737981617;20366787.092826296;12004972.282177394;10986927.240249312;14674110.078645684;21395659.00962368;19025734.843200516;16461609.55760693;13489559.398557737;10655297.692403214;8095555.405857094;65039081.6212923;47436206.41039344;65012291.71049084;60669662.26502085;54126308.848197386;52216809.745776325;65320461.7985346;69438783.94679971;67177632.55436215;71348053.8628968;61790821.762479596;52770784.95736122
ESPERANZA;COSECHA;30748121.619139202;28931264.614099205;36731655.8729856;30262560.6131424;21930011.0783136;24348810.538192;30369929.9964384;37215593.1708576;34939704.4112384;29936946.4290176;22061509.73984;20848737.035264;7722514.844065665;4595623.528195177;12333369.1756696;4807094.934571705;5507810.791843174;7051795.470700042;7627530.491642971;9346846.426994925;6893877.607619921;6137078.628238358;5540837.211414128;5075869.420130548;14953536.39324773;13031901.420909826;19071575.236412276;13631575.111396471;10665081.360929938;12205415.555656334;14769612.891717229;18098820.271685276;16260713.330730228;14021973.539755391;10729032.25995248;10076894.52921186;81320351.68071173;56001040.455667295;90863798.42322254;68074959.14021106;65723232.55569409;68600793.15661994;108292552.93961976;100592589.1609328;87684077.63085152;84210315.39399104;73454939.18041152;69036416.32572962
LINA MARGARITA;COSECHA;15800504.7050016;16882732.2241824;17622568.307984002;16784971.864352;14878122.663248;12649457.068592;21769880.507472;22272027.132752;20216171.4851136;16033452.028368;13925493.0999744;10964256.39104;3968360.5274981414;2681759.0749856425;5917120.685149109;2666230.206277205;3736700.5549778044;3663480.1491923416;5467593.352689322;5593709.504292172;3988809.128797357;3286860.1349670524;3497443.7953487225;2669376.7414121036;7684157.915872649;7604717.767986618;9149877.111630838;7560682.244853571;7235581.78492437;6340838.696552773;10587206.089444704;10831411.83081907;9408475.96462719;7509805.337888335;6772295.571212098;5299393.198584133;37964591.24905248;28872477.002808873;45739506.88120287;38887995.09129274;36625658.32697813;33655787.90244012;39973225.28797111;42711285.77336643;43815625.278594166;48778087.18111129;38386498.25800754;31100994.731950626
DON MARCE;COSECHA;0.0;0.0;2239983.88648;10668042.4683872;15141866.6235488;12482568.159824;15793672.4630592;14529421.9956608;20574363.4245856;32456773.3700448;44944084.758377604;54437953.59376;0.0;0.0;752118.2359716881;1694578.7756409848;3802940.915077974;3615146.5170785966;3966644.5823593796;3649122.9749573846;4059483.2066799877;6653643.539202283;11287888.28139262;13253557.924092898;0.0;0.0;1163030.094996971;4805350.877553755;7363846.690264227;6257181.694912039;7680835.2355542015;7066000.430079289;9575176.185572935;15202219.052624341;21857367.920558684;26311690.52698942;42205985.65040835;38259549.49507562;54040349.68207192;47660847.7881655;72207239.48025337;72259528.62334694;88687659.44617163;87568735.77619751;82603125.19434124;93619279.04408315;82533578.57529537;72254181.75954258
ENANO;EMPAQUE;45766769.81712805;36288824.178189956;44330901.07128735;43387373.46363579;45419606.19385901;47648522.894609034;56623270.64338051;52331666.550719745;45282699.68168864;50413633.29400539;51795802.661045484;52054344.881103516;11494508.954254692;5764344.435968939;14884963.8222921;6891922.526570273;11407317.409118291;13799755.737830024;14221162.953605333;13143309.264819464;8934631.663562674;10334802.588970631;13008724.886181114;12673240.442335349;22257459.058436472;16346066.640323563;23017206.68413433;19543562.351393096;22088625.204477277;23884945.904429063;27537231.339148395;25450123.09950009;21074276.693899184;23612917.027712777;25189519.85760698;25159612.41522069;46485103.37628082;32079626.70386558;53533848.190527655;60425610.02902096;56263740.72199204;50835477.421259806;61962563.78755269;65935540.58380637;61970967.20812315;71757354.13245048;67267728.27651864;63905894.459745996
EVA;EMPAQUE;37433047.34098614;29476484.52254292;35047377.13113123;37699649.615129516;31152233.872320037;29156918.283102106;37594994.85366562;39965282.74978147;40402704.09292129;42636995.49120537;35563521.17241622;30559954.130549073;9401460.919467738;4682229.678071642;11767839.76992071;5988448.797069558;7824009.267449087;8444298.49933926;9442134.690897351;10037442.062488794;7971770.274733459;8740590.641794408;8931921.876823787;7440179.056864491;18204573.36083842;13277492.20977888;18197074.809438888;16981563.85282178;15150065.70842826;14615592.963334959;18283332.253971625;19436059.13452945;18803158.1867074;19970467.729897015;17295378.71323959;14770651.769947654;61706274.14608596;44465419.6736064;66436188.540053256;56692560.61218704;60340613.77592825;57539109.562445596;72507525.26709108;73271224.66637938;68221560.79410696;75344369.74251089;66788085.48394829;57048928.8337951
SAMI;EMPAQUE;46803683.23732858;34798604.84535078;48983626.43616651;42301242.685998544;37826808.348636314;38305437.079777695;62327452.35347756;57895761.415253945;52735913.837290935;50323374.547343284;42276768.78619135;39979502.25596348;11754933.94472062;5527628.650485109;16447207.021904014;6719394.701638136;9500355.585758507;11093852.296343813;15653791.21217359;14540754.146734102;10405209.249661986;10316299.532005053;10617981.109690782;9733478.463939752;22761734.498662528;15674806.95983141;25432964.96515201;19054321.752574377;18396068.621299267;19201503.78049843;30311309.373968605;28156073.598944753;24542954.5438986;23570641.3146427;20560189.284529384;19323435.605826385;32403197.934236396;19871185.100477584;27788125.389375433;17868527.183594007;21340884.727086544;22368695.516872916;28145561.128426023;26844912.69861156;25147526.943108212;27890705.37077015;25569511.969614215;22070288.753912706
VEGA;EMPAQUE;21850406.03405021;17941129.485310234;24657640.967282034;24164693.43067158;21079787.22749551;18792780.761644248;23006469.29932458;24582351.756722815;26352071.001382895;29149373.677481625;22093233.341048017;18010817.40949692;5487817.663690465;2849881.5342108095;8279283.40889919;3838471.465485071;5294273.640206749;5442682.5511231795;5778167.618635461;6173956.8580726255;5199470.208809496;5975626.09288728;5548804.721893975;4384944.621143699;10626367.551311802;8081465.983287829;12802582.505021641;10884830.195136089;10251597.459275868;9420324.5896727;11188588.370011067;11954977.158570988;12264084.06840178;13653087.41074239;10744460.195065552;8705232.701310009;69630496.0550659;53214153.126659535;89842850.56805207;90066247.07580665;71982410.89733696;68197095.55695912;84722714.78503597;96197201.76427591;94857185.87899916;105443062.66957831;87442348.605566;74243198.02076757
FEDERICA;EMPAQUE;24291527.794382244;23774182.29388524;29132529.645930905;29616074.902889393;41558658.98545173;40348408.520243295;51043915.01006307;50399921.865249366;49680072.034047715;55946091.9027008;47501952.31875177;41842934.15563382;6100915.246165279;3776440.227232079;9781814.475961452;4704403.089596743;10437624.934943868;11685528.704029009;12819885.268018322;12658143.790542027;9802267.704082362;11468957.455751816;11930307.042734066;10187152.803063225;11813542.609860824;10708926.9739583;15126005.56017956;13340369.795679362;20210955.559857767;20225591.399074644;24823859.168090235;24510670.120406114;23120785.456211165;26204229.685630526;23101319.213809546;20224094.80084554;105358514.03769602;75872188.34403135;112604562.68230994;92685950.76080951;116234970.78308609;122486239.55195731;135708508.28319672;132384331.45084308;127274671.50824262;136489760.76618147;122929011.43376513;117344129.8642316
NEERLANDIA;EMPAQUE;26754361.10040786;19934027.01397861;28859480.5297625;37547997.480578415;32382426.34314506;28385607.39866047;35662366.77716248;37949001.59412945;37271254.661077596;42881589.88169911;38715738.20426098;37008378.87743266;6719465.770968836;3166445.877117795;9690132.91484588;5964359.4208552735;8132977.071553604;8220914.831669922;8956747.34939667;9531044.912536046;7353910.751267153;8790732.52951316;9723613.906719537;9010123.649928182;13011276.504904123;8979153.812769173;14984234.745919276;16913253.127587274;15748337.307293372;14228955.190929422;17343449.66099354;18455494.077140875;17345801.7957784;20085031.721238207;18828376.165538125;17887391.932385158;22769424.141737007;16495692.650300618;24502868.36456447;21279868.223044302;22086298.960727476;23823845.54420715;28101112.157869156;27382576.785324216;25557011.878723267;29949488.768505383;24187896.008164365;20167327.71702196
SAN ANTONIO;EMPAQUE;35514860.046703234;27630461.075619634;35814983.50015027;35228310.016424805;34728858.33798467;32128793.84555635;41731487.56473538;42171032.45152054;41030554.79502102;45025160.17006212;38439681.24107085;33037459.074493848;8919700.438704668;4388995.735503289;12025578.565128952;5595885.714969339;8722292.937257104;9305000.035372285;10481031.530167103;10591425.00248636;8095650.140607241;9230164.7687374;9654281.086248435;8043356.6767807985;17271713.66067805;12445962.86248348;18595626.474774033;15868364.880792903;16889462.500686478;16105315.68151696;20295006.172188595;20508767.21237248;19095355.858478703;21089044.80371137;18694123.156629007;15968113.082520455;202317974.8670628;187231386.18965197;225947159.83417535;221283748.8065448;191223328.66099334;176030500.2233072;219539145.17073786;232397764.04565087;237164841.53383356;268253536.83729059;222220478.21112168;175707453.10266876
MRS;EMPAQUE;18649562.878737256;12347797.692575958;14980258.112197086;11103361.858473657;12282681.86409988;12490273.351826342;16199092.851490613;15450508.569032282;15124499.794317195;16667250.397960367;14716455.524660014;12781068.39821531;4683912.986630641;1961401.630875893;5029913.551499488;1763727.637885532;3084845.1230726885;3617378.0609142906;4068467.5491906167;3880457.5853650426;2984182.3854971705;3416788.898338436;3696097.2006328604;3111700.921229281;9069722.068868501;5561985.777025734;7777953.725678858;5001437.687234816;5973357.739913978;6261044.1041322835;7878000.7277447935;7513946.544214239;7038844.763293845;7806666.074471344;7156959.24432134;6177519.434468113;107476272.80789478;117459613.07937486;126967757.52175133;83574875.94908905;76457636.7240214;72776265.19838633;97230986.67160484;117478550.58141892;129533200.11637664;132598761.41548786;100347594.50509502;79743774.16355817
DON FUAD;EMPAQUE;40075622.07570176;33066855.03996227;48433245.214862704;55966455.558551095;41429259.57238927;38080019.671443075;48761903.06424722;55366009.45074947;57050042.79594212;63011885.31730422;50327180.110236734;42994788.268796355;10065154.229523195;5252546.649862418;16262405.802673163;8890062.82252952;10405125.7500972;11028567.897476867;12246748.757626457;13905396.730769875;11256420.7159749;12917446.193877703;12639874.405184884;10467585.188946558;19489719.749840938;14894751.436834855;25147199.550516192;25209728.694726035;20148025.57485049;19088507.98803918;23714062.963162296;26925795.582756568;26550722.367082145;29513731.158396408;24475294.090144385;20780824.56302467;217155746.40447408;161368618.88793716;210867932.87323722;186115907.49719074;202663818.56956503;204539000.651017;280204040.2483002;343827370.9812228;317912369.4055872;298537321.86559016;217822154.13271272;174588878.77587852
EUFEMIA;EMPAQUE;60638775.10930119;47146379.41461289;60703821.86475345;57594318.766172945;66898686.997710854;68394091.76486051;78106622.79518476;76193402.84137525;76546920.39511861;81565130.36173657;70751421.9123644;67954858.52707373;15229673.106797336;7489026.6083088;20382491.005060002;9148642.824386213;16801875.242575806;19807996.196511507;19616793.55334026;19136280.64018526;15103307.5218128;16720864.285186071;17769505.16602916;16544406.875267753;29490065.821597494;21236782.32110966;31518249.812496487;25942989.17025035;32534408.542799424;34284151.5905853;37985091.93467168;37054647.96928257;35624443.59131123;38203766.11925883;34408084.35537157;32844864.46189013;18401691.649279844;24273779.315280624;23654651.258338053;16994250.413076866;22816310.951666325;26703445.83125168;32758510.075228065;26835128.240129754;16348361.983104587;18899535.85182988;18936872.21537087;19580053.24647162
OLGA;EMPAQUE;13104873.417302392;10250293.30736438;13209213.915909076;13223142.274313156;12711702.77892459;13302802.70096127;16173510.380495686;15759959.513137769;15370776.6882041;17897561.99994583;13921270.623477722;11679049.505629348;3291341.8500246084;1628220.878781382;4435250.953799623;2100446.8544002464;3192595.4573593265;3852699.2391317296;4062042.4083493873;3958177.438921146;3032774.7474719044;3669002.9662134433;3496383.303334667;2843401.5039637694;6373208.874410005;4617178.464154857;6858403.494855772;5956279.094330899;6182000.724443558;6668343.604114148;7865559.36902408;7664439.833265301;7153460.443047263;8382923.802346109;6770242.081351975;5644876.707428845;34224636.08390258;25156047.329122216;28997992.457256395;25270584.53133031;23001708.243652556;25541441.362154942;34845420.824828215;34671303.31930124;29015130.53417035;28933072.83177898;24991445.341495067;20866344.35156093
DON SAID;EMPAQUE;116443500.46683095;116344106.6388546;121805509.60547802;137503976.1897413;110058010.29214606;98292234.53774308;126355093.11505206;133755832.44109347;142638264.39524978;160306052.11194587;127898326.26250131;101753493.17907256;29245255.10821248;18480827.608752504;40898573.23039391;21841994.00291717;27641513.47900202;28466964.87415812;31734591.605001144;33593317.15612036;28143647.84917564;32862765.37008093;32122180.838472005;24773080.668892257;56629219.292019375;52406451.94204488;63243076.99830341;61937778.61388634;53523804.88984526;49271300.811406;61449460.450684674;65048614.44843701;66382929.28940816;75084719.35526381;62199971.110148326;49180879.254703924;104790478.32928108;73511881.51565711;110514594.28557974;99066291.18505475;107225150.63645747;114942485.20007476;152707375.3520732;158956393.21501255;155422980.64542764;155957366.58101362;134994963.83771902;113668770.17176862
ASUNTINA;EMPAQUE;61857644.78466398;72988477.1350407;68446854.65288372;51932768.7394287;44004962.30459145;40636944.839594595;55961001.23740736;67614425.601376;77905269.29147176;79239901.9526954;57754755.47972023;46180212.831858955;15535797.14512271;11593947.491858456;22982365.13666862;8249326.708896388;11052023.886826005;11769093.324433872;14054831.319375852;16981635.88160731;15371320.408518625;16244192.103247456;14505339.936924854;11243114.138370879;30082830.878108084;32877188.452475704;35538537.732199;23392780.50076396;21400650.53260396;20370227.034357864;27215154.11482163;32882489.098435607;36256610.41638626;37114667.35954499;28087499.088449944;22320447.193328336;7200431.1849042345;60638484.54085823;64944489.898783706;70126777.93200798;85302885.99606134;30091614.149795257;39892687.01012821;52126715.39196178;72887380.82146624;110171927.71492626;99308711.1619208;80889838.33151409
PORLAMAR;EMPAQUE;121111346.77519742;96927530.80833189;110371369.8557962;111792215.12940106;113028959.24221596;110774957.21982886;156274421.6913989;191758204.17917982;185021085.92917994;172671551.72896478;121483013.37304123;97954686.63535224;35262057.418994315;19273678.15540194;41474192.80945706;22229465.217103396;32908837.66825068;36513154.432088055;45499928.59901673;55831175.08288027;43906954.25630808;42304556.765015334;35370269.649002925;27766404.151627332;60782342.210282326;45167409.924203336;59022370.20798395;52094227.15068627;56726021.65909839;57250888.999100104;78429689.95788455;96237991.71916275;88984329.2200992;83561213.37161008;60968871.11066856;48867787.98889896;68310468.08898953;44878227.67080967;60691644.161596805;69434631.37706609;84705750.15874645;90696891.79618487;116056274.85104473;114666162.18137895;98644841.10656978;94172935.97970645;78642510.57344344;65104611.6193232
EL MORRO;EMPAQUE;10591038.149533374;15083535.01332522;12751949.850470861;10560093.168907434;13131858.979398297;14910719.206510445;18854061.71025541;15444877.153452214;9832410.08192463;11294203.293180445;10899059.710832644;11338954.491000284;2659981.9766852786;2395963.305448182;4281715.634038428;1677431.4318536124;3298119.382858724;4318376.949067923;4735273.69352371;3879043.232613715;1940011.595258772;2315313.4144092984;2737342.8349806117;2760601.3860585624;5150671.523061191;6794280.996507221;6620985.773828761;4756725.812315818;6386332.589409304;7474349.675673312;9169174.671448944;7511207.854063826;4575940.305921188;5290019.144240133;5300469.669557613;5480497.369412773;0.0;0.0;0.0;0.0;0.0;0.0;0.0;0.0;0.0;0.0;0.0;0.0
LA PERLA;EMPAQUE;19697886.114328753;15631769.39846438;15632483.503595151;15702941.912533771;13238563.831847185;14261877.013450315;20055176.900366288;19954964.095006626;17450596.107877396;17290160.405016985;14383751.01965753;12083855.238673912;4947203.598282024;2483048.29370975;5248910.935273139;2494353.78223854;3324918.7372120465;4130462.1254241294;5036938.621220963;5011769.770696002;3443139.4247576958;3544485.545713184;3612537.1214061044;2941956.2048062715;9579546.371291809;7041229.636948084;8116598.018388105;7073288.836557998;6438225.674593324;7149102.223280496;9753305.303240964;9704569.453598611;8121395.001535259;8098426.881048815;6995157.2004314335;5840532.908080747;25894882.301749084;19004466.417374823;27137029.687664412;34260522.48864013;37793007.47077751;32767300.268345587;37052455.2722742;34319072.334958375;37345155.10270293;48892436.13872674;41944587.974921785;34906193.62556259
ARACATACA;EMPAQUE;58443380.70629519;44155581.236866735;57844960.0854653;59505070.17460984;59801237.66822515;62250958.69370957;85167425.67312567;88652606.15733531;90454261.6920949;90204468.65009053;75288921.19577076;63774902.73418155;17016026.170122378;8780172.716944098;21736370.861160852;11832361.369319554;17411371.70489898;20518887.34940613;24796839.720460556;25811564.08462663;21465505.46094579;22100108.71076035;21920673.272234604;18077743.749413617;29331071.45286351;20576127.56184627;30933263.338953584;27728859.641125355;30012541.263333343;32172639.156959068;42743109.95848696;44492222.97305061;43503213.49238692;43652789.22016274;37785369.36971369;31816123.688173443;26815389.63554335;17981880.443507526;32599454.77693453;34690030.43231746;26787725.478118736;26667329.68453273;34075026.01698378;35781871.7202205;35116683.5766732;36104713.91401196;29722932.742686372;24443825.63979674
BOCATOMA;EMPAQUE;4144186.459911418;37680276.02324114;35010825.95592185;43576226.70002824;49095818.85559627;16802610.865042135;22960115.73632673;30001373.88715246;43836723.139278665;65837815.201873496;57156829.30368284;46843907.11709079;1040829.1553433049;5985371.374222841;11755567.00064451;6921921.15912635;12330613.056307904;4866298.294456141;5766525.734205571;7534966.13730335;8649329.155289093;13496762.255407607;14355168.364583015;11404698.29193498;2015415.5696495108;16972837.14339425;18178096.942217343;19628630.07285339;23876454.084157154;8422704.990296979;11166045.539595906;14590375.367505971;20401328.526898485;30837350.257645167;27796713.49365494;22641232.922488317;41036187.26036211;29146220.967003383;31937238.002677932;18178702.74674549;22108288.447712343;25256771.14703921;22653081.16705457;0.0;0.0;0.0;0.0;0.0
JOYA;EMPAQUE;39315883.9595752;27886976.709164858;32718165.837194465;43146132.28991525;48752139.12473289;50643497.285787694;66795839.092774324;65995763.936795056;59328055.693191886;56276952.61984394;45262459.861456126;37702564.90179786;9874342.935354972;4429742.287601666;10985761.69329938;6853602.265471862;12244296.504810173;14667147.055095766;16776044.57615685;16575102.47162933;11705890.520223394;11536783.95371871;11367849.47349271;9179131.374808468;19120241.194059357;12561508.674043147;16987716.631102957;19434896.821678974;23709314.52920339;25386247.4553014;32484391.182113547;32095295.772954557;27610894.893154517;26359199.4061438;22012201.238494612;18222915.342716876;0.0;0.0;0.0;0.0;0.0;0.0;0.0;0.0;0.0;0.0;0.0;0.0
ESMERALDA;EMPAQUE;0.0;0.0;0.0;0.0;0.0;0.0;0.0;0.0;0.0;0.0;0.0;0.0;0.0;0.0;0.0;0.0;0.0;0.0;0.0;0.0;0.0;0.0;0.0;0.0;0.0;0.0;0.0;0.0;0.0;0.0;0.0;0.0;0.0;0.0;0.0;0.0;34109266.01771969;23326599.347126223;37945133.45326111;26463093.92302748;25744923.197329782;24569108.11882966;28047007.396864645;31485909.776477627;34201610.22553747;37370005.121833116;33978783.50794151;29705531.47713504
NARANJOS;EMPAQUE;14903721.438362116;11809225.53891656;14629259.92391691;21289218.453383032;21751651.507771518;18296665.402070086;21325428.92261173;19752238.61390832;22460530.291801415;29217707.650537748;24141081.15034309;20214436.39565294;3743129.790664371;1875851.4520640865;4912059.070584719;3381712.9851135006;5463015.0658423025;5298999.801606433;5355967.543345068;4960854.447918122;4431638.717129907;5989634.567887216;6063129.96431219;4921441.494145137;7248031.072722596;5319389.426394178;7595710.693162783;9589591.050143601;10578340.897163693;9171635.064669063;10371058.806317408;9605979.273131937;10452986.093771605;13685093.920301782;11740376.860266507;9770315.735764513;43224864.8858771;35056588.49399874;62761964.07236038;59354251.41465947;59288603.25548969;49973023.36691498;58384375.15972068;65794850.7802203;67990465.10224395;72964911.47602478;52126678.64645051;43823706.85236471
YUNQUE;EMPAQUE;15433516.659092372;11173798.680139242;17573990.329772;21556111.301950708;15417594.63669123;14890552.6060668;19611778.491372615;20594148.389906082;21120258.65342804;21575872.6554912;17106944.328464806;14155601.265565887;3876189.9986042855;1774916.264418639;5900809.682422524;3424107.919131936;3872191.118416956;4312536.386899811;4925577.3212462235;5172303.486107815;4167192.6151491953;4423057.217060085;4296478.111721246;3446347.06006005;7505682.97784669;5033165.498949648;9124654.764740009;9709811.211234823;7497939.723010552;7464240.691566121;9537670.20436494;10015419.8442066;9829232.30809597;10105784.041460684;8319510.302500319;6841877.314170802;25222373.697400294;21872118.91376622;30530812.15369405;24104535.19707318;26100659.25142179;28654905.14569241;38959753.45537487;48464869.32326693;44925762.95915327;40429488.058667995;29839971.64218393;23470697.997093312
DONAMA;EMPAQUE;23618253.85781309;18111231.8255756;17216996.899463695;11296102.506986024;12724358.761862686;14102922.33505896;13037912.568986034;0.0;0.0;0.0;0.0;0.0;5931819.779662329;2876901.656820439;5780942.182179521;1794343.7713645839;3195774.0585537767;4084426.370233191;3274524.3627159707;0.0;0.0;0.0;0.0;0.0;11486113.622886693;8158087.484607341;8939298.921034716;5088256.468394881;6188155.627295879;7069422.441747058;6340644.235352569;0.0;0.0;0.0;0.0;0.0;40522635.36840683;30750667.13387282;50790806.530085735;37646910.26761294;40184530.97337226;38706746.51197869;44907335.93378539;47242584.68201199;48438591.69597783;51222582.4452839;40426726.09633732;34536506.6808934
BURDEOS;EMPAQUE;0.0;0.0;0.0;0.0;0.0;0.0;0.0;0.0;0.0;0.0;0.0;0.0;0.0;0.0;0.0;0.0;0.0;0.0;0.0;0.0;0.0;0.0;0.0;0.0;0.0;0.0;0.0;0.0;0.0;0.0;0.0;0.0;0.0;0.0;0.0;0.0;24014129.44814854;20390082.34504777;36394345.906238474;34026816.8404456;28469394.72559951;23154070.71546908;27653012.085103262;26995226.066606395;25355300.46377127;30410626.786952946;24590797.188316587;21421026.81335741
DON MARCE SUR 2;EMPAQUE;19631485.220566083;14494964.85175242;20455784.09002536;16443957.84292333;14817412.927924879;13718943.788352778;16142370.548419839;18121620.445068743;20569905.263118602;22332000.01429203;19556386.405454613;17202694.25778545;4930526.745819522;2302471.129471905;6868428.08917901;2612061.4002735326;3721453.0599269113;3973220.191505838;4054221.5138431764;4551318.113639132;4058603.576470563;4578063.442057869;4911665.375305459;4188197.5670399577;9547254.051334085;6529163.365901896;10620921.27405674;7407074.679830619;7206057.209477991;6876944.138971044;7850415.334601633;8812971.217769751;9573101.385948308;10459941.665483208;9510731.72718144;8314639.652309636;116774310.02725409;84123003.49184643;121491859.70202528;96036810.02102783;100749713.38384266;96703972.0577604;119954685.950237;124779040.33105741;115593852.46899995;119810449.80565712;98682591.27290663;85808675.47507975
LAS MARGARITAS;EMPAQUE;24877940.666540075;21783887.590347033;33834251.43863332;36882263.687679656;34123376.854649894;27904028.71723794;33602951.10028484;37868028.001840785;40891566.70478228;43603215.96994935;30001352.738384232;25378634.642653294;6248195.205770071;3460289.3333936897;11360509.180910418;5858610.089708886;8570223.818994306;8081442.130976211;8439516.790347178;9510708.06802333;8068226.700736509;8938665.988734877;7534960.825704853;6178726.092109226;12098729.013566954;9812411.57025802;17567203.452816647;16613377.637270924;16595002.5818455;13987552.518700838;16341907.269088663;18416114.710356183;19030671.696725152;20423029.51734056;14590365.082361426;12266346.117602192;73371658.22236094;54759961.56970162;83380947.95115492;38257991.109031305;38098468.97162191;54577195.57229157;93407373.05546606;99666793.44921319;85349070.33498281;76072516.8638343;56728000.90772384;44255352.262362935
LA CECILIA;EMPAQUE;14516661.13867352;13591162.182302784;16458808.934704477;14978368.053140562;15022155.741349883;16000378.64838298;22423168.641587257;27893809.422404803;27019742.1071447;24160321.22448114;17174305.71421037;13592055.80858216;3645918.0342222103;2158905.444806182;5526365.79971912;2379257.9258852764;3772875.0438605957;4633959.326480141;5631669.304243279;7005642.8158517955;5331206.952517769;4952869.571708102;4313396.195621798;3309145.312677515;7059794.524504569;6122051.286657254;8545637.419270452;6746909.218047343;7305628.466211312;8020567.170829294;10904915.509544332;13565417.085010339;12574813.8994908;11316297.262478756;8352269.732351763;6569496.875833635;32493281.33965838;24655425.092602085;30605355.075194806;26528579.507879548;28254372.58269827;29060320.516670093;33813656.762347616;33998272.19338851;30012991.770526808;30608020.086217303;26460988.110050127;22764546.100704648
JOSEFINA;EMPAQUE;23322680.614704423;19108222.019011855;27380738.38684556;23393493.109974246;23128085.649492275;21613144.321705654;25846281.80568634;27190327.182193127;29132465.86036986;30610183.439119715;23267480.32232141;20000347.935894728;5857585.3667219775;3035269.8322683466;9193616.427070864;3715969.169577095;5808712.055823668;6259503.8470699545;6491397.991091493;6828960.411968312;5748063.91278332;6275092.318987791;5843721.590501604;4869319.149072076;11342369.38698044;8607175.282592613;14216451.716169313;10537447.988061605;11247733.268056307;10834098.34320308;12569656.137007544;13223297.08785055;13558061.922824642;14337306.687176386;11315524.183514306;9666839.595926596;14885992.94445432;8502985.66637902;11054229.85124791;15798234.30451314;30932765.677192032;28803545.677470606;28996237.69036071;25217187.91073651;22030391.27075745;26957369.665768523;26233829.874022435;25766921.864556067
SAN ALFREDO;EMPAQUE;13821259.80374894;12670236.347683335;19619772.397762652;21143995.60688813;16385474.30201879;12928812.599982837;15915607.734590955;15537020.974802349;15249461.21011137;18173134.192162227;14153159.183008673;12405075.97858174;3471265.1823161147;2012619.8091883936;6587720.873813981;3358644.877338557;4115278.002726302;3744385.87014684;3997269.1179353353;3902185.525238264;3008838.252530861;3725495.3080559224;3554623.050963091;3020161.1592863454;6721604.462083487;5707226.188176041;10186852.634661838;9524176.356218914;7968642.420854418;6480872.245339405;7740135.23257697;7556019.566565786;7097001.001129035;8511997.286734795;6883014.954344824;5995789.675489325;93328468.16082847;61191868.38067899;127154446.28929406;131031624.89211942;137162591.74352768;124470456.01279692;144092989.2054465;162973663.51435396;170682478.3032355;179004349.67862296;150476803.70930183;109953682.73224385
VICTORIA;EMPAQUE;67209102.07363935;52273370.871283144;65494861.25332618;59676516.28143218;57986193.78803633;53997741.812780485;69039557.84760551;71816200.46655393;69521714.87267663;71597714.74607235;56796467.88924787;49692442.29814723;16879837.241730493;8303430.08777672;21991175.833175786;9479392.137252806;14563466.602143455;15638588.609744474;17339563.5970816;18036928.597360104;13717179.3946237;14677542.548992904;14264662.140929006;12098207.572292564;32685370.711884253;23546202.53278657;34005822.615523316;26880901.60234285;28200052.993662883;27067641.63523545;33575564.505549885;34925911.26714338;32354958.201699633;33535192.510591865;27621461.242729753;24018025.60463995;87430747.0474552;90390610.77027518;94400627.10592973;35567525.098843545;32722613.155943345;37956366.34372266;55977342.60569273;67957725.85748684;86744555.70483764;115474834.0111866;86125975.49852723;67017833.492486864
CIRCASIA;EMPAQUE;42228836.68186887;34027408.21430217;44949707.99381604;23773213.92508867;21927458.95364747;30474914.863041844;53760331.94844087;57362922.48455268;51331568.29484491;45460294.751146264;32649629.89334624;25628603.710592426;10605942.768236216;5405126.940664076;15092740.303983994;3776286.405458823;5507169.8154329;8826010.874908442;13502124.345550671;14406929.498750554;10128120.864068333;9319367.424870376;8200086.321620158;6239583.991836421;20536878.772255845;15327426.414735379;23338499.653354872;10708490.77848381;10663840.20254154;15276269.834341276;26144916.761474513;27896941.46590997;23889381.176069576;21292854.687817663;15878284.692757439;12387164.559934093;208497333.14892882;113822451.42171322;124787710.62680772;86279253.41603565;98957591.76827526;115114126.1540598;129573131.61609277;150234810.21495616;153157916.18251374;157631252.98725027;120820813.1048982;100506995.56827676
CIENAGA;EMPAQUE;18576898.06885518;15218683.151666382;16389145.57841176;16374896.984234268;16153450.123472098;16118719.181409921;19331776.573838443;19437619.5784512;17930981.836501844;18169499.49572906;15128145.224337086;13095346.164686602;4665662.926353585;2417431.083391416;5502974.970453343;2601091.3403296564;4057004.1938347165;4668232.59143042;4855253.709569778;4881836.607360639;3537923.295239412;3724750.1947273794;3799494.730286385;3188215.5274406956;9034383.458837647;6855157.603166966;8509467.257343866;7375966.661757997;7855803.593137159;8079888.154103042;9401498.671160776;9452972.619425062;8344963.424707826;8510294.854680417;7357173.650362142;6329420.42972988;129124244.48801988;119310753.65116397;146749713.86750278;136573570.8805908;140196009.43612573;133828118.40786353;122351122.63950816;112790908.8436094;113404969.43171228;118163189.14090484;97223974.25240774;83692063.94117862
CIENAGA;EMPAQUE;124512.0422804823;102003.5375535029;109848.58609398553;109753.08461543031;108268.83246955155;108036.04761557323;129571.63102977148;129983.48115604081;119758.85410822439;121595.26795627548;101396.70524185008;87771.82763464113;31271.701949345777;16202.881671185938;36883.80318075568;17433.86833166166;27192.15424773572;31288.925183957006;32542.438084229947;32645.8759056696;23629.36082496888;24927.04865670774;25466.191758593006;21369.080299016914;60553.14138213417;45946.83515263655;57034.87971109192;49437.568610534654;52653.685537009565;54155.616927177405;63013.738664612356;63214.031089886834;55734.999144532216;56953.22446746657;49311.60806407223;42423.07091381288;63771786.057927385;48496062.68411088;59297951.01871662;66898972.14900987;65415989.24205834;74734278.48467265;81082302.26018444;82554855.51959187;72449269.2969208;80210334.7734255;55746290.84647396;54990223.70223184
MARIA;EMPAQUE;8510281.503465887;5248346.712067952;5919347.972428139;9751234.956966218;17684177.641095754;15975798.385590002;16577069.880877614;14416981.227756647;13161860.904162886;16002690.383026097;14997808.87811981;14822007.138672747;2137391.547091606;833680.3093754518;1987536.4202379906;1548947.320310164;4441452.5879021585;4626840.498824874;4163398.0056364527;3620883.0222873176;2596938.345380826;3280553.9929346684;3766760.2308964226;3608591.3814775595;4138750.514751698;2364083.9032350513;3073405.963429325;4392380.851177329;8600232.47001149;8008245.734372062;8061819.867488017;7011317.833992089;6125445.268297641;7495397.088935949;7293788.01267461;7163973.644782423;641452.8101931652;4546772.091326632;8668893.503771488;7651603.426139413;3123845.6187395235;2886688.33264171;2606249.8439611904;6875124.155162457;9209202.381319042;10887770.482678894;6168788.478580221;4836209.58034328
MARIA;EMPAQUE;57306.85597553143;35341.515907834764;39859.929611977794;65663.23534911168;119082.38530179168;107578.43636416289;111627.30113207617;96695.24703714291;87897.17332524483;106806.46607917499;100992.81357212702;99808.99316086982;14392.848168725437;5613.868048788248;13383.748037950032;10430.36014266501;29908.021685052063;31156.393824982602;28035.6472071083;24285.401555395485;17342.801410909677;21895.34199442665;25364.75273563528;24299.66934603159;27869.67500087264;15919.357743939367;20695.817502526945;29577.5805676536;57912.57119578616;53926.22849452085;54286.98801944101;47025.17810791967;40906.778179943256;50026.39279820896;49115.186023827206;48241.03711643258;36253985.429535106;14641102.097698607;15898504.430807788;26248874.58683921;34046042.00918303;36085978.52069552;50173556.03959772;47963715.404219635;30317658.11470671;27054134.47733805;27262401.875801057;29509994.197354183
REMANSO;EMPAQUE;53714918.47422236;38024144.37663308;68547496.4156961;81422018.22972827;78943516.14686602;69502042.2023988;82932285.51163714;93799000.68683566;102653716.75835116;106971490.27806325;86606470.70278622;63674995.61542134;13490718.56821191;6039993.58021793;23016157.56953762;12933584.054508377;19826982.696316574;20128875.93168122;20828778.220951993;23557997.595265552;20254383.12156207;21929171.980612468;21751564.66072052;15502424.080872929;26122831.1183942;17127730.423827987;35590792.30406035;36676022.60788278;38392092.90034508;34839537.8787169;40331925.472857386;45616665.23225274;47774378.423322275;50103687.41994725;42118768.34579507;30776263.035949584;181122207.7668881;169530827.26483437;176300016.5484466;118920380.1800473;134065485.44589707;164270845.76256835;231973344.90418446;267460474.4219686;221796191.5760508;170535339.60361567;130754488.37386727;126353634.84466605
PIEDECUESTA;EMPAQUE;50320502.86844357;56168012.599958636;50890290.013617955;22101379.566716556;18833401.34658662;21194145.662966814;32217590.770769883;39112864.23171541;52170856.31855757;69006787.29855342;49569545.53721024;38810525.9209998;12638197.388959179;8922079.407152457;17087406.46937314;3510721.7502299002;4730084.759803064;6138155.297444114;8091577.952275208;9823353.711315366;10293718.971164946;14146402.023248695;12449591.42435614;9448877.472452246;24472046.79005245;25300518.76316408;26422930.622938637;9955423.781897087;9159127.049553668;10624065.383311726;15668173.882647628;19021507.914456062;24279980.415115137;32321644.68938448;24106838.536960855;18758430.099034812;69279018.607367;54547242.00058855;76144451.04029247;62789220.75029046;57100476.75641983;66406810.69690493;97903154.73469727;108327119.21004434;97215282.09115364;81594119.04145437;64380991.70796846;57457722.13076686
NAUTICA;EMPAQUE;115468087.45995629;67889711.4857395;64858316.247344114;51461495.939135656;54803789.03916919;61907325.63210977;71759007.50356951;83203846.82841337;88516909.84440961;90537916.12901592;66911878.458479196;55995470.146085784;33618999.69316726;13499616.036094878;24371776.094231628;10232926.619040264;15956344.366846671;20405620.530252546;20892924.65401855;24225135.81481835;21005756.678651582;22181803.394447986;19481663.469527677;15872572.39180907;57950150.77641912;31636031.607737016;34683736.89317049;23980622.048362978;27504463.85491836;31995042.173310228;36013806.02965448;41757645.553424165;42571460.47751388;43814154.97877042;33581169.74741627;27935108.13447973;35570348.747274384;34504740.54047582;50841136.59396392;39675149.931535676;38227327.371381775;51377004.99760021;74794617.93273783;67797110.736302;57623266.14245812;45876605.371838436;36011447.444215976;27943911.3949859
NAUTICA;EMPAQUE;814319.2218847125;478780.745823417;457402.34192600753;362923.525037;386494.48371290596;436590.97805751953;506068.30370642967;584588.4256060355;619112.2101037414;634714.7641626976;471884.74322607677;394898.6138257638;237092.32804411356;95203.76641236604;171877.84246332975;72165.98997470611;112529.42882474884;143907.19893338004;147343.82911580076;170205.279514083;146920.18129734503;155505.2149659346;137391.1475170959;111938.64109046402;408683.6694573347;223107.77990604888;244601.2076721354;169119.29448505017;193970.59480338643;225639.64139636268;253981.29602800097;293388.3131801901;297756.7905376023;307158.5058872993;236825.53873187123;197007.64098593776;44878945.50745402;37871263.431462646;56825982.9984341;40809957.904032215;33683310.626601696;39711480.965464614;48392277.43880118;59730711.635388605;52789880.931244716;43564831.872692354;32153747.374782514;29998120.349669047
LAS LINAS;EMPAQUE;74317069.61874959;74138761.28595538;79111079.31256065;84865739.756291;80689390.55439815;74727190.94477068;70418819.75910513;64916467.531937934;68205252.97476763;70613325.65998957;55956965.260680184;48466696.81339703;18665031.978441942;11776665.840971937;26563086.35857264;13480606.380809013;20265466.100117374;21642160.54069309;17685970.792855803;16304032.823509172;13457431.141104976;14475742.63475001;14053817.66753162;11799785.465841552;36142142.89082835;33395326.52423665;41075548.1963695;38227224.74349077;39241152.78161018;37458766.92239977;34246332.08754721;31570408.488162287;31742285.31583968;33074120.84616527;27213191.32419593;23425581.661940034;19730836.516305093;19437208.00163443;23435322.572629616;19434202.63257138;18728206.09733741;16530217.733361896;27674546.471933283;28294836.163737446;24506588.727665912;19446743.616023216;17475188.46732009;13624819.285816874
DON ALI;EMPAQUE;24447068.387461238;19511662.334251992;21035662.491313215;28760955.84493489;25234386.21059592;29423421.54833599;32736115.666713905;33782418.215242095;30812922.691846438;33864800.145858735;21133643.071958974;21199268.12282528;6139979.893878902;3099354.822318747;7063133.561342055;4568570.615124517;6337717.942773912;8521482.003467944;8221807.572658028;8484590.68059797;6079631.220415207;6942289.245080263;5307799.752905935;5161210.3223227495;11889185.666956913;8788902.368759047;10922002.025667105;12955186.93502509;12272076.884414855;14749184.010586191;15920344.76314387;16429186.357813034;14340135.705696102;15861715.646257987;10277788.82602499;10246317.971629038;0.0;0.0;4849881.980801487;20540678.4088709;31769972.66805177;26761617.04221605;32945656.88486851;30462334.936786894;41655094.11191519;66290390.06661772;96793854.29304084;118122077.28544068
DON ALI;EMPAQUE;12256590.812796138;10623408.517435223;10931179.436225696;12809537.800026122;12415589.175184356;12306842.351986859;13930558.944324743;13731779.984651718;12760306.638364393;14068219.704330701;10950966.555389866;10645979.495277809;3078292.2502342714;1687488.8389276322;3670356.489744092;2034747.3255772314;3118225.3306654627;3564253.5811034553;3498716.1026030593;3448791.964609297;2517708.5405533398;2883987.2058936283;2750379.448487183;2591888.500297026;5960669.046599921;4785245.802418241;5675617.014424456;5769973.628322024;6037993.698423825;6169094.9891922055;6774759.210740836;6678088.316677757;5938564.500045323;6589322.826004197;5325713.1917070085;5145559.289879939;;;;;;;;;;;;
DR4 DON ALI;EMPAQUE;218674.16047012561;2116765.8733998854;3652661.7728684787;3709249.2896582866;1240819.6647715042;1119254.682570906;993226.9622504774;3066546.5666169366;4423755.28793891;5192072.022451098;2719414.0086766914;2107304.869005695;54920.897970983715;336240.36768639577;1226452.362355236;589200.4215808669;311636.86675553035;324153.6209226012;249452.96023322706;770175.5467877865;872841.6005518044;1064375.5641815665;682991.8038340901;513048.07218711096;106346.3992160592;953483.5259102375;1896511.6643614578;1670807.402758659;603439.8538045583;561052.8075679261;483029.6858694159;1491333.885480416;2058787.2105563406;2431881.176924117;1322515.1393229407;1018531.1882416437;;;;;;;;;;;;
DR4 DON ALI;EMPAQUE;150512.07052223402;708562.442655225;1020638.7975722058;1045396.7292910207;557100.2630204477;492619.6589178834;506792.2778658856;890410.413093873;1114943.6003132737;1314367.8290312244;831013.6019067043;693380.0755224263;37801.7139783757;112552.5024949963;342699.36343183875;166057.37320887184;139917.979514247;142670.3400597768;127282.92599965066;223630.16894495348;219987.11349963536;269445.6073640466;208712.4200897661;168811.50718717996;73197.568035387;319167.379179891;529929.543182272;470892.2096417082;270930.99087323586;246937.22260261647;246465.03174253393;433027.5742384918;518887.56845907774;615628.2827268417;404141.504750028;335133.868199224;;;;;;;;;;;;
DON CARLOS;EMPAQUE;20865872.01192778;9097865.365583397;8570700.492897216;16310843.637015846;19595096.833066694;20149755.069607697;28877238.910474095;27605371.7952247;18233976.444579393;16167322.684726875;15690793.20627672;17089457.164463006;5240547.970455103;1445161.99648084;2877779.6905893446;2590916.7049148884;4921387.655435519;5835683.484936496;7252635.100901812;6933200.54165125;3597706.50689084;3314303.6401367025;3940806.0417977795;4160628.6693054;10147565.447152227;4098074.735634369;4450024.247321227;7347114.244908476;9529557.520680811;10100539.966151329;14043682.028221814;13425143.067343682;8485975.163236478;7572508.152474472;7630802.627726559;8259908.3635857785;;;;;;;;;;;;
EVA NORTE;EMPAQUE;101014847.07057697;101830235.61777902;92278015.2814843;71430609.57623237;74770535.74341284;88966387.1139244;129375366.21740684;149167124.53026053;129082653.49060097;98636249.33046053;72923937.98488352;70891862.03168973;29410880.42052126;20248562.729476973;34675262.27914549;14203710.420921307;21769743.25557691;29324709.424254008;37668160.03317606;43430610.34549996;30632325.681322977;24165896.275945228;21232098.865312546;20095129.287289195;50696480.27578988;47452028.9175784;49346738.9878168;33286060.182893634;37525206.44690732;45979749.22438995;64929818.65360157;74862739.54620811;62081212.40412684;47733193.99720992;36598451.52367121;35366643.52568711;;;;;;;;;;;;
DON PEDRO;EMPAQUE;39873330.29034705;33895225.951826185;41048595.916846514;39016726.54040373;32864007.245086804;37080357.11790499;56347865.53960255;62347346.866206676;58468274.72611944;48759957.66281882;37054285.67544608;33274194.313782535;10014347.831181712;5384130.281045241;13782865.910972655;6197661.556586591;8253928.058736794;10739050.023237754;14151993.850256499;15658787.79933976;11536248.994737219;9995798.829911336;9306333.39848527;8100992.645796104;19391340.48583823;15267885.767717121;21312989.21247331;17574832.65330014;15982541.452596232;18587403.555762183;27403295.34483821;30320984.5444979;27210758.37029698;22838362.54872421;18020372.634037115;16082535.171188217;;;;;;;;;;;;
LA VELA;EMPAQUE;20472406.980546977;21440973.624586668;27407870.74417927;24653825.239917222;22001623.017134428;28687986.56292338;43047816.853098966;39020422.68295557;34656412.89066548;27415472.609100632;20726280.00570446;16182526.963525366;5141727.639798948;3405818.7283159196;9202726.64471964;3916168.229900357;5525796.419303809;8308488.55596494;10811632.943644626;9800136.64325024;6837981.969605363;5620176.10684841;5205488.874698779;3939825.8808513163;9956214.12692846;9657948.187573235;14230539.205065006;11105156.461718094;10699907.934943542;14380529.87871189;20935168.135994233;18976551.4100962;16128871.282187276;12840956.655889392;10079678.563812738;7821558.550609216;;;;;;;;;;;;
ESPERANZA;EMPAQUE;25829941.781405546;23532904.396462582;30634232.45964413;25358985.963520613;19386327.879419863;22174169.79413747;27852029.382157605;34377830.999789365;31749465.666859563;26033976.255336206;18505992.36131138;17372134.650437802;6487294.128045034;3738114.1327104913;10286040.456344992;4028180.382005578;4868954.49013562;6421985.57812768;6995149.590119469;8634131.004523017;6264418.49188222;5336969.141576266;4647854.671728523;4229449.816811455;12561709.598003441;10600244.902289573;15905710.082444971;11422791.558506029;9428028.257046215;11115325.593199464;13545098.466524098;16718749.631076222;14775996.77250293;12193886.475779878;8999900.34174261;8396535.882419785;;;;;;;;;;;;
LINA MARGARITA;EMPAQUE;11356023.470514547;12078127.746237552;12633712.283982208;12076260.233605847;10778962.555705395;9230173.3866938;15928001.786007011;16285007.64801521;14739019.745739944;11621210.039846553;10057792.036468338;7890234.203414143;2852111.127530456;1918565.5652295973;4242015.06723088;1918268.917810138;2707179.949758285;2673202.240412051;4000381.9339708695;4090045.397089888;2908124.1497492976;2382349.847834889;2526055.0632076827;1920970.0061465055;5522701.918260092;5440514.690167281;6559595.221416527;5439673.481155393;5242063.591873732;4626842.1062560445;7746162.751955402;7919783.11863235;6859444.832176669;5443183.728341776;4891341.36764407;3813615.076256224;;;;;;;;;;;;
DON MARCE;EMPAQUE;0.0;0.0;2614515.4762356896;12763815.553955311;18285111.98589381;14943200.954299612;18961773.492315568;17532505.032057714;25052660.794567015;39614578.24500596;55709411.01483405;68405373.66584489;0.0;0.0;877874.5149801872;2027484.5172414163;4592379.6739692055;4327784.170072859;4762325.94231287;4403359.3999916045;4943086.3876287015;8120994.640871271;13991643.419558426;16654090.066740047;0.0;0.0;1357491.9895856113;5749378.337674169;8892481.008188754;7490631.917843579;9221557.450240074;8526470.50473757;11659346.929719476;18554817.18074048;27092799.858648356;33062613.55285576;;;;;;;;;;;;
ENANO;PARCELA;34673714.65595968;30114888.51731904;30604160.308116473;32181262.800766077;34138829.44773312;29174470.272719998;32987028.178611837;32313860.260805756;34956387.67007744;37269335.58673471;32364491.98492224;29681377.371801596;8672439.216619106;4858136.620648018;10141602.175558835;5198799.58903434;8535731.524359312;8374031.901925411;8251733.114791537;8080396.414615157;6934912.812726599;7670598.445901267;8093272.316098012;7202656.563591442;16856945.95947622;13600954.133699216;15845275.725844214;14537727.048529942;16596443.681624409;14602196.851211654;16037131.488091704;15709395.09536651;16291622.071670702;17477651.889344037;15734043.748892939;14344484.61178403;60203099.832055;48573979.27166627;56591038.20951952;51917789.43833035;59271004.65371685;52150699.02585706;57275892.78149508;56103651.77078742;58182922.55447475;62417585.921980016;56191808.04991319;51228518.54717706
EVA;PARCELA;27556164.65281536;22041518.284437124;21949970.157659523;22813948.63077696;25269546.576915838;23017124.704243198;28953825.754811518;27397012.97686848;22340115.043447684;23894539.18949376;22160891.816847358;21135551.0370336;6891254.030834747;3557918.166417124;7277726.510804499;3679549.288748111;6319643.20278399;6606651.63829456;7240910.183510776;6852481.823323605;4433008.769861075;4916564.463487006;5542092.2981303325;5129360.916352384;13396529.18836585;9955782.801646436;11365894.152467344;10303205.148956677;12284917.514399044;11520360.556596093;14076027.553610047;13319319.81845849;10412354.7802047;11204560.98118776;10773611.974426895;10214469.130677665;47843947.87201595;35555219.25250068;40593590.82093136;36796703.06848175;43874107.29409887;41144136.899133846;50270763.49193234;47568814.61865058;37185478.59351346;40015664.63416853;38476596.08940458;36479381.08406365
SAMI;PARCELA;36676678.15426182;29937682.28829059;30069127.60999427;33443651.24029221;39961284.10977414;33939704.56423394;38631543.76544839;32824741.15561957;30703591.63223363;33367977.559843905;30988996.70964995;33600781.57733474;9174383.29906547;4825572.7088341005;9980766.522373108;5392504.5023218775;9995248.920948802;9744415.851052037;9663623.899550775;8211168.419214733;6089241.726069105;6865014.688719825;7750680.341388167;8156350.766776466;17830858.90294045;13519005.206977857;15573755.764071561;15103075.206660528;19427594.979183566;16988025.110984024;18781282.019669283;15958238.244755212;14308374.907679984;15646248.46049005;15065562.120614927;16238830.062459446;63681920.356267735;48282260.204102546;55623649.89643894;53939230.949274614;69384128.00990652;60672145.52627;67076449.68466845;56994147.81958951;51101208.26598272;55879240.70905378;53805239.17165305;57995962.40657065
VEGA;PARCELA;14241119.1961312;12028198.51904832;12012180.094039682;12569286.067486081;13172398.01041152;12147099.498496;15361593.29621952;14679439.77481408;12041916.958932482;13142441.800888322;12029464.450915199;11485362.480556801;3560709.8082436295;1939266.7917831126;3986673.637416125;2024497.2534802805;3295659.6573300743;3487054.821140189;3841933.5503041595;3671153.5057843667;2388218.1847171322;2702930.840844084;3009640.291704336;2787848.5026374212;6923258.691917265;5431820.74762697;6221323.347443342;5675203.560348168;6404046.770541383;6079908.232155409;7468141.926974373;7136480.942652626;5611744.508335346;6161825.681933202;5848374.745942436;5550720.382455695;24725087.696292095;19399286.058458403;22220177.07889915;20268986.88131453;22872104.438282974;21714062.551791597;26671668.77349805;25487074.223251075;20041879.65198496;22007198.323665608;20887479.488561973;19823931.365649916
FEDERICA;PARCELA;36919333.48599442;33356856.140534654;33376271.96740393;35993608.564948864;38210692.924671225;34630476.57324653;42717476.44977442;40838203.63205126;35122005.948178336;37546979.97409618;34798336.03502089;33429011.052600928;9247005.198816162;5370268.171241006;11074005.81383973;5803338.36776842;9556726.966766773;9939850.296015471;10684934.276563216;10214097.40780678;6968622.2674859995;7724940.970961289;8703994.175245356;8113506.512403982;17950716.35239029;15059907.676176189;17285131.99042298;16254473.372479722;18576422.62463241;17332928.891974412;20767593.697703876;19853841.064325944;16369332.375884205;17605890.11559021;16917592.762273923;16155741.60085979;64117055.03720087;53787031.98795185;61735409.77166664;58051420.30519701;66343842.51607041;61903255.761236414;74170004.42404151;70906142.10418399;58459960.59154854;62877811.06064768;60419922.97254017;57698259.1658647
NEERLANDIA;PARCELA;26985678.612719998;24483606.559439994;24260087.809439998;25415330.08608;26570572.36272;23104845.532799996;27145334.86272;26117817.58608;24930644.059439998;27017609.862719998;24260087.809439998;23104845.532799996;6721471.749076618;4015815.7974411617;7931510.092666949;4169849.280961637;6617216.139020294;6572154.698717195;6761570.060636744;6505943.660362223;4971573.076245566;5579944.768174777;6041806.039975051;5590490.240291723;13114893.481439764;11089525.768032653;12524674.402461918;11512121.436830267;12913017.526435869;11546688.368955443;13192538.079518184;12693218.213353276;11634792.098553928;12683593.620838216;11790146.437180577;11165115.393965462;46822043.84323638;39588948.12491381;44716272.304568864;41097300.8038719;46100806.028176166;41223688.60047264;47099443.002874926;45316979.4597955;41537009.23423949;45281148.25173299;42092040.28659563;39860451.16705718
SAN ANTONIO;PARCELA;32333752.783759996;26689157.189519998;26445163.439519998;27704456.936639998;28963750.433760002;25882994.942399997;31330337.79976;30818634.860639997;26968007.189519998;28963750.433760002;26445163.439519998;25185869.942399997;8060607.437957761;4375317.329148143;8649701.178135067;4543062.680691692;7214217.746425778;7368121.026733173;7808595.714943286;7682694.459711531;5377360.424645865;5981891.638119909;6586894.464127883;6094634.8285287;15715146.228868898;12087414.57690332;13654027.208379539;12547866.74634894;14076234.642325418;12936759.569103984;15227161.867852375;14978722.57791275;12585297.723123286;13597229.48402693;12852214.238644946;12170782.996361904;56109506.45058666;43151889.09557146;48748891.826034606;44795386.36368063;50254202.822511196;46187875.538237154;54366095.38255566;53480051.898264274;44930665.337289155;48542871.55590684;45884272.14229283;43451287.7672906
MRS;PARCELA;15455571.0195264;11819125.0667664;9867567.852187201;10394187.198782401;11031759.1844976;9633410.850648;11171677.877736;11072513.154688;10167256.4536416;10799658.9980832;9857975.8072752;9617534.4774;3871407.8148386846;1895514.7356028745;3282985.6863735355;1672405.968609019;2760814.3867487656;2768107.961098158;2795139.2368582115;2770603.460808646;2015553.7618012056;2220659.025320277;2467603.244134702;2335449.6028819047;7514774.852441718;5332565.573286792;5113285.54482771;4692271.387615915;5363444.436321294;4822530.148524364;5431360.989233685;5383193.387028262;4737585.364378639;5063101.242305959;4792857.468000299;4648087.488893196;26841753.6868068;19047205.37565607;18263839.083388448;16758864.555007335;19156018.00756766;17224048.960270524;19398178.103827897;19226310.00252491;16920395.579821445;18083419.265709437;17118436.5194102;16601071.5691751
DON FUAD;PARCELA;42256362.167825915;34989302.413370885;31173012.6499296;32637579.943631995;34936539.7356768;37842954.080118395;49202632.3445536;44329768.864841595;35958540.35435519;34870251.33108672;31197873.797038082;33186518.9430848;10566614.728108384;5647748.45533767;10337014.202015521;5263525.8780438695;8736425.740494158;10861996.873482719;12305844.947985604;11085927.495092344;7134227.083173877;7175969.567315996;7803758.506244778;8054245.9205840435;20542945.844648488;15803988.802257227;16142102.505036939;14739534.00569281;16984443.774979252;18940832.775221854;23920233.399131384;21551065.78589706;16758987.373083469;16351984.952642143;15167241.766391724;16038522.657401092;73365922.7405828;56441039.670965776;57652129.35698207;52640639.82736868;60657409.251150206;67645783.72882298;85428710.69167058;76966762.145831;59851754.810612544;58398205.851044856;54168874.06967458;57279287.52106994
EUFEMIA;PARCELA;55054325.4075564;45771309.7199428;51316711.9399428;55394577.5637496;53988446.8418844;49814199.744792;59629784.3865108;58310801.739271194;55820091.752031595;60801511.72651079;48464534.7320316;45973824.744792;13739643.172319308;7468168.892885969;16896405.386772394;9006197.065728143;13473585.12371111;14248849.05078128;14892563.968042437;14564935.15479336;11092173.161975108;12525992.051055375;12095644.458410602;11141154.591146827;26760370.76624803;20712587.89177425;26532841.2598619;25051859.96558702;26242268.740043655;24918076.78119839;28986121.976927765;28345245.616517857;26026405.57215142;28521685.889852885;23557349.851401895;22217362.182238482;95554339.34612374;73952066.50460301;94745958.5865771;89452634.59506476;93704300.70563917;88981125.57677168;103508470.33148101;101220982.5105824;92938670.48615812;101849189.66741905;84117529.0418441;79332341.5181773
OLGA;PARCELA;11190470.79342417;9539798.141474241;9131822.333474241;10596457.315449208;11087725.353424171;9825360.759499278;11864139.715024171;12365493.897849206;10479831.773474243;10326543.081424171;9640022.333474241;9825360.759499278;2795716.724355979;1548823.0706801754;3009587.492182185;1718262.855539482;2769911.7924193833;2814048.7543060314;2964911.3929435867;3091472.6576930815;2081636.086276685;2127859.596339293;2407603.612564581;2382945.7388675646;5439844.748527816;4313263.885499209;4722482.81956744;4789996.970814033;5389877.218956061;4915906.878334969;5767465.826033738;6011388.140490017;4885759.377419973;4844439.98121333;4686029.025560077;4748337.136234038;19426032.266307965;15401885.097653626;16863892.645223863;17104717.141802724;19247514.364799615;17555316.392140277;20596516.934001498;21468354.696032304;17447227.237170897;17298842.658976793;16733654.971598899;16956643.634600878
DON SAID;PARCELA;127529267.1521309;109870673.24795154;96023415.39277425;100474183.69418427;105880387.14900355;100642145.22083049;128218748.99087617;126249120.97336602;104595200.90267186;105774036.12515107;98796706.62184498;100629861.92152809;31895348.806751195;17725804.17774423;31879507.831945747;16184015.381577017;26490197.861449007;28896483.371266853;32065902.533634502;31574164.664706435;20745515.64478977;21759032.996905737;24712556.749588337;24426865.874609984;61999256.588407844;49622203.57652089;49735813.15027006;45365912.79880907;51475969.304526314;50375301.04262907;62334154.357083164;61376743.51580185;48744197.02291727;49595662.67994653;48031238.59434829;48633110.99377591;221423872.54728994;177218681.00221664;177638736.37499005;162024111.87457037;183846554.31497887;179913929.6347264;222618805.88159385;219200029.1538743;174084913.5703789;177128731.80200332;171540501.9657816;173689838.78991398
ASUNTINA;PARCELA;54891900.096;44843760.192;44843760.191999994;46979177.344;49114594.49600001;45363785.5;60984016.125999995;58332537.16399999;47499202.651999995;49114594.49600001;44843760.191999994;43941718.04;13736485.154569855;7235826.65111675;14866769.033502266;7580389.8249794515;12285491.535924455;13031998.943501627;15266544.683284651;14602781.870967928;9418666.783178253;10105222.267383303;11217187.924104936;10667334.652462663;26687336.631293386;20253820.14384707;23219967.44788032;21218287.769744545;23877696.72500592;22708426.877882026;29650076.270965826;28360942.520054266;22134460.587381374;23030226.060323976;21801375.270657577;21236524.246253178;95315721.88186324;72333406.98696382;82930496.67338258;75777854.938724;85277782.75693038;81104211.32138366;105900637.08025047;101296261.55502218;79052330.02255963;82250042.82370728;77862323.3867625;75845576.93871585
PORLAMAR;PARCELA;106679177.82867248;87083848.46853463;85853181.27819416;90332467.66476163;105241151.61939247;119051471.60887915;143520371.16767982;121930884.71283907;91083581.8648604;94461410.70414512;100160557.17174296;98903097.32745835;26679448.75100565;14049378.209275743;28483792.369009633;14560573.285943432;26324444.424577612;34179027.62124592;35895297.752270736;30496436.606327888;18066913.25308;19433407.28816711;25053287.924043454;24004740.777387764;51862640.57741012;39330645.10643193;44461674.61931998;40791634.46333908;51164269.837690614;59588952.32071381;69773530.36847527;59277762.0339981;42448217.06925666;44292430.72538086;48694225.50335785;47798396.653366305;185221267.15708825;140463871.7842423;158798648.26652378;145684675.41404414;182729865.8816607;212819451.5508389;249189199.2884258;211705083.35316506;151598712.18719706;158187248.7176931;173908070.59914428;170706234.75821242
EL MORRO;PARCELA;12592250.66643904;9005260.682370558;9647297.772880001;11729474.179523198;12808137.5226464;8817960.7537088;9496334.5528704;9312173.128790399;9396237.975273598;11737992.443068162;10547296.54794624;8475928.135324799;3149152.6146969744;1450380.13104729;3196500.989236247;1893989.4450387529;3203565.983316367;2531190.6160803474;2375815.098364664;2328646.2761480776;1864580.902122205;2415667.160989792;2638113.7627746225;2057124.7366364836;6121780.703887114;4065963.7997882934;4994739.67109973;5298309.782143605;6226802.043042511;4413545.560615222;4616830.771673954;4527123.751903169;4379466.663231843;5504459.659508305;5127676.455950855;4096285.8651165916;21863183.985023126;14521604.61320614;17838538.433215976;18921773.406705555;22238505.549005277;15762696.930404369;16488980.422909018;16167943.156841645;15640285.540627647;19658119.263566256;18313086.766671717;14629338.737077873
LA PERLA;PARCELA;13464719.23680832;10044947.00673024;9852796.14050304;10488315.240675842;11236080.59471616;10944060.640848;13051843.66891072;11307944.513137281;10169418.16899648;10854140.026281599;9884707.65073152;9444521.5564224;3367396.151897957;1619370.6976867297;3274252.40978467;1691750.7684156979;2809602.8519766494;3141621.46278609;3264207.050171318;2827548.0144167882;2017900.6226340346;2232894.419416479;2473606.7035116977;2292728.354597134;6545943.373791014;4536134.212738725;5104356.947611135;4736787.462877125;5462410.664180903;5477736.005610592;6345232.3852948565;5497343.359776949;4739768.97212414;5089367.497763343;4805745.356725776;4564425.940392499;23378058.76249729;16200451.917155694;18231405.497898843;16916853.471968666;19508094.110873714;19563418.109244682;22661283.104376893;19632835.887331016;16927087.763754655;18176401.943461422;17164059.710968994;16301675.851412032
ARACATACA;PARCELA;54348464.4519936;49494460.623413764;49623447.80006784;52938356.20135104;55003994.39247936;53024963.4238208;65517483.52445248;62648564.99069312;51404568.91411008;54546444.91539264;49746976.42891968;47793774.2953344;13599844.340593474;7966505.280901314;16470946.88220139;8544961.67612879;13756164.288855439;15214585.54909001;16384983.322794974;15668026.50034087;10200612.643752154;11222743.064657075;12445201.724076468;11601446.470889818;26423026.57101177;22344810.702786054;25701414.244890906;23911224.294291127;26740509.46641792;26538107.261037134;31851617.34117248;30456961.85936988;23958975.1239558;25577214.526571546;24185379.03391176;23098112.981203984;94371335.36359884;79805776.60710113;91795808.92716014;85394542.17177096;95500668.14775272;94777656.23394793;113754084.18841994;108773553.35040388;85564156.68181804;91346402.50662126;86377557.18690792;82493333.74742821
BOCATOMA;PARCELA;22288220.703218244;20314889.987292483;20487138.19205088;20656798.07118401;21688964.905976005;19081978.946758404;22144361.960623045;21500986.61670977;20383720.332312003;22139016.218630724;19983898.94001888;19015924.878060803;5563383.806017054;3302308.911740005;6732326.481364802;3319093.6826285366;5428802.446484126;5472696.375754079;5531075.891353138;5362330.61125948;4055013.3920679134;4560922.782573734;4997366.297279089;4615294.4572759885;10833843.33277544;9187025.094565863;10588280.460309468;9322953.60901738;10544931.644153057;9549462.052908782;10764486.519812526;10450464.776337106;9506777.122780824;10385277.385051941;9715211.053805932;9190110.267964877;38685447.84201074;32804223.99359835;37807745.13372515;33298845.362829924;37662698.99661319;34104137.37542127;38439924.37178871;37313782.00430635;33945510.84716074;37085216.3862564;34696476.2911039;32821329.603301667
JOYA;PARCELA;44344352.58249792;40627568.97895104;40711797.31702464;43176330.95870208;46188073.96351872;46564271.8894432;53571130.71717183;44173759.62462976;40714586.12732544;44395378.4105184;40673148.79314816;38847765.2247552;11100068.91023166;6546698.4059059;13502834.82292936;6970567.886256605;11548397.872147411;13368193.841199353;13398781.646755582;11046738.649931837;8074332.166829207;9129465.361230683;10176354.097125068;9429536.015138296;21559816.790994238;18345315.254610907;21082420.756954506;19502547.633697566;22454130.586346883;23306816.15674685;26044067.71114643;21475193.78662767;18973462.86071035;20813989.35710122;19774158.3763979;18774599.38381651;77004238.28372382;65519582.63946785;75297052.8969085;69649446.47865625;80190602.42201301;83239281.88738939;93013980.07507384;76695692.06118926;67762381.154865;74338833.1288503;70623661.26667112;67051900.62371001
ESMERALDA;PARCELA;0.0;0.0;0.0;0.0;0.0;0.0;0.0;0.0;0.0;0.0;0.0;0.0;0.0;0.0;0.0;0.0;0.0;0.0;0.0;0.0;0.0;0.0;0.0;0.0;0.0;0.0;0.0;0.0;0.0;0.0;0.0;0.0;0.0;0.0;0.0;0.0;0.0;0.0;0.0;0.0;0.0;0.0;0.0;0.0;0.0;0.0;0.0;0.0
NARANJOS;PARCELA;19421333.7148896;17893117.4734272;17637386.756832;18410082.87573696;19256748.27100224;16753225.9637472;20895063.901318397;22282604.7769696;18288110.496796798;19376009.08004544;17602160.00918976;16741914.047808;4859766.498124515;2886594.0156664737;5856560.518552798;2960546.6283962904;4820860.597573306;4818368.904485464;5226295.152875884;5573057.183807119;3628914.155978829;3985877.778795811;4406127.088983513;4066466.283101268;9442206.504715594;8081203.85304896;9135706.209038395;8310133.1106062485;9362549.415604541;8388044.821613372;10158345.682018848;10832866.565683704;8523755.788938489;9085078.492918674;8558014.408158354;8091314.069179172;33723306.71772971;28860915.342142634;32629653.484423194;29680762.6147395;33440158.28418009;29959639.689846035;36279704.73621313;38688528.526460424;30440780.441714115;32446965.351759925;30566301.506331626;28899694.400088437
YUNQUE;PARCELA;15465434.09134464;13313424.753359998;11149735.28996736;11810826.36993024;12909551.514658561;12320485.5711456;15354503.990709119;14247824.216474878;12326506.819343999;12325313.43404352;11161128.676769279;10713830.1170688;3867747.4636869454;2149649.8125836635;3698207.9892493566;1905795.9437114976;3228576.216598678;3536214.521059443;3839451.101585608;3563156.1940522874;2445593.4370716196;2536196.165747699;2791977.753517431;2600699.156129248;7518600.030907686;6013744.3291254835;5773902.9440608425;5334416.61436576;6276049.200107277;6166511.157887207;7464583.124824889;6926640.1756697;5744941.015699002;5779641.013400941;5426149.621496625;5177857.283858482;26851781.585939273;21476818.895069145;20621846.223277558;19051038.9280075;22414176.931364518;22023211.25009225;26658538.217119616;24737620.586196866;20517041.27211462;20641150.61319216;19379256.051783334;18492386.55705653
DONAMA;PARCELA;26265296.508401282;23841789.10197696;23863598.225228157;25040833.3506048;25927900.59792;22243550.16;25580082.684;24467905.176;23355727.667999998;25580082.684000004;23355727.668;22243550.16;6578426.891230117;3819130.346294099;7956198.638096508;4015304.2012568098;6502654.240314793;6442079.214692697;6424541.007300314;6145213.137417691;4608268.177801317;5243920.889552734;5865885.267535069;5415453.025346976;12770550.783978378;10754775.49709477;12371464.683496498;11297628.650683628;12607886.321356535;11150104.13794305;12440197.228808431;11899319.088425456;10869605.18526297;11981290.18903995;11358440.948042482;10751054.538144369;45614274.183609776;38415694.94536583;44191261.54682116;40353766.20254523;45038441.15959133;39835733.512635745;44444820.92010874;42512437.401843145;38833601.03106429;42805293.76259269;40580053.883577555;38410057.72349134
BURDEOS;PARCELA;0.0;0.0;0.0;0.0;0.0;0.0;0.0;0.0;0.0;0.0;0.0;0.0;0.0;0.0;0.0;0.0;0.0;0.0;0.0;0.0;0.0;0.0;0.0;0.0;0.0;0.0;0.0;0.0;0.0;0.0;0.0;0.0;0.0;0.0;0.0;0.0;0.0;0.0;0.0;0.0;0.0;0.0;0.0;0.0;0.0;0.0;0.0;0.0
DON MARCE SUR 2;PARCELA;14972908.1491008;11927143.595313601;11576284.032009598;12131776.812815998;12685561.838999998;11257126.026552;13894038.582691198;14617615.2228048;13848267.4079856;13158781.210094398;11654137.935431998;12825296.397144;3746866.6183705647;1919712.7471908513;3850868.907443415;1949721.1637723628;3176402.304938651;3235501.4135758406;3476828.158878434;3658251.6236353596;2744729.6364515945;2706667.3122258345;2916716.2604160653;3114284.9963056035;7279519.261188589;5384613.858961288;5998521.962297455;5475586.49476997;6167763.854139237;5635613.317140376;6754985.809900746;7106829.795582589;6452472.355384559;6169750.157791363;5666056.830423586;6198369.203214928;25999294.028659955;19231470.20146574;21425674.901750468;19557084.47135833;22029727.998077884;20128240.757268216;24125852.551470377;25382696.642022748;23045469.399821755;22035198.680111594;20236911.02627165;22137950.59666453
LAS MARGARITAS;PARCELA;23109606.9401024;19950487.0738608;19693766.4719328;20543899.392004803;21506143.5306672;19099169.541288;25147827.3431856;23075471.6021424;19660906.5573024;21494894.2846224;19620296.4657312;18728404.506024;5782719.722634327;3212816.929930659;6545848.969646848;3298880.305585918;5385571.343010712;5489687.214548643;6293390.34901527;5775038.145802988;3894719.5039913035;4417866.487665712;4913724.176319055;4549380.358829518;11235367.070413735;9007651.99886061;10203012.466075635;9271000.594749935;10456446.326298906;9561617.452102419;12226405.958945602;11218907.384611892;9159544.595852144;10075857.989033848;9539597.917695627;9051405.202141047;40127693.73315046;32170956.00265207;36442627.907655284;33113780.292340655;37348161.19997682;34150474.20793906;43667623.65114647;40069417.13255728;32715170.657145847;35988618.76132196;34073618.55974588;32329190.066994563
LA CECILIA;PARCELA;11897031.50999744;10172867.79269952;10201370.060672639;10731987.210961921;12316293.99897088;13193864.872726398;14962590.126087677;12526296.343291521;10243496.763688318;11187939.44906304;10520222.06073024;10124880.0036096;2975797.0210493607;1634659.197884304;3390446.2613595515;1729275.6577149085;3080496.798178904;3786633.884658758;3741799.0659465054;3132535.1289524934;2030822.4143171601;2300547.322818255;2631026.624798813;2456993.4576839022;5783877.331629311;4591331.022893628;5285058.802681325;4845978.630798881;5987679.642667153;6603569.414669317;7274109.431101447;6089697.2057503965;4773205.600561177;5245169.351313533;5114464.024241363;4893177.382783886;20656705.86267611;16398858.013477452;18876875.124713518;17307241.49947571;21384470.439816937;23584068.172054473;25978498.623135626;21748528.67799441;17047524.77856666;18733656.12319483;18265712.709770415;17475050.844077386
JOSEFINA;PARCELA;17098978.13331648;14301741.827712;13940143.765182719;14574607.715070719;15254595.07625088;14708490.0439488;18373973.708127357;16304110.337888638;14147402.714311678;15149210.8446432;14153550.63095232;13610683.535904;4275589.577136385;2308772.176654763;4619781.346021159;2351204.655117374;3815423.726280595;4220978.815744834;4594718.730526687;4076910.561547807;2806797.0774659957;3117052.455506683;3539549.6129979524;3302989.660925322;8312646.526070313;6459952.614848236;7217596.158388758;6582424.210391004;7416163.660560058;7361540.262913226;8932534.22241533;7926234.77783014;6593555.636255336;7103680.69781145;6880803.8851188915;6577811.697654902;29687214.236523177;23070466.619214997;25777521.269592635;23508236.5805791;26486182.46309153;26291009.12260686;31901226.66106937;28307255.677266583;23547755.42803301;25369943.997961335;24573904.12906916;23491484.894484226
SAN ALFREDO;PARCELA;11791650.590817919;9825775.75194944;8148807.79803264;8498787.73165632;8895213.179911679;7753377.945206399;9093016.76022144;9092767.28911616;8206047.63615552;8899838.2181184;8143774.549620479;7771896.899001599;2948598.760325737;1587153.5544272577;2703261.8397609815;1368622.4729934656;2225929.8390490897;2226981.1895529977;2274226.1078152736;2273799.075635581;1627515.3213385213;1830555.939651127;2037324.564102756;1886433.5876969823;5732512.334995313;4438661.478986367;4220008.94651352;3837196.883991955;4324663.616426175;3881109.035470254;4420641.270306513;4420462.271799417;3824191.261671838;4172807.852746584;3959240.5387723045;3756049.88974732;20472761.68613897;15851590.785363067;15072078.584307142;13704607.08864174;15445806.635386944;13861468.170229651;15787884.138343226;15787028.636551157;13657754.219165878;14903202.01051611;14140339.65249554;13414380.3764459
VICTORIA;PARCELA;40362317.11838016;32893138.260074876;32199676.49555136;33781055.66749824;35629469.93524416;34331926.282131195;42389120.11120192;37969640.036225274;32269340.3501664;35257249.68868416;32757404.572285436;31729360.3174752;10093970.07220466;5312607.517057158;10681315.71454923;5449888.3010313045;8910608.836632468;9851671.631641755;10602076.567203982;9496333.110113764;6400867.521879741;7252705.989729863;8192968.923253525;7700485.205349744;19622310.232576247;14858738.099936198;16675019.916545907;15256882.260598838;17321455.94782913;17182768.70197338;20607844.58816324;18459216.277065042;15038714.589445883;16531426.16919063;15925287.064393302;15334293.489150308;70078597.42316107;53064483.87706824;59556012.1266465;54487826.22912838;61861534.71970576;61366366.61574633;73599041.26656914;65925189.42340408;53708922.461492024;59041381.84760465;56875660.55993227;54764139.01197525
CIRCASIA;PARCELA;29430298.025053572;19026570.394822467;18272467.298778947;21362142.726205543;28071149.733299978;25458646.438375074;29091243.984039813;25748601.286268905;20292018.778969668;20450635.203104775;20780410.364817347;22728940.698522277;7360758.973204107;3062355.6621916047;6077326.821366026;3439146.8055003537;7022495.098874245;7308727.025782141;7277020.38795556;6442527.515043281;4022590.5793541237;4205354.2529020235;5200247.266292133;5518881.205615752;14307775.877424447;8589696.600091988;9467959.45810236;9644531.987351695;13647279.389031515;12742750.078553125;14143110.066616692;12518299.551527277;9455312.973625837;9587839.11723392;10103021.897971692;10984710.314636737;51098832.87568213;30678622.657106057;33817753.57824734;34445821.519057594;48740924.22120574;45510123.54271034;50511374.438612066;44709428.35283946;33769922.33194963;34243828.57324072;36083679.52908117;39232532.218774766
CIENAGA;PARCELA;11009458.344355838;9442499.33369664;8538452.686705919;9615151.49800256;9766302.17238784;9522797.195027199;11064872.68979008;9488731.746542718;8921348.547400959;9134321.14363008;8337392.03863296;8138032.6401984;2753610.52273937;1524728.742540842;2828858.205219054;1552532.0723903452;2442065.4590312606;2733443.3394877426;2767124.8803087357;2372701.914746119;1770021.5989146663;1879560.2851327024;2085337.534190196;1974970.7527218258;5352345.296401323;4265273.707034381;4420571.473775977;4343225.983269612;4747876.559479266;4766308.01467273;5379230.782295467;4612942.820465645;4157928.8910465436;4283291.827702558;4053303.9682960184;3932976.754629334;19115414.16349653;15232501.783271862;15787882.36570095;15510909.55366252;16956244.190898366;17022548.54918767;19211228.352394283;16474376.481754482;14849299.03736217;15297173.25646534;14476033.541119173;14045980.14754956
MARIA;PARCELA;7526002.927032286;8548473.728439344;9942720.900152624;9347020.687666055;9807431.286889566;8079139.660067032;9723207.118836446;10137689.201034376;9786572.096797744;11019365.846951008;10207165.564953903;9384688.829433432;1885609.820870121;1376722.5350493218;3294584.332363736;1506331.74303918;2454355.3079219228;2322824.6935356334;2433563.946680603;2536247.421570387;1941234.0224407553;2267701.661298992;2552466.1706686635;2278015.2427473105;3659348.3041174687;3859677.6646390287;5147756.80139184;4220709.329016514;4768188.870045437;4044845.966290039;4727285.951071545;4928634.328230259;4560903.140007727;5167413.013759046;4962227.550664305;4535497.36247248;13070961.052019877;13784873.928127695;18385062.0339082;15074061.759721749;17029975.464856923;14446810.319892704;16884057.016588595;17602570.950835023;16288709.259246226;18454480.522009045;17721859.286286872;16198201.434653223
REMANSO;PARCELA;68973376.65144192;62921187.11058625;61978548.98980224;64801248.96287232;67914217.08583488;60302488.1082624;76859922.99745727;70856809.66703232;62692280.43397056;67894106.31672192;62123767.66910592;59270697.8652096;17249822.149622887;10158073.801060384;20572544.85522521;10432360.500302326;16993767.187427394;17304687.58752144;19220956.242308307;17718226.80440245;12435845.473821817;13964450.246709097;15541905.342120796;14387064.707095528;33531805.368282203;28421117.37458794;32100714.121972397;29256244.17030161;33018287.170586046;30180959.14386462;37365698.6397883;34447030.84164848;29217157.33038825;31832851.48346378;30202640.203922413;28644743.23719621;119755004.169347;101500378.28623457;114651807.96699984;104489853.63347626;117926271.44384831;107788134.83964846;133446577.87955387;123022067.31308326;104345283.23818062;113691408.04689479;107868313.21514913;102302505.80950134
PIEDECUESTA;PARCELA;36770967.72895136;24564183.09844512;24034007.20611072;25282985.78864704;27793814.68122656;27028410.0521744;37621663.4784416;37792738.5236032;33693605.7108672;34070607.74902208;27883087.09871232;28336448.596591998;9196529.561948566;3944246.4438834093;8016431.209279955;4056084.8276997567;6959374.911665211;7771498.35732455;9409902.791089699;9448203.527687447;6682069.127640941;7007200.7915050015;6979597.124003902;6881248.393034332;17876471.18934559;11085168.26807666;12460949.056753777;11407820.422846943;13513438.981964977;13532029.735742977;18290139.88054908;18372599.24341276;15701670.657537341;15974049.056583323;13556506.210781716;13694823.803045277;63843968.480245516;39593597.81040519;44511387.472144455;40746891.03919374;48266628.57485674;48331938.14524193;65321706.15008038;65613541.29470341;56077345.49604548;57051857.597110406;48419190.43349794;48912520.792671606
NAUTICA;PARCELA;76360097.04997438;68622203.949975;68647056.6013596;72036176.61023939;75207112.38535559;62369613.74451599;60530607.8669682;57010681.3463928;53235034.941816;58160534.1561972;53289176.4727218;52145309.101158;19116660.60146936;10995905.205702431;22885246.70833378;11552364.384180868;18844962.23253825;17951122.085399173;15142531.076190969;14265070.261748387;10546771.971346077;11953965.698292663;13340376.217133697;12660610.465546856;37125983.07267272;30956456.69183341;35587656.129900716;32501082.71232947;36568089.30500742;31231223.202314794;29427968.420476;27717187.146614544;24801660.493344106;27263214.611589063;25908910.78014694;25201338.567613877;132602740.72411647;110574565.84751084;127119959.43959409;116089623.70674974;130620163.92290127;111551959.03222996;105101107.36363517;98992938.75475574;88583467.40650618;97377714.46607892;92538463.47000244;90007258.13431874
LAS LINAS;PARCELA;46924242.948;38660311.496;38219936.496;40964720.972;39569415.567999996;32766780.0;39631797.0;38657997.88;36403237.568;39393236.383999996;36403237.568;35996988.16;11691092.282393351;6353628.2679616995;12473510.38479271;6729798.0705983145;9845483.242593994;9304988.755434161;9866858.537787685;9624474.51484918;7269867.118239991;8144205.318188751;9057835.053346982;8706380.294199469;22805467.760882005;17516719.520747144;19724343.937059358;18559603.597519632;19228892.789921213;16370693.40022692;19260133.82527618;18786898.927951287;16995317.725285847;18499250.46945602;17690300.861661933;17394848.778856248;81420802.99127536;62530659.28470884;70417790.81785206;66254122.64011794;68643791.6005152;58442462.155661084;68758789.36306387;67069371.32280047;60668422.411525846;66036692.17164476;63151373.48300892;62098217.23305571
DON ALI;PARCELA;33689536.543296;28647229.017792;28647229.017792;30011382.780544;31375536.543296;26669972.44032;32506900.069440003;29988556.58816;27359713.10688;29965400.069440003;29569713.10688;28266869.625600003;8461263.073818281;4550505.532606482;9618865.333981076;4767196.272254409;7880092.634514281;7724040.176966631;8164239.150288538;7531747.0209307745;5398285.896138182;6142911.628906812;7426552.790155013;6881900.754598072;16384015.81117232;12903959.419739889;14874030.874534197;13518433.677822743;15258663.061414855;13368952.704339312;15808871.814708482;14584142.012853585;12733034.212473169;14035300.757147407;14380448.55417751;13662327.04678299;58534815.428286605;46101693.97013837;53140125.22630727;48297012.73062116;54514292.239225134;47762965.32162594;56480011.03443703;52104445.62194436;45491033.215491354;50143612.455494225;51376714.451212525;48811097.42698107
DR4 DON ALI;PARCELA;3753465.006944;3001171.310688;2735971.310688;2866255.658816;2996540.006944;2771436.96256;3872252.506944;3275105.658816;2791221.310688;2996540.006944;2791221.3106879997;3075311.96256;942697.8854787536;476724.8743361426;918655.6779644848;455294.0260018256;752593.1167794537;802651.3898597398;972531.8455301037;822556.0045380774;550729.8477738183;614291.162890681;701026.4975485011;748720.7460920571;1825398.5162847242;1351858.2471188842;1420553.510489221;1291086.362488689;1457288.0451913064;1389248.1425855528;1883167.677806684;1592761.0885457299;1299016.415294109;1403530.0757147404;1357436.723061528;1486401.5138530543;6521561.408707477;4829754.432143027;5075180.499141706;4612636.047306514;5206421.1689147595;4963336.495005293;6727952.0302807875;5690422.751899807;4640967.573755927;5014361.245549422;4849684.531298028;5310434.222505111
DON CARLOS;PARCELA;9518421.198528001;8866232.398656;9217232.398656;10052276.798592001;11554221.198528001;9505387.998720001;9518421.198528001;9104576.798592001;9111932.398656;10957521.198528001;10164932.398656001;9680887.998720001;2390589.900358265;1408367.9632121234;3094865.375622039;1596766.6945684343;2901889.286847065;2752908.686503644;2390589.900358265;2286651.2090383405;1797855.699804834;2246293.533156505;2552963.797589616;2356925.662657505;4629032.614137091;3993737.1606581393;4785712.404861873;4527983.205791461;5619090.145665288;4764799.92154643;4629032.614137091;4427770.326565913;4240634.633871726;5132322.786205767;4943446.251480672;4679098.1701774355;16538043.713023357;14268337.522526262;17097810.179139912;16177026.698951896;20075200.631040353;17023096.606770076;16538043.713023357;15818998.334196255;15150422.732332561;18336137.517890275;17661342.44772629;16716911.831554942
EVA NORTE;PARCELA;80857164.87744;66973818.72297601;64919924.293664;68682842.819008;76453011.344352;72346564.21248001;80460261.344352;69295945.633728;66146129.923104;72445761.344352;66146129.923104;68339314.21248001;20307603.298486505;10638541.42574854;21798129.54632255;10910013.532161392;19201482.363487795;20952693.891722184;20207919.374248795;17403956.424347367;13051150.019487018;14851392.232239407;16612867.495967941;16638007.118469454;39322745.38998263;30167924.389809236;33707307.52760277;30937743.263699535;37180901.704237334;36265421.62510339;39129721.845320135;33700251.92997389;30783982.713685125;33932403.59522108;32168422.296793263;33030684.80134005;140487513.56590915;107780284.53853378;120425361.36758932;110530599.61486891;132835395.41207713;129564679.7293056;139797902.56392094;120400153.98804927;109981262.65627615;121229557.1718125;114927419.71586521;118008006.1322895
DON PEDRO;PARCELA;37761463.024096;32670716.239392;32670716.239392;34226464.631744005;36441963.024096;34413717.84704;40136563.024096;36469614.631744005;32670716.239392;35782213.024096005;32670716.239392;31774717.84704;9483943.843766475;5189621.478197279;10969829.566281788;5436746.310492388;9152546.093264475;9966749.68015607;10080459.794670075;9159490.906127162;6446188.4524473585;7335359.180400486;8205382.242534044;7735927.523104491;18364289.64953814;14716313.270826954;16963080.1546654;15417090.093247287;17722585.693918016;17250687.72782111;19519356.76965437;17736033.32257052;15204740.853717959;16759800.315887786;15888539.479924653;15357787.855375165;65609696.51740061;52576650.98841624;60603625.96033919;55080301.03548368;63317094.81127849;61631155.255017176;69736379.58842045;63365138.860441685;54321645.54555732;59877372.520384274;56764637.9618507;54868433.22551966
LA VELA;PARCELA;26952388.29248;22531528.44096;22531528.44096;24059458.36672;25132388.29248;22491047.10784;24856320.055552;22930045.270528;21887770.485504;23972320.055552;21887770.485503998;20845495.70048;6769201.0994955;3579049.2953084684;7565399.700883992;3821755.267892681;6312100.7539755;6513758.1927295355;6242765.102059629;5758973.415355819;4318628.716910547;4914329.303125448;5497201.896476009;5075080.279182457;13107581.796660876;10149181.566087553;11698675.96873476;10837427.739773948;12222472.892357253;11274167.82033138;12088214.40076364;11151421.56320304;10186427.369978536;11228240.605717923;10644538.76487563;10075327.883294795;46829171.18863638;36259759.30235602;41795604.11057875;38718641.37438662;43666961.93881275;40278973.120900914;43187299.55837527;39840440.24908686;36392826.57239309;40114889.964395374;38029511.14685564;35995903.862957254
ESPERANZA;PARCELA;27239492.485184;22048709.974368;22048709.974368;23098648.544576;24148587.114784002;21087453.626560003;22694081.226304002;20569599.433856003;19634617.641408;21504581.226304002;20031117.641408;20285635.84896;6841308.476245632;3502355.3818375724;7403283.993007905;3669134.209544124;6065015.117575598;6107255.618878165;5699710.09329808;5166137.916716251;3874063.9960521073;4408442.463097829;5030896.041230421;4938775.835652734;13247207.333707698;9931699.103957105;11447990.055119012;10404637.156526493;11744027.187718177;10570583.483701814;11036666.68592933;10003481.108167436;9137824.552480742;10072392.308070492;9741604.718441553;9804728.82180897;47328008.29513733;35482764.46016268;40899984.02249491;37172419.91064662;41957629.42007778;37765292.72913998;39430458.005531415;35739218.45873969;32646506.18994085;35985415.99747232;34803618.401079975;35029140.50642171
LINA MARGARITA;PARCELA;14453898.857024;13197038.086848;13197038.086848;13825468.471935999;15373553.079103999;15480846.071680002;17979240.041664;17197533.952896;16415827.864128001;17979240.041664;16415827.864128001;15634121.775360001;3630155.033877365;2096300.3015378173;4431162.681946338;2196124.1254205704;3861129.9034771966;4483494.585480631;4515558.700676722;4319230.061516864;3238971.5376829095;3685746.9773440864;4122901.4223570074;3806310.2093868433;7029271.74739336;5944520.631565567;6852081.638830359;6227593.0425924985;7476521.27532931;7760139.213438339;8743728.27114784;8363566.172402279;7639820.527483901;8421180.454288444;7983404.073656723;7556495.912471099;25113325.638294727;21237859.019951385;24480282.4076247;22249185.63994907;26711204.257910505;27724479.87059897;31238527.01348856;29880330.186815143;27294619.92929481;30086167.47329653;28522133.36014173;26996927.897217944
DON MARCE;PARCELA;22125347.826208;24976275.914656002;30034374.136096;34732274.453888;36311014.201792;31574794.95808;36712714.201792;40021324.453888;46677434.705984004;54789214.201792;39815059.705984;31574794.95808;5556870.404455966;3967388.3174864966;10084626.335974272;5517092.315080945;9119657.768033382;9144553.312960496;9220546.344294582;10051517.162659468;9209823.818578739;11231797.348906346;9999712.938738856;7687253.952291075;10760078.226259083;11250402.287033789;15594255.483493714;15644928.86309823;17658902.194671124;15827610.67295344;17854258.374263853;19463313.536351997;21723377.38849754;25662367.189756446;19363002.127003774;15261158.411461236;38442296.45692305;40194066.51917629;55713255.95556399;55894295.63206717;63089574.16449651;56546958.94399394;63787518.92035043;69536155.15289946;77610635.91306028;91683378.7404548;69177774.77172662;54523207.321832314
ENANO;COMP. EMBOLSE;16205950.790718162;13626671.830857322;14692927.962690728;15646021.690015784;16778003.44598987;14169566.85007104;15562344.479098504;15905814.01850995;15821064.317996634;17788513.921604164;15911887.432661638;15317295.225613726;4070189.948306258;2164546.0200991007;4933436.855174764;2485312.217090147;4213863.2814822635;4103727.6617017025;3908545.625547907;3994809.386614153;3121620.027084989;3646648.093359997;3996334.7490906487;3729175.0720102964;7881335.9052587915;6138046.378666761;7628768.004704317;7047649.489692075;8159538.596968417;7102829.576726066;7568334.98367606;7735372.317571739;7363021.404933226;8331847.475216569;7738325.962047113;7403363.004686457;28157476.644283213;21929264.229623184;27255132.82256981;25178983.396798007;29151405.32444055;25376124.08849881;27039225.08832247;27635995.722695842;26305705.75001485;29767009.49018073;27646548.1437994;26449833.302310478
EVA;COMP. EMBOLSE;13907849.422996193;11234417.318862721;11301424.179603374;11810634.341018587;12666130.33917115;11363434.521095807;14172813.502212523;13434104.89141451;12255288.469157774;12677442.922939053;11728796.26332361;11045532.095047854;3493012.514665765;1784545.3091935785;3794673.376551972;1876075.2350259796;3181149.7551848837;3291027.9523416134;3559559.3125559706;3374029.6635260964;2418064.4964264273;2598877.7515287157;2945734.5189554435;2689164.264266618;6763715.035169203;5060470.773525484;5867853.120077582;5320024.012208523;6159837.77267619;5696189.563425125;6892573.313100513;6533321.9015054125;5703532.297722579;5937905.846165622;5703990.1150718685;5338676.474865535;24164576.97283116;18079433.401581783;20963950.676232927;19006733.58825309;22007117.867032222;20350652.036862545;24624946.127869006;23341456.45644602;20376885.26330678;21214226.520633392;20378520.897350922;19073372.834180005
SAMI;COMP. EMBOLSE;17638183.806884747;13873820.341091122;14633324.301406335;15771986.476582285;18255392.544458117;15707990.257224482;18744538.439500317;16407994.299730401;15262937.00734072;16340539.821289778;15333533.923818367;15660512.764431218;4429901.050808949;2203804.6395800933;4913423.764521189;2505321.253839512;4584915.516304966;4549279.085972184;4707766.482037648;4120933.9910422848;3011497.1329744617;3349813.179807537;3851078.9311099;3812735.4050314045;8577864.58418554;6249372.829986902;7597820.9732260285;7104389.514814953;8878027.74321861;7874000.593700544;9115910.923001807;7979594.426623343;7103272.550340511;7653640.211526526;7457059.016710618;7569251.5634701215;30645949.441879235;22326997.81065812;27144569.039153554;25381697.24523675;31718335.80398169;28131269.93689721;32568215.844539773;28508522.71739603;25377706.690655693;27343993.212623842;26641671.871638883;27042499.732932743
VEGA;COMP. EMBOLSE;9775205.97272199;7534329.823359669;7870171.192994354;7929499.608057833;8225378.362450091;7820551.418587677;9686120.015705854;9538601.718585731;8189890.738240432;8562403.523490684;7768319.062914788;7487624.762443852;2455082.432780434;1196800.2044591021;2642563.3283335497;1259571.4515654482;2065836.9733564113;2264953.7227073275;2432708.1351249088;2395658.3194193426;1615929.6513982252;1755294.0409257328;1951044.685586787;1822950.0183544208;4753913.103218792;3393790.2418131563;4086299.908440156;3571791.9208755693;4000195.401027987;3920235.8484213683;4710588.502227917;4638846.876772571;3811522.3854525457;4010489.0432886616;3777916.689042562;3619020.4172962885;16984201.508721218;12124920.269631928;14599034.42976806;12760862.980498852;14291410.736834489;14005740.989716373;16829416.653058678;16573106.914777646;13617342.775091203;14328186.607705077;13497280.437544137;12929595.198094562
FEDERICA;COMP. EMBOLSE;13516147.8571185;14202801.838485725;15641090.081847806;16767515.725293666;19764561.36282432;18061703.212438397;21624937.561209857;21090286.6170578;19463941.41909709;20298812.36578167;18691761.916538905;17993477.262128226;3394635.0854880633;2256062.123998204;5251800.7616206445;2663457.363664275;4963949.356042989;5230951.085139087;5431190.346745852;5296910.604270853;3840388.239288581;4161259.6610023463;4694511.445289843;4380722.959005583;6573221.3297911715;6397560.422217503;8121066.670856185;7552819.239677952;9611972.116423722;9053854.72546837;10516716.917822383;10256703.559930446;9058392.938214509;9507629.996810945;9090244.455742834;8696851.625954714;23484004.272397734;22856424.38470143;29013957.514324635;26983792.328635894;34340482.83529103;32346509.023045853;37572844.8257781;36643900.7812591;32362722.596600175;33967702.02359496;32476517.81757158;31071051.847088523
NEERLANDIA;COMP. EMBOLSE;12267299.977521224;10846713.128116103;9808276.296711178;10615671.75469742;10889887.671249151;10371258.589430343;12698077.563671347;12782444.785431061;12400508.748737834;13282104.708540589;10771442.089755826;9657953.42424483;3080981.900177165;1722959.9438547015;3293319.880884419;1686259.883009384;2735039.2402208657;3003678.320618057;3189173.4295571065;3210362.5978081655;2446717.596114565;2722833.510694946;2705291.1543824505;2351341.971662443;5965877.1658613635;4885831.923075051;5092590.434231409;4781760.8275766345;5296009.090488396;5198837.976935812;6175374.4610679;6216404.229865087;5771116.8802441275;6221119.485816853;5238406.211996548;4668013.120389158;21314159.043559752;17455504.995045856;18194186.611827005;17083692.46528344;18920936.00195841;18573774.886984214;22062625.454296354;22209211.613104314;20618343.225096527;22226057.70505239;18715139.456134826;16677308.516296431
SAN ANTONIO;COMP. EMBOLSE;15503100.010958355;12194054.156320356;11814558.567697106;12129078.39110255;12941672.59111788;12113108.333841091;14590421.05701163;14389459.965399452;13049164.675133249;13672341.734247204;11997855.166956289;11185989.415259028;3893666.138263835;1936980.0432975937;3966968.245777995;1926658.8852223982;3250353.303849833;3508145.1864228216;3664443.1354078576;3613970.946170493;2574702.495854843;2802832.1610613037;3013309.748524526;2723360.245312736;7539523.0022026645;5492732.993391497;6134279.472397772;5463465.079307508;6293840.465373949;6071981.243326583;7095665.711593456;6997933.595327238;6072997.169363071;6403900.093106417;5834839.802647392;5406564.213064244;26936289.151424855;19623767.193009447;21915806.285872873;19519202.355632454;22485866.36034166;21693234.763590496;25350529.904012945;25001364.50689718;21696864.340351164;22879073.988414925;20846004.718128208;19315913.873636007
MRS;COMP. EMBOLSE;5835349.035716259;4295514.065336496;4359914.631985508;4588385.969115386;5094530.1384842275;4653554.369402075;5592490.241043054;5397415.674469604;4983131.687561999;5159989.262366235;4657941.168062737;4567715.978809173;1465571.4617888466;682326.3956022668;1463926.2906257384;728848.0056910863;1279511.8058039527;1347741.9594412213;1404576.4953285758;1355582.7306127034;983210.949708413;1057798.5934234245;1169860.7238095107;1112063.9978077968;2837867.797380234;1934886.587166897;2263726.9666189915;2066808.8460072756;2477590.103744816;2332703.8830213896;2719759.8404276525;2624890.480055493;2319117.3831070093;2416854.1395454407;2265266.5953707425;2207730.476911016;10138788.294885341;6912727.04810566;8087567.889230237;7384042.820813747;8851632.048032995;8334000.211864686;9716826.576799281;9377888.8851378;8285460.020377422;8634641.9953351;8093068.48724299;7887510.453527986
DON FUAD;COMP. EMBOLSE;17568390.508559857;14181443.12842248;13671427.607937273;14648691.803126378;15192217.941971105;15053068.246104661;19112074.364358757;18460538.6235941;16158828.000784239;16516472.448218558;13851038.769066313;14358847.574999472;4412372.182248901;2252669.372529928;4590448.207131879;2326890.082603583;3815586.851917657;4359603.452148823;4800074.612940837;4636438.782049543;3188263.449766257;3385879.3954215613;3478744.2896434767;3495829.7565448955;8543922.457917364;6387939.5291202;7098391.12931738;6598408.678983236;7388333.723384562;7545705.489111129;9294652.307476351;8977795.117573684;7520214.446828977;7736044.1616229145;6736086.674920496;6940113.078771296;30524685.14872612;22822052.030072607;25360266.944386534;23573990.564713195;26396138.517273325;26958377.18736461;33206801.284775943;32074772.523217328;26867305.897379473;27638396.005263034;24065869.733630285;24794790.410315666
EUFEMIA;COMP. EMBOLSE;25609820.95874671;21711549.627930857;24515586.27733378;25419354.715947226;25729134.224762548;23893588.65571986;27773546.713745218;26936905.108431224;26126812.707685273;28557286.17700126;23735305.978817694;22913305.183830526;6432009.895026626;3448798.717739804;8231585.778813431;4037769.733273836;6461975.903334846;6919956.110253856;6975438.351191648;6765312.435331521;5155024.981437933;5854248.064107329;5961217.892274995;5578512.736766906;12454659.652861694;9779827.401962187;12728825.77822442;11449984.273412226;12512684.506791458;11977224.850533985;13506930.494740957;13100051.95926058;12159250.30976219;13375763.359518908;11543038.828693729;11074769.625736222;44496490.506635025;34940175.747632846;45475997.83437163;40907108.72263329;44703794.63488885;42790769.6165077;48255915.559677824;46802269.50302333;43441087.99888539;47787297.6006275;41239562.69978642;39566587.546333656
OLGA;COMP. EMBOLSE;5711913.387103234;4800887.4915371565;4902002.74217532;5251361.225347283;5397468.221813274;4903263.850901336;5949932.294783536;6034318.935237374;5288470.694989408;5532433.925273153;5031585.736005881;4865484.50437633;1434570.1004534077;762603.0803221089;1645942.9362087948;834159.153571768;1355595.928090147;1420061.7217501567;1494349.5097616268;1515543.5550960894;1043456.729731659;1134149.8066758208;1263703.0650779076;1184559.235799778;2777838.131613266;2162528.7852816964;2545186.4851879054;2365441.771285835;2624916.0350674596;2457876.6500896355;2893592.3374267044;2934631.549992617;2461220.1899890793;2591301.096608566;2446978.7569812685;2351652.0018064533;9924321.619169908;7726019.357140962;9093132.16357202;8450962.150204886;9377980.18497088;8781202.222741129;10337874.141971868;10484494.040326081;8793147.614710147;9257884.82855754;8742267.558065057;8401695.741982562
DON SAID;COMP. EMBOLSE;56019007.0889678;48057827.94787237;40620411.50168831;43279802.19658614;44131175.95832768;42045499.803911455;54848705.922555305;54466296.6522066;46817597.67651258;48206513.56139347;44738867.69069332;42808844.43136811;14069399.723106874;7633806.809936937;13639094.65040996;6874835.23182512;11083722.955360165;12177032.821191698;13775473.861826869;13679430.230174977;9237479.071541715;9882342.70388875;11236347.186587628;10422314.982090993;27243363.72785342;21647338.430360474;21090670.041320592;19495107.568423454;21462031.207750466;21076298.431377597;26674218.682189353;26488244.039181717;21788608.331968702;22579138.430315197;21757566.0227991;20690951.664011557;97331770.5399281;77338973.18816978;75350176.19341886;69649744.99683471;76676930.12143831;75298831.05648075;95298398.46657154;94633970.9215633;77843685.08002299;80667994.69559741;77732780.90008005;73922111.07747066
ASUNTINA;COMP. EMBOLSE;19778983.124090344;15233787.791371245;13662904.275651388;12722827.025103915;14542213.88812619;15322937.611583993;21159226.571327306;20535159.206374105;17066051.07224419;16662317.42927998;14499044.278699065;15388459.106879828;4967571.43959118;2419830.3990984363;4587586.332239764;2020973.6422386076;3652335.7103781453;4437761.831433216;5314225.152027295;5157488.114583414;3367265.674394185;3415777.63899928;3641493.4887379794;3746500.753087545;9618985.758903008;6861961.390635565;7093965.699287291;5730915.319396038;7072221.428938635;7680983.873500789;10290230.684867933;9986732.013656188;7942430.219418336;7804355.553040149;7051227.030202778;7437758.897569317;34365540.32258453;24515579.581105247;25344456.30717844;20474715.986738563;25266771.02744297;27441683.316517994;36763682.408222534;35679379.33461371;28375746.966056712;27882450.621319406;25191764.797639824;26572718.75753669
PORLAMAR;COMP. EMBOLSE;45423129.098733574;36647147.74538173;35615027.225516655;36075268.35888251;41596549.83395749;44402818.680458136;54899392.708622105;50552222.98496821;41629323.921637505;41967579.822933346;40659220.18949823;39508645.12255177;11408202.20089598;5821262.798787094;11958439.349772707;5730421.890208045;10447141.374473555;12859749.151443366;13788204.052719418;12696394.831446735;8213791.9836386265;8603360.32670863;10211727.251205165;9618842.775423354;22090338.476166002;16507471.178518422;18491806.457814973;16249871.7998215;20229382.772717148;22257960.11626011;26698868.861133453;24584737.745240487;19374019.15238083;19656924.436165836;19773537.270201407;19095854.545942932;78921669.77579555;58975881.722687244;66065273.03310433;58055562.04891205;72273073.9811482;79520527.94816162;95386465.62247498;87833355.56165543;69217135.05765697;70227864.58580782;70644484.7109048;68223342.44391805
EL MORRO;COMP. EMBOLSE;5262398.771685993;4182927.8585110353;4532555.771238369;4977438.771402582;5354404.6905651;4188818.185020947;4425147.500881675;4434878.914934331;4218688.922054454;5122349.423145039;4535781.208759018;4033084.5678056963;1321672.69055038;664442.4963694215;1521893.9170424847;790647.5929455603;1344780.348412756;1213147.1087010254;1111393.6547417464;1113837.738657058;832380.3988424926;1050082.4205865443;1139179.7569927862;981901.7138496005;2559228.577371278;1884172.8569420334;2353364.5938347676;2242055.169822123;2603973.2246506927;2099743.9096697303;2152053.5471908236;2156786.1632509725;1963350.6450326429;2399224.2576584667;2205857.3273877264;1949325.1676794142;9143300.039607652;6731543.21182249;8407814.282115621;8010141.534170264;9303158.263628548;7501709.203391703;7688594.702814245;7705502.816842361;7014419.965929588;8571656.101390049;7880818.29313953;6964311.449334711
LA PERLA;COMP. EMBOLSE;6091580.698827376;4551707.809182966;4005711.66364729;4617182.189478224;4947040.261109668;4615665.07715717;5625348.85473503;5231085.99300332;4812497.11472756;4782504.859270846;4097318.2368013556;4019705.460575668;1529925.078130196;723021.8167220015;1344995.7423613437;733422.1779434136;1242469.127832187;1336768.6291825806;1412829.0687746806;1313808.3598058517;949543.4107131271;980414.2326562715;1029058.0119490644;978644.4133645552;2962479.295503408;2050287.4055892606;2079819.9687155557;2079779.9176167906;2405862.2994816992;2313710.9816542612;2735739.7588682245;2544000.434936925;2239705.152238795;2240046.6510320706;1992622.4478892882;1942858.5960005645;10583985.07246098;7325017.031494228;7430527.37472419;7430384.285038428;8595371.688423555;8266144.687994012;9773917.682377934;9088894.787746098;8001745.677679483;8002965.742959187;7118998.696639708;6941208.469940788
ARACATACA;COMP. EMBOLSE;20838270.668920986;17483189.470200542;19435538.431950342;22198966.57928619;23044616.496937726;22618164.01636197;27342516.73258797;26386195.531633437;24077922.98510538;24260580.348884057;21205449.486024287;20215697.68321743;5233615.781759926;2777139.4700110117;6525860.729993674;3526223.083372204;5787748.441278092;6550573.232969739;6867183.431787002;6626999.502454904;4750762.9758774955;4973422.707650606;5325834.223609125;4921748.569387525;10134142.26337967;7875189.859060232;10091195.854247639;9999381.221875317;11207140.251484487;11337888.168815235;13297310.453892551;12832228.90975014;11205710.233034043;11363256.988075022;10312709.977934508;9770925.358387545;36206028.71406058;28135518.799271785;36052595.016191654;35724570.88453372;40039505.189700305;40506625.418146946;47507010.61826752;45845423.94383848;40034396.19401692;40597260.04460968;36843993.68756792;34908371.6109925
BOCATOMA;COMP. EMBOLSE;11755394.181524767;12891422.470001712;14028751.096702117;8999935.793872692;10454039.596353592;8890491.444926534;11972352.493623193;14306834.580305343;13150411.837243997;13770542.480858037;10646124.118728237;9623396.742750108;2952414.693460862;2047754.4001368037;4710426.530932855;1429606.2490960376;2625574.237128016;2574825.0496792314;3006904.649188129;3593219.247228054;2594679.3547170446;2822963.3292394397;2673817.04017554;2342928.7424791325;5716925.309706913;5806858.049422841;7283918.343861713;4053962.992101945;5084045.897074302;4456568.521453261;5822437.251410761;6957750.922762232;6120116.946315256;6449895.70838489;5177461.128465897;4651310.716108606;20424734.18469254;20746034.919561356;26023095.971496686;14483505.035070674;18163659.73055591;15921885.016059026;20801694.394222084;24857804.75029563;21865208.138276298;23043401.518482365;18497402.287369676;16617636.201337848
JOYA;COMP. EMBOLSE;15209204.27923363;14432467.783919157;15311194.21010623;17662510.77610878;19778407.227220237;18336671.20720536;21777949.03624565;19410357.124232385;16982750.322482605;16613529.384111105;15797590.017651398;15456056.523558438;3819853.0390779977;2292543.7032356597;5141031.79466235;2805623.9909447064;4967426.800767931;5310586.107024189;5469619.796255406;4874989.531952318;3350829.7833883464;3405776.0822263015;3967628.49200646;3762958.136554871;7396594.579627731;6501011.965057078;7949780.248053546;7955963.98395369;9618705.686679;9191688.918041024;10591130.00519316;9439714.245258994;7903662.587152039;7781504.03476535;7682740.43470401;7470430.998386043;26425651.897939358;23226023.452211894;28402006.252822127;28424098.751007177;34364539.71466717;32838946.232270572;37838698.83769422;33725060.9014437;28237242.69302299;27800809.501102753;27447958.94436187;26689445.658499353
ESMERALDA;COMP. EMBOLSE;0.0;0.0;0.0;0.0;0.0;0.0;0.0;0.0;0.0;0.0;0.0;0.0;0.0;0.0;0.0;0.0;0.0;0.0;0.0;0.0;0.0;0.0;0.0;0.0;0.0;0.0;0.0;0.0;0.0;0.0;0.0;0.0;0.0;0.0;0.0;0.0;0.0;0.0;0.0;0.0;0.0;0.0;0.0;0.0;0.0;0.0;0.0;0.0
NARANJOS;COMP. EMBOLSE;7236016.243821371;6948534.970545575;6498526.70696227;6699010.880680919;6905890.650236094;5910901.026871256;8420073.306291237;8795828.152340848;8126288.6338441735;8415238.518775687;6868932.258374908;6160825.175543704;1817354.6841972978;1103748.8759327945;2182006.965655467;1064112.9044836008;1734442.3089814598;1711889.1710815392;2114735.3942909087;2209107.7404228267;1603380.4575603448;1725125.1922957478;1725160.0597014532;1499925.1061788225;3519045.279720856;3129922.731126142;3374123.4385465146;3017526.2152934484;3358497.421247863;2962978.5499442513;4094880.14191628;4277618.58151724;3781922.3758289367;3941559.3744934667;3340523.6840362814;2977733.6345055457;12572416.207739525;11182206.577604512;12054657.111164251;10780650.000457969;11998830.380465418;10585768.747897046;14629688.842498427;15282554.474280914;13511591.467233455;14081923.085564902;11934616.002112642;10638483.916228073
YUNQUE;COMP. EMBOLSE;6710605.670382938;5677018.064106672;5197388.3475647;5826516.24766667;5859724.453574249;5456752.316412718;6890654.297153953;6446103.090250283;5900078.129828048;6032697.674351721;5223928.315338911;4887378.469770678;1685395.698121161;901773.1555600018;1745124.4088068004;925520.3846892794;1471693.4463630673;1580360.6179962687;1730615.6374109588;1618964.8075884308;1164131.6716276119;1236703.9522775447;1312010.6801720483;1189889.5783160941;3263525.7319375435;2557176.147084436;2698554.7084016027;2624516.6389967576;2849722.1377056343;2735325.7976047727;3351087.6235653814;3134891.8918899074;2745858.349825815;2825616.4122707956;2540519.48755511;2362234.0902913283;11659527.100441642;9135967.36675111;9641067.464773104;9376553.271352706;10181140.03764295;9772438.73201376;11972357.558130294;11199959.789728621;9810068.151281474;10095018.038900062;9076458.483066069;8439502.1383781
DONAMA;COMP. EMBOLSE;8290255.988905445;6259323.065517666;6316483.018012668;6363614.556863214;4802709.196751257;2155491.1788662667;2203208.705273303;975975.0;931612.4999999999;1020337.5000000001;931612.4999999999;887250.0;2082131.2510867738;994270.134201093;2120882.249969359;1010836.4488026536;1206219.7984983965;624263.8796840259;553344.7584797246;245120.06028510001;183814.45009199998;209169.34463197502;233978.23936305;216011.41284449998;4031746.920184975;2819471.6767306817;3279603.8796646134;2866449.1059023226;2335670.7004535403;1080490.7912584988;1071472.3313608018;474639.64993281837;433566.45550076035;477909.3105084487;453065.12039041746;428837.71117265715;14404134.160177194;10073064.87644944;11716969.14764664;10240900.11156819;8344599.6957031945;3860245.8498087917;3828025.79511383;1695734.7102179183;1548993.4055927603;1707416.1551404237;1618655.8597534674;1532099.1240171571
BURDEOS;COMP. EMBOLSE;0.0;0.0;0.0;0.0;0.0;0.0;0.0;0.0;0.0;0.0;0.0;0.0;0.0;0.0;0.0;0.0;0.0;0.0;0.0;0.0;0.0;0.0;0.0;0.0;0.0;0.0;0.0;0.0;0.0;0.0;0.0;0.0;0.0;0.0;0.0;0.0;0.0;0.0;0.0;0.0;0.0;0.0;0.0;0.0;0.0;0.0;0.0;0.0
DON MARCE SUR 2;COMP. EMBOLSE;6926972.867987035;5361573.704487171;5236755.9265868245;5142692.34422263;5200831.289097541;5146696.674509176;6250504.916245293;6397138.3407308655;6175740.915821206;6503029.946595748;5573250.236937079;5812356.518549217;1739737.1930574388;851665.995011017;1758342.8405407558;816897.5069227057;1306209.7688119304;1490563.6659927666;1569839.5367528473;1606667.1131249;1218522.100500304;1333122.14051874;1399744.2906447037;1415086.3268839172;3368750.2007279866;2415086.2711949456;2718994.8907824904;2316492.5751401917;2529286.8592094113;2579903.094353105;3039767.8888803767;3111079.179913736;2874150.0344441705;3045912.316261402;2710402.972871039;2809307.034019859;12035460.26177246;8628325.970693134;9714093.657910071;8276082.426285528;9036327.917118883;9217163.434855048;10860112.341878517;11114884.633769501;10268413.05076568;10882064.40337589;9683397.50045282;10036749.879452994
LAS MARGARITAS;COMP. EMBOLSE;10089787.455206465;8561541.860494837;8644733.64637815;8271218.598654732;8573577.621092679;8374812.571351053;10637327.252836166;10094104.702590778;8504461.67310168;8986136.174483864;7683483.020444721;7510540.85263559;2534090.8417572733;1359969.007111549;2902637.7644065637;1313852.2392933685;2153288.622496705;2425476.4012386287;2671607.6718025957;2535175.1358622536;1677996.9630824788;1842159.2996341626;1929737.7711221622;1828529.209134009;4906901.494029805;3856491.2742386023;4488463.267372018;3725717.034710427;4169532.908883194;4198072.323645609;5173183.005207087;4909001.073206693;3957921.6718847826;4208958.450789676;3736658.9216820467;3630096.5330098434;17530779.79099354;13778002.141844988;16035834.678156732;13310787.872658528;14896399.152472578;14998361.296235293;18482117.929845847;17538280.911659725;14140380.308068942;15037253.924907703;13349879.713248929;12969166.594779443
LA CECILIA;COMP. EMBOLSE;5195921.267731022;3784587.244116417;4111038.9603585657;4504412.830643884;5305420.325713162;5577046.996355796;6539590.093346508;6017338.307206787;4865892.040249044;4909902.770043449;4925037.267613993;4720948.437680154;1304976.597128883;601167.5747866468;1380361.4345345309;715509.1856967483;1332477.7274792956;1615199.8343859701;1642444.4457295923;1511278.8018323926;960078.6481347322;1006530.8239839334;1236942.9872116665;1149370.23611082;2526899.000071045;1704742.898107621;2134507.3334949464;2028983.6877516035;2580150.9732759083;2795626.3431093246;3180356.82533888;2926373.4702835293;2264554.806574774;2299717.737998443;2395161.7250507334;2281792.868502551;9027796.86493095;6090497.717010685;7625907.728388043;7248905.704092235;9218049.026468366;9987873.173851091;11362391.36441498;10454990.579322709;8090525.494958551;8216151.332025826;8557141.979876392;8152111.542293526
JOSEFINA;COMP. EMBOLSE;7916873.8080423325;6439877.070434965;6810535.084037368;6615483.024578692;6965403.227411643;6674181.280692967;8153916.106740493;7591140.730882085;6833285.7194679435;7197060.795563989;6660766.055420522;6404643.559269771;1988354.8093925216;1022950.4647768757;2286769.8577416586;1050844.8159336096;1749389.1329318602;1932947.0428133872;2047888.9394132819;1906545.6324050257;1348260.845411066;1475398.5714379803;1672878.2776706638;1559285.5497360274;3850162.363596928;2900801.0629368424;3536122.4308695076;2979901.6316071316;3387439.7904655193;3345590.7793469196;3965441.6214399724;3691750.6894096998;3180167.149768471;3370984.955953666;3239287.552272544;3095579.2446705536;13755390.981031781;10363628.598148683;12633427.372648533;10646229.472119434;12102232.150809022;11952719.102853272;14167246.667593747;13189437.05269681;11361713.71464748;12043444.322955634;11572931.88536373;11059508.353676353
SAN ALFREDO;COMP. EMBOLSE;6551357.346799014;5607586.016556958;5034966.413226796;5028356.502386797;4929521.145725467;4316086.330306486;5276376.284779473;5350315.603660108;4745273.657605328;5128841.296443068;4703893.467757942;4549871.034370903;1645399.8389268245;890744.133649403;1690588.0795614584;798735.6846911018;1238069.1312962954;1250005.9494678567;1325183.1993770502;1343753.3577330126;936279.6955910068;1051413.2556123885;1181401.829341443;1107719.4369058611;3186079.518091634;2525900.9293852123;2614223.031346794;2264990.733117179;2397342.340678359;2163540.0691482867;2566026.1714916406;2601984.605293506;2208419.788387415;2402264.944383956;2287614.281982531;2199105.416185278;11382836.703817472;9024231.079591572;9339777.52413505;8092082.920195078;8564932.617700122;7729632.348922629;9167585.655648164;9296053.566686627;7889973.141583749;8582519.496439412;8172909.579081916;7856695.887462042
VICTORIA;COMP. EMBOLSE;17160232.24282209;14240097.673783546;13826524.62447796;14292518.600135125;15151088.841629768;14384246.149923623;17125375.968895294;16031475.521545589;14094740.161182994;14707990.836040534;13894922.13282718;13496220.914835555;4309861.5864821;2261986.428396389;4642525.052500783;2270313.2971221237;3805257.112369881;4165902.136794805;4301107.292605463;4026369.7802713797;2781002.7365642684;3015140.386418898;3489765.773565274;3285813.1844182797;8345425.471450538;6414360.09051734;7178919.609441638;6437972.758463893;7368331.672319663;7210442.639047452;8328474.0437453445;7796484.468816256;6559601.264354361;6888981.106169982;6757428.1892147465;6523176.654379966;29815519.300754726;22916444.192697275;25647969.286420383;23000804.655721143;26324677.62631931;25760590.92576588;29754957.3052461;27854329.770633228;23435344.162101626;24612112.32862941;24142116.095607203;23305210.753633797
CIRCASIA;COMP. EMBOLSE;12624563.529178888;7960737.53212287;7914493.246907428;7947192.908890351;10374269.980124783;9965333.35817991;11934657.442472441;10645476.21430226;8708250.368935917;8508358.091024408;8167545.418039969;8298177.216995861;3170710.083091682;1264533.4793481983;2657445.3215500847;1262381.9664420679;2605539.776061979;2886116.039590623;2997437.384954392;2673654.316364014;1718206.0704739487;1744214.7189471498;2051311.9959540458;2020288.5147109802;6139622.85308957;3585862.842158804;4109312.521559435;3579761.754041711;5045252.052229795;4995358.380913406;5804105.259420809;5177146.037269982;4052763.6179986144;3985175.051235945;3972069.8768194737;4010787.6299144495;21934896.46536014;12811133.853629872;14681251.090016946;12789336.62937413;18025061.808416557;17846807.778683938;20736200.08684764;18496276.567936257;14479220.05740848;14237747.861207504;14190927.290813487;14329253.36162129
CIENAGA;COMP. EMBOLSE;5311003.889540597;4678835.306174108;4468972.3246737365;4798434.559797366;4970875.352721434;4566133.534967633;5359903.952807461;4919110.785542443;4619689.919558388;4779382.016354877;4287537.6428861655;4209524.787912966;1333880.0620698193;743215.5456877357;1500544.535934953;762213.4412597727;1248455.407288912;1322423.5216743064;1346161.5103199475;1235454.5273201151;911501.0394978394;979774.0493775802;1076832.3835127873;1024858.1536669753;2582866.3919909685;2107551.1661186987;2320351.2037185975;2161423.87801091;2417453.8664160217;2288882.1279167216;2606647.6455176235;2392279.5371096763;2149973.925785156;2238583.962750206;2085130.629261273;2034604.6493921233;9227750.343601385;7529602.017980542;8289868.064327287;7722071.879068049;8636784.626426367;8177439.184558661;9312713.108645031;8546844.849972235;7681164.884841383;7997740.0284826625;7449500.655660226;7268987.590972064
MARIA;COMP. EMBOLSE;2848169.7149626785;3421925.56670653;4277153.723181946;4077418.9747966854;4520298.2206938425;3683685.6015046462;4231991.824554199;4483571.916983331;4465724.154463641;5284205.521563606;5005922.67309073;4539808.901475649;715329.3191258464;543560.1193328196;1436137.7028986344;647682.8035285155;1135291.1420508772;1066852.8304258715;1062881.8270557912;1126067.1826466206;881122.3869530475;1083262.9456881895;1257257.6832506454;1105269.69270419;1385132.0745502096;1541384.2861634952;2220756.3773175217;1836647.0612350057;2198327.5852988726;1846534.2884913923;2058117.3883808032;2180466.7180261617;2078319.2506486666;2475034.9932207726;2434498.2045098925;2194242.0495577035;4948631.108638735;5506869.972202845;7934047.8033981025;6561748.839560207;7853916.948043592;6597072.72042191;7352991.039990794;7790105.817656113;7425165.792065356;8842503.460472569;8697678.560851268;7839320.643737542
REMANSO;COMP. EMBOLSE;27743550.611777052;24272659.214541215;23820071.822595607;24537264.880652465;26120704.57149079;25317650.85959277;31311019.890885934;30494058.755994096;27171403.21180178;27421689.335262097;25607616.838691343;23845696.11805247;6967904.709118077;3855621.4277563207;7998053.248535939;3897653.051368169;6560320.376293563;7332386.74556208;7863889.016872283;7658705.9305890575;5361130.877489672;5621450.536668887;6431456.321378893;5805514.239189769;13492342.683231937;10933462.685661053;12367705.215148833;11052652.60017642;12703114.397203779;12691069.61712369;15227287.09244562;14829979.63367487;12645396.000507586;12843868.468219573;12453587.737319302;11525425.46586006;48203798.00412706;39061743.32795859;44185830.28628038;39487570.53219706;45384139.34498813;45341107.222278535;54402196.00020384;52982744.32025802;45177930.08979903;45887008.34015056;44492660.89738954;41176635.8231023
PIEDECUESTA;COMP. EMBOLSE;15818959.038137868;10118812.0187143;8596152.711486107;7380154.16586784;8461311.473423969;8878358.494667266;14091026.26505844;15738001.404936383;13456984.699355286;14118144.177098347;10995156.00368101;10680423.173718546;3972995.407747004;1607335.5662415605;2886325.7689170437;1172309.976033376;2125092.526403537;2571311.157961591;3539018.117851433;3952662.5714234435;2655168.583942841;2894221.730499364;2761477.8067741166;2600274.2175622224;7693132.6931154495;4557953.566272342;4463239.3853327045;3324342.8119570026;4114935.234732952;4450486.593976837;6852798.251637068;7653761.087611065;6262793.981217981;6612706.62828323;5347203.562123908;5162207.075990834;27485087.139000323;16284101.1512282;15945717.865735855;11876806.95385822;14701339.234560458;15900156.246605694;24482842.63454694;27344425.06397089;22374947.264516108;23625072.53588094;19103837.372579034;18442904.467271604
NAUTICA;COMP. EMBOLSE;34267170.373490155;23207167.699416295;23418771.93940309;22981619.769688614;22574988.603636578;23090307.475666463;28531914.831371285;26636656.444032002;23210161.66370447;24199184.99095971;22791071.41790492;23694386.176357903;8606338.14160168;3686372.072731095;7863308.993425827;3650544.624936535;5669799.500457332;6687313.34611086;7165905.564707158;6689903.771464046;4579546.863916336;4960836.649821229;5724069.571371064;5768676.060229091;16664932.759816194;10453518.909433689;12159344.8585906;10351922.300190795;10978749.136061301;11574561.213424845;13875742.787955692;12954033.955763314;10801859.704686206;11334500.411771553;11083835.302531576;11452292.291361364;59538441.27490803;37347058.68158108;43441425.79141952;36984086.69481595;39223537.24015521;41352182.03520217;49573563.18403414;46280594.17125936;38591568.23230702;40494522.05255249;39598976.29180756;40915354.52794836
LAS LINAS;COMP. EMBOLSE;32593076.027917992;26278178.631437328;25993863.64130737;27726148.274656534;23456295.14999082;21081180.05129264;25678809.091803655;24281878.732375078;21770352.661573563;22591227.05445705;20713137.27964779;21598805.808531582;8185882.590066453;4174190.7105538812;8727946.208002;4404195.290348423;5891143.19652742;6105438.693587869;6449336.543079983;6098491.845298566;4295461.25969333;4631205.02521266;5202188.026005603;5258482.455288701;15850781.214810554;11836835.963231983;13496367.488426551;12489064.543717425;11407349.28529164;10567438.706135053;12488210.208279269;11808850.043541744;10131781.871196441;10581359.349367615;10073286.946307475;10439427.948146945;56629739.832794994;42289205.30522319;48218177.33773592;44619408.10872238;40754787.63180988;37754057.45101556;44616355.84316291;42189220.62121539;36197595.79246333;37803791.429037325;35988612.251960866;37296716.21196723
DON ALI;COMP. EMBOLSE;14676695.115731344;10389678.906454727;11123316.858527185;11841149.508326922;11317406.424997909;10907743.625199603;13961299.83801485;12631234.301645216;11223743.9680321;12662050.188958155;12179655.188684339;12050823.964373792;3686111.213457415;1650361.7615673703;3734870.373079491;1880922.4555923645;2842412.300690557;3159052.758289333;3506436.802123576;3172385.474519838;2214532.679045443;2595722.238692151;3058969.557726414;2933914.3538853102;7137622.82015567;4679963.8076601885;5775377.376925515;5333769.372375427;5503921.538675107;5467763.754262149;6789709.232021807;6142867.006995357;5223458.13271904;5930696.142627674;5923253.43892986;5824567.784307312;25500429.149344426;16720004.475682287;20633564.60853219;19055841.33629471;19663740.264363572;19534560.137751088;24257445.872160234;21946486.78316041;18661734.77979658;21188468.57027798;21161878.185340613;20809306.102566414
DR4 DON ALI;COMP. EMBOLSE;1686604.751304781;1466676.725049315;1089644.9523443205;940913.8754791562;708291.4497330935;1173942.2075375328;1797895.1472898615;1641371.7194000026;1429431.6382950402;1418908.9598997089;1293107.50644702;1510133.5169091052;423597.5904269721;232976.13000325274;365869.524481502;149460.66139293616;177890.25626475757;339991.98149707593;451548.6225466633;412237.1319035702;282038.0689796557;290876.55529142014;324769.16922606516;367659.7064766069;820235.6502311324;660655.064758933;565758.4771421972;423828.58248218225;344458.8291213647;588466.2192777524;874358.7933354572;798237.7605016987;665248.2752176742;664593.6297547919;628868.6638341282;729898.2259300264;2930437.9919628855;2360307.9198115007;2021272.9539680197;1514203.1193542746;1230640.5351192157;2102400.408312361;3123802.563171982;2851846.6118052714;2376717.98249237;2374379.144945921;2246745.3395072133;2607691.4493157384
DON CARLOS;COMP. EMBOLSE;4009188.766016928;3255919.6222815043;3571052.0447201887;4370699.020575532;5538630.045974797;4585773.256061718;4375458.111579649;4116635.8277343037;4099180.3678173083;4883415.086041243;4702662.369447651;4835746.655829197;1006923.9396710112;517190.69393106515;1199050.3059638946;694269.2454524746;1391049.2899574358;1328111.4913613612;1098913.9640721674;1033909.7028776712;808800.4241444386;1001100.844684378;1181092.634032101;1177319.2079839176;1949763.0087009019;1466607.9799118259;1854138.783710903;1968753.165005086;2693566.3578768587;2298727.0013233507;2127888.425805861;2002017.0477488749;1907732.1338355308;2287311.3422730486;2287015.56985258;2337278.7012641574;6965875.714388841;5239718.296124395;6624241.134394987;7033721.431033093;9623245.693809092;8212611.74874643;7602260.501457678;7152562.57836085;6815712.925797278;8171827.27299867;8170770.573332332;8350344.565077271
EVA NORTE;COMP. EMBOLSE;35959224.32587615;23394964.298128378;25137633.49549525;26561079.123092677;32323228.600490294;33240059.313083276;37629246.83639251;30905808.134579256;27317900.275195852;29208989.357856542;27952874.366598267;29956669.838044897;9031304.320873175;3716202.8623307897;8440450.252901187;4219128.399000301;8118109.31956377;9626839.854954438;9450737.214600211;7762118.448841211;5390035.896634299;5987847.316544952;7020477.214972098;7293302.424155872;17487818.48499146;10538110.67527048;13051801.153001694;11964266.66383754;15719548.049525015;16662363.706616258;18299989.80062087;15030223.062975535;12713574.789990379;13681010.41533986;13594141.759756401;14479064.218317442;62478347.13174078;37649277.83572964;46629884.90139813;42744474.18593052;56160885.96957908;59529262.87465397;65379973.85161359;53698149.646396;45421510.96182053;48877847.08974135;48567493.341326766;51729036.480518214
DON PEDRO;COMP. EMBOLSE;17356872.21361569;11893806.536048412;12155128.96978022;13504281.429904196;14884638.319764422;15415290.83519524;18631855.935714655;17044072.181399774;15181327.843250016;14920426.581143204;14032427.977116557;14068021.811685117;4359248.5087858355;1889286.828140524;4081321.394291685;2145104.761179111;3738336.9884090936;4464508.766070734;4679465.816425292;4280687.518233878;2995395.005083519;3058689.7468800503;3524300.9213321395;3425024.8154064175;8441056.124797473;5357488.390660239;6311108.2565147495;6082916.412474081;7238750.502287046;7727278.105012084;9061110.765056798;8288934.0952476;7065292.171147245;6988482.516702639;6824300.522827008;6799547.223950479;30157176.847199;19140581.754849173;22547558.620586656;21732302.60355739;25861725.81046056;27607077.70627806;32372432.517196745;29613693.79488125;25242015.01948078;24967598.844725892;24381029.421275705;24292593.851042014
LA VELA;COMP. EMBOLSE;11697414.223122412;7988354.86211591;8383808.827104064;9901790.352546502;10063403.306227043;9743460.517804123;10871136.478420911;9025279.983550087;8003921.369352158;7605696.482286626;7232675.494972649;7143306.528835468;2937852.792900999;1268920.3892601863;2815027.1722151856;1572862.4836275775;2527464.356254666;2821858.202913994;2730329.802462239;2266735.493898618;1579236.4369167169;1559168.9501460164;1816515.6416406787;1739121.7082841254;5688728.2891283;3598302.890209889;4352987.552935393;4460197.557420865;4894070.260406641;4884139.386743132;5286889.94337928;4389206.416084311;3724973.439296712;3562383.193586568;3517420.5948016;3452599.855768385;20323995.305151712;12855578.141585985;15551823.552254643;15934850.393594945;17484937.922888353;17449458.10746125;18888356.22426243;15681221.893533017;13308131.245565586;12727248.62601921;12566611.731414929;12335028.092887977
ESPERANZA;COMP. EMBOLSE;12676696.341455132;8057204.978342001;8463981.174909433;8640330.848458422;9012372.025927495;9320709.729214942;10452908.541397901;9328179.414105738;8712780.244245052;9097630.917056575;8878110.333227482;9109551.974336656;3183803.4493028903;1279856.973549468;2841946.600149035;1372484.3441242173;2263493.6082451874;2699422.977935262;2625290.168110956;2342809.908384772;1719099.850386664;1865015.739031759;2229773.2422433873;2217827.210320502;6164976.268667643;3629315.9807002144;4394614.126165226;3891981.2653568718;4382928.972002922;4672225.583269285;5083495.838386092;4536513.5496520605;4054871.7927833484;4261180.755221535;4317634.345785527;4402952.289076237;22025476.059425663;12966377.932591684;15700541.901223695;13904796.457939511;15658794.606175603;16692358.29041949;18161694.547894947;16207502.87214257;14486751.887415064;15223827.411309868;15425517.921256395;15730331.473733395
LINA MARGARITA;COMP. EMBOLSE;1005142.2792;876017.786976;840538.679904;903267.644736;991045.683744;870030.8448;999804.519456;937846.6343040001;840522.943584;916921.322016;881623.06416;911857.98336;252445.54017531886;139152.15966682776;282227.23967394594;143480.69798453402;248905.12333268524;251974.50861538228;251104.94027241497;235543.96735446568;165841.7664690009;187969.0122191636;221423.19079447095;222002.51484827293;488824.38539118646;394596.55826006713;436419.1129399475;406871.08081547153;481968.87871070753;436123.48087255907;486228.5069964349;456096.9268646456;391173.9627976015;429470.872917208;428754.0793008029;440731.5756535557;1746412.2047665054;1409766.5049028948;1559185.0325178935;1453619.4235360054;1721919.6857873928;1558128.8342879415;1737137.9667248498;1629487.5285231115;1397538.6728506023;1534361.2071523718;1531800.3342552737;1574592.0738618285
DON MARCE;COMP. EMBOLSE;1576953.51456;1666955.58624;1700662.7836799999;1780271.371392;1888664.835648;1625218.02624;2102851.887168;2258529.608832;2496712.8562559998;2900220.6633599997;2233450.517184;1768355.59296;396058.2397661288;264789.68046379846;571030.6670349;282789.4704939467;474345.79612427193;470688.50030118553;528139.7385724599;567238.8266836582;492621.02076810185;594545.6826227822;560940.1115970489;430526.8977703726;766909.6689065662;750869.3851677665;883007.2442928816;801911.7492410673;918502.2325698822;814678.8668665587;1022666.4449253167;1098376.1908849361;1161954.0779992684;1358415.6786835073;1086179.6374071937;854705.6241468958;2739921.423232695;2682614.651871565;3154700.6950077815;2864972.591127014;3281512.864342154;2910585.3934077444;3653658.0706657767;3924144.626400594;4151287.9550233698;4853182.024666289;3880570.2661882425;3053588.1148772687
ENANO;CONTROL SIGATOKA;13333100.000000002;12173700.000000002;12173700.000000002;12753400.000000004;13333100.0;11594000.000000002;13333100.0;12753400.000000004;12173700.000000002;13333100.000000002;12173700.000000002;11594000.000000002;2994358.5578082004;2733979.5527814007;2733979.5527814007;2864169.055294801;2994358.5578082004;2603790.0502680005;2994358.5578082004;2864169.055294801;2733979.5527814007;2994358.5578082004;2733979.5527814007;2603790.0502680005;6346483.141420048;5794615.042166132;5794615.042166132;6070549.09179309;6346483.141420047;5518680.992539172;6346483.141420047;6070549.09179309;5794615.042166132;6346483.141420048;5794615.042166132;5518680.992539172;22673941.69922825;20702294.594947536;20702294.594947536;21688118.147087894;22673941.699228246;19716471.042807173;22673941.699228246;21688118.147087894;20702294.594947536;22673941.69922825;20702294.594947536;19716471.042807173
EVA;CONTROL SIGATOKA;9646890.000000002;8808030.0;8808030.0;9227460.0;9646890.000000002;8388600.000000001;9646890.000000002;9227460.0;8808030.0;9646890.000000002;8808030.0;8388600.000000001;2166506.4859435805;1978114.61760066;1978114.61760066;2072310.5517721202;2166506.4859435805;1883918.6834292004;2166506.4859435805;2072310.5517721202;1978114.61760066;2166506.4859435805;1978114.61760066;1883918.6834292004;4591867.21408627;4192574.4128613765;4192574.4128613765;4392220.813473823;4591867.21408627;3992928.0122489305;4591867.21408627;4392220.813473823;4192574.4128613765;4591867.21408627;4192574.4128613765;3992928.0122489305;16405263.700029852;14978719.030462038;14978719.030462038;15691991.365245942;16405263.700029852;14265446.695678134;16405263.700029852;15691991.365245942;14978719.030462038;16405263.700029852;14978719.030462038;14265446.695678134
SAMI;CONTROL SIGATOKA;14124693.561000003;13650561.9646;13730474.118900001;14384306.219800003;15038138.320700003;12622579.851750001;14405045.928900002;13460614.041600004;12557696.409500001;13725250.000000002;12531750.000000002;11935000.000000002;3172135.290427488;3065654.426771803;3083601.164072288;3230439.3147423975;3377277.465412507;2834789.3588666534;3235097.0556601165;3022995.7660872713;2820217.782071959;3082427.9271555007;2814390.7160985004;2680372.1105700005;6723277.374549864;6497593.31132622;6535631.062491328;6846851.589276631;7158072.116061933;6008279.412166694;6856723.578098518;6407179.132248043;5977395.246264021;6533144.410285343;5965044.896347487;5680995.13937856;24020106.225977354;23213809.702698022;23349706.34546362;24461597.12381903;25573487.902174443;21465648.622783348;24496866.562658634;22890788.93993532;21355309.43783598;23340822.337440845;21311185.612445988;20296367.24994856
VEGA;CONTROL SIGATOKA;5333240.000000001;4869480.000000001;4869480.000000001;5101360.000000001;5333240.000000001;4637600.000000001;5333240.000000001;5101360.000000001;4869480.000000001;5333240.000000002;4869480.0;4637600.000000001;1197743.4231232803;1093591.8211125603;1093591.8211125603;1145667.6221179203;1197743.4231232803;1041516.0201072003;1197743.4231232803;1145667.6221179203;1093591.8211125603;1197743.4231232805;1093591.82111256;1041516.0201072003;2538593.2565680193;2317846.0168664525;2317846.0168664525;2428219.636717236;2538593.2565680193;2207472.397015669;2538593.2565680193;2428219.636717236;2317846.0168664525;2538593.2565680197;2317846.016866452;2207472.397015669;9069576.6796913;8280917.837979013;8280917.837979013;8675247.258835157;9069576.6796913;7886588.417122871;9069576.6796913;8675247.258835157;8280917.837979013;9069576.679691302;8280917.837979012;7886588.417122871
FEDERICA;CONTROL SIGATOKA;15438830.739199998;13846773.7184;14343028.510399997;15343970.5045;16041423.709249998;13949064.094999999;16041423.709249998;15343970.5045;14646517.299749998;16060830.89025;14748405.0;14046099.999999998;3467265.2981284033;3109719.823726269;3221169.1328350673;3445961.508644365;3602596.122673654;3132692.280585786;3602596.122673654;3445961.508644365;3289326.894615075;3606954.6033353372;3312208.91808891;3154484.6838942;7348799.52970955;6590989.03982448;6827203.623925471;7303646.573509214;7635630.5086687235;6639678.703190194;7635630.5086687235;7303646.573509214;6971662.6383497035;7644868.22135662;7020160.629961159;6685867.2666296745;26254895.567037947;23547482.581950746;24391401.267160535;26093578.586653583;27279650.340592377;23721435.07877598;27279650.340592377;26093578.586653583;24907506.832714777;27312653.714941956;25080774.54805007;23886451.950523872
NEERLANDIA;CONTROL SIGATOKA;10274330.000000002;9380910.0;9380910.0;9827620.000000002;10274330.000000002;8934200.000000002;10274330.000000002;9827620.000000002;9380910.0;10274330.000000002;9380910.000000002;8934200.000000002;2307417.4768992607;2106772.47890802;2106772.47890802;2207094.9779036404;2307417.4768992607;2006449.9799124005;2307417.4768992607;2207094.9779036404;2106772.47890802;2307417.4768992607;2106772.4789080205;2006449.9799124005;4890525.244270743;4465262.179551547;4465262.179551547;4677893.711911146;4890525.244270743;4252630.647191951;4890525.244270743;4677893.711911146;4465262.179551547;4890525.244270743;4465262.179551548;4252630.647191951;17472272.721170004;15952944.658459568;15952944.658459568;16712608.689814787;17472272.721170004;15193280.627104353;17472272.721170004;16712608.689814787;15952944.658459568;17472272.721170004;15952944.65845957;15193280.627104353
SAN ANTONIO;CONTROL SIGATOKA;11215490.0;10240230.000000002;10240230.000000002;10727860.000000002;11215490.0;9752600.0;11215490.0;10727860.000000002;10240230.000000002;11215490.0;10240230.000000002;9752600.0;2518783.96333278;2299759.2708690604;2299759.2708690604;2409271.6171009205;2518783.96333278;2190246.9246372003;2518783.96333278;2409271.6171009205;2299759.2708690604;2518783.96333278;2299759.2708690604;2190246.9246372003;5338512.289547452;4874293.829586804;4874293.829586804;5106403.059567128;5338512.289547452;4642184.5996064795;5338512.289547452;5106403.059567128;4874293.829586804;5338512.289547452;4874293.829586804;4642184.5996064795;19072786.25288023;17414283.100455865;17414283.100455865;18243534.67666805;19072786.25288023;16585031.524243679;19072786.25288023;18243534.67666805;17414283.100455865;19072786.25288023;17414283.100455865;16585031.524243679
MRS;CONTROL SIGATOKA;7779750.4785;7515195.955599999;4870923.11165;5026560.000000001;5255040.0;4569600.0;5255040.0;5026560.000000001;4798080.0;5255040.000000001;4798080.0;4569600.0;1747182.7574164234;1687768.8851997235;1093915.9163131549;1128868.9766323203;1180181.20284288;1026244.5242112001;1180181.20284288;1128868.9766323203;1077556.7504217601;1180181.2028428803;1077556.7504217601;1026244.5242112001;3703118.9488007133;3577192.433618852;2318532.9301692783;2392615.243216983;2501370.4815450273;2175104.7665608935;2501370.4815450273;2392615.243216983;2283860.0048889383;2501370.481545028;2283860.0048889383;2175104.7665608935;13230052.184717137;12780157.274418574;8283371.958132433;8548044.219849303;8936591.684387907;7770949.290772093;8936591.684387907;8548044.219849303;8159496.755310699;8936591.68438791;8159496.755310699;7770949.290772093
DON FUAD;CONTROL SIGATOKA;15827679.999999998;14451359.999999996;14451359.999999998;15139520.0;15827680.0;13763199.999999998;15827679.999999998;15139520.0;14451359.999999998;15827679.999999998;14451359.999999998;13763199.999999998;3554593.38475296;3245498.307817919;3245498.3078179196;3400045.84628544;3554593.3847529604;3090950.7693503997;3554593.38475296;3400045.84628544;3245498.3078179196;3554593.38475296;3245498.3078179196;3090950.7693503997;7533889.664653475;6878768.824248822;6878768.824248824;7206329.24445115;7533889.664653475;6551208.4040465;7533889.664653475;7206329.24445115;6878768.824248824;7533889.664653475;6878768.824248824;6551208.4040465;26916163.049406435;24575627.132066734;24575627.13206674;25745895.09073659;26916163.049406435;23405359.1733969;26916163.049406435;25745895.09073659;24575627.13206674;26916163.049406435;24575627.13206674;23405359.1733969
EUFEMIA;CONTROL SIGATOKA;25655930.502749998;23424980.02425;23424980.024249997;24540455.263499998;25308558.42925;21705600.0;24961440.0;23876160.0;22790879.999999996;24961439.999999996;22790879.999999996;21705600.0;5761829.961482468;5260801.269179645;5260801.269179644;5511315.6153310565;5683816.855675994;4874661.4900032;5605860.71350368;5362127.63900352;5118394.56450336;5605860.713503679;5118394.56450336;4874661.4900032;12212083.49244716;11150163.188756103;11150163.1887561;11681123.340601629;12046736.273250734;10331747.641164243;11881509.78733888;11364922.405280668;10848335.023222454;11881509.787338877;10848335.023222454;10331747.641164243;43629843.95667963;39835944.48218575;39835944.482185744;41732894.21943268;43039111.558176726;36912009.13116744;42448810.500842564;40603210.04428419;38757609.58772581;42448810.50084255;38757609.58772581;36912009.13116744
OLGA;CONTROL SIGATOKA;4879680.0;4455360.000000001;4455360.000000001;4667520.000000001;4879680.0;4243200.0;4879680.0;4667520.000000001;4455360.000000001;4879680.0;4455360.000000001;4243200.0;1095882.5454969602;1000588.4111059202;1000588.4111059202;1048235.4783014402;1095882.5454969602;952941.3439104;1095882.5454969602;1048235.4783014402;1000588.4111059202;1095882.5454969602;1000588.4111059202;952941.3439104;2322701.1614346686;2120727.147396872;2120727.147396872;2221714.15441577;2322701.1614346686;2019740.1403779723;2322701.1614346686;2221714.15441577;2120727.147396872;2322701.1614346686;2120727.147396872;2019740.1403779723;8298263.706931628;7576675.558502793;7576675.558502793;7937469.632717211;8298263.706931628;7215881.484288372;8298263.706931628;7937469.632717211;7576675.558502793;8298263.706931628;7576675.558502793;7215881.484288372
DON SAID;CONTROL SIGATOKA;53712967.0068;49902422.88965;50304941.8543;52712082.492300004;55108086.24195;48532603.85225;56788165.39875;54357160.00000001;51886380.00000001;56827940.00000001;51886380.00000001;49415600.0;12062902.282446025;11207127.152349213;11297525.192300899;11838122.815452544;12376219.307064021;10899492.066938672;12753532.865123235;12207575.674385522;11652685.871004362;12762465.477766683;11652685.871004362;11097796.0676232;25567080.39272993;23753282.101325095;23944878.94101377;25090664.803123415;26231149.56690175;23101255.683788635;27030858.115167525;25873712.756633654;24697634.9040594;27049790.609207913;24697634.9040594;23521557.051485136;91342949.68197596;84862832.14332432;85547345.98761466;89640870.11087596;93715455.11591578;82533351.6029773;96572556.37904076;92438448.43101919;88236700.77506377;96640196.0869746;88236700.77506377;84034953.11910833
ASUNTINA;CONTROL SIGATOKA;0.0;0.0;0.0;0.0;0.0;0.0;0.0;0.0;0.0;0.0;0.0;0.0;0.0;0.0;0.0;0.0;0.0;0.0;0.0;0.0;0.0;0.0;0.0;0.0;0.0;0.0;0.0;0.0;0.0;0.0;0.0;0.0;0.0;0.0;0.0;0.0;0.0;0.0;0.0;0.0;0.0;0.0;0.0;0.0;0.0;0.0;0.0;0.0
PORLAMAR;CONTROL SIGATOKA;49407413.9292;45426581.0062;45645636.10034999;48275419.50675;50753639.99999999;44133600.0;50753639.99999999;48546960.0;46340279.99999999;50753639.99999999;46340280.0;44133600.0;11095957.633113988;10201938.903021984;10251134.476129476;10841733.395220751;11398294.190692078;9911560.1658192;11398294.190692078;10902716.18240112;10407138.17411016;11398294.190692078;10407138.174110161;9911560.1658192;23517660.526271444;21622805.688714582;21727074.72307757;22978837.33299603;24158456.819922008;21007353.75645392;24158456.819922008;23108089.132099316;22057721.444276616;24158456.819922008;22057721.44427662;21007353.75645392;84021032.08858544;77251325.59793657;77623845.29955703;82095990.23496678;86310391.01061407;75052513.92227311;86310391.01061407;82557765.31450044;78805139.61838678;86310391.01061407;78805139.61838678;75052513.92227311
EL MORRO;CONTROL SIGATOKA;5003879.999999999;4568760.0;4568760.000000001;4786319.999999999;5003880.0;4351200.0;5003880.0;4786319.999999999;4568760.0;5003879.999999999;4568760.0;4351200.0;1123775.4835893598;1026055.8763207201;1026055.8763207203;1074915.6799550399;1123775.48358936;977196.0726864;1123775.48358936;1074915.6799550399;1026055.8763207201;1123775.4835893598;1026055.8763207201;977196.0726864;2381819.686471184;2174704.931125864;2174704.9311258644;2278262.3087985236;2381819.6864711842;2071147.5534532038;2381819.6864711842;2278262.3087985236;2174704.931125864;2381819.686471184;2174704.931125864;2071147.5534532038;8509475.170060541;7769520.807446584;7769520.807446586;8139497.988753563;8509475.170060545;7399543.626139604;8509475.170060545;8139497.988753563;7769520.807446584;8509475.170060541;7769520.807446584;7399543.626139604
LA PERLA;CONTROL SIGATOKA;5255040.0;4798080.0;4798080.0;5026560.000000001;5255040.0;4569600.0;5255040.0;5026560.000000001;4798080.0;5255040.000000001;4798080.0;4569600.0;1180181.20284288;1077556.7504217601;1077556.7504217601;1128868.9766323203;1180181.20284288;1026244.5242112001;1180181.20284288;1128868.9766323203;1077556.7504217601;1180181.2028428803;1077556.7504217601;1026244.5242112001;2501370.4815450273;2283860.0048889383;2283860.0048889383;2392615.243216983;2501370.4815450273;2175104.7665608935;2501370.4815450273;2392615.243216983;2283860.0048889383;2501370.481545028;2283860.0048889383;2175104.7665608935;8936591.684387907;8159496.755310699;8159496.755310699;8548044.219849303;8936591.684387907;7770949.290772093;8936591.684387907;8548044.219849303;8159496.755310699;8936591.68438791;8159496.755310699;7770949.290772093
ARACATACA;CONTROL SIGATOKA;28695719.999999996;26200440.0;26200440.0;27448079.999999996;28695719.999999996;24952800.0;28695719.999999996;27448079.999999996;26200440.0;28695719.999999996;26200440.0;24952800.0;6444508.38548184;5884116.351961681;5884116.351961681;6164312.36872176;6444508.38548184;5603920.335201601;6444508.38548184;6164312.36872176;5884116.351961681;6444508.38548184;5884116.351961681;5603920.335201601;13659006.773436788;12471267.054007504;12471267.054007504;13065136.913722144;13659006.773436788;11877397.194292862;13659006.773436788;13065136.913722144;12471267.054007504;13659006.773436788;12471267.054007504;11877397.194292862;48799235.15891862;44555823.40596919;44555823.40596919;46677529.282443896;48799235.15891862;42434117.529494464;48799235.15891862;46677529.282443896;44555823.40596919;48799235.15891862;44555823.40596919;42434117.529494464
BOCATOMA;CONTROL SIGATOKA;13581960.0;12400919.999999998;12400920.0;12991440.0;13581960.0;11810400.0;13581960.0;12991440.0;12400919.999999998;13581959.999999998;12400919.999999998;11810400.0;3050247.74117112;2785008.8071562396;2785008.80715624;2917628.27416368;3050247.74117112;2652389.3401488;3050247.74117112;2917628.27416368;2785008.8071562396;3050247.7411711197;2785008.8071562396;2652389.3401488;6464939.148993214;5902770.527341629;5902770.52734163;6183854.838167422;6464939.148993214;5621686.216515838;6464939.148993214;6183854.838167422;5902770.527341629;6464939.148993214;5902770.527341629;5621686.216515838;23097146.890164334;21088699.33449787;21088699.33449787;22092923.112331104;23097146.890164334;20084475.55666464;23097146.890164334;22092923.112331104;21088699.33449787;23097146.89016433;21088699.33449787;20084475.55666464
JOYA;CONTROL SIGATOKA;18038900.000000004;16470300.000000002;16470300.000000002;17254600.000000004;18038900.000000004;15686000.000000002;18038900.000000004;17254600.000000004;16470300.000000002;18038900.000000004;16470300.000000002;15686000.000000002;4051190.989975801;3698913.5125866006;3698913.5125866006;3875052.251281201;4051190.989975801;3522774.773892001;4051190.989975801;3875052.251281201;3698913.5125866006;4051190.989975801;3698913.5125866006;3522774.773892001;8586418.367803596;7839773.292342411;7839773.292342411;8213095.830073005;8586418.367803596;7466450.754611822;8586418.367803596;8213095.830073005;7839773.292342411;8586418.367803596;7839773.292342411;7466450.754611822;30676509.357779402;28008986.80492901;28008986.80492901;29342748.08135421;30676509.357779402;26675225.528503828;30676509.357779402;29342748.08135421;28008986.80492901;30676509.357779402;28008986.80492901;26675225.528503828
ESMERALDA;CONTROL SIGATOKA;0.0;0.0;0.0;0.0;0.0;0.0;0.0;0.0;0.0;0.0;0.0;0.0;0.0;0.0;0.0;0.0;0.0;0.0;0.0;0.0;0.0;0.0;0.0;0.0;0.0;0.0;0.0;0.0;0.0;0.0;0.0;0.0;0.0;0.0;0.0;0.0;0.0;0.0;0.0;0.0;0.0;0.0;0.0;0.0;0.0;0.0;0.0;0.0
NARANJOS;CONTROL SIGATOKA;7843000.000000001;7161000.000000001;7161000.000000001;7502000.000000002;7843000.0;6820000.000000001;7843000.000000002;7502000.000000002;7161000.000000001;7843000.000000001;7161000.000000001;6820000.000000001;1761387.3869460004;1608223.2663420003;1608223.2663420003;1684805.3266440006;1761387.3869460002;1531641.2060400003;1761387.3869460006;1684805.3266440006;1608223.2663420003;1761387.3869460004;1608223.2663420003;1531641.2060400003;3733225.377305911;3408597.0836271355;3408597.0836271355;3570911.230466524;3733225.37730591;3246282.9367877487;3733225.377305911;3570911.230466524;3408597.0836271355;3733225.377305911;3408597.0836271355;3246282.9367877487;13337612.764251914;12177820.349969137;12177820.349969137;12757716.557110528;13337612.76425191;11597924.14282775;13337612.764251914;12757716.557110528;12177820.349969137;13337612.764251914;12177820.349969137;11597924.14282775
YUNQUE;CONTROL SIGATOKA;4941090.0;4511430.000000001;4511430.000000001;4726260.000000001;4941090.000000001;4296600.000000001;4941090.000000001;4726260.000000001;4511430.000000001;4941090.0;4511430.000000001;4296600.000000001;1109674.0537759801;1013180.6577954603;1013180.6577954603;1061427.3557857203;1109674.0537759804;964933.9598052002;1109674.0537759804;1061427.3557857203;1013180.6577954603;1109674.0537759801;1013180.6577954603;964933.9598052002;2351931.9877027236;2147416.162685096;2147416.162685096;2249674.0751939095;2351931.9877027236;2045158.2501762814;2351931.9877027236;2249674.0751939095;2147416.162685096;2351931.9877027236;2147416.162685096;2045158.2501762814;8402696.041478705;7672026.820480557;7672026.820480557;8037361.43097963;8402696.041478705;7306692.2099814825;8402696.041478705;8037361.43097963;7672026.820480557;8402696.041478705;7672026.820480557;7306692.2099814825
DONAMA;CONTROL SIGATOKA;11721720.0;10702440.0;10702440.0;11212080.000000002;11721720.0;10192800.0;11721720.0;11212080.000000002;10702440.0;11721720.0;10702440.0;10192800.0;2632473.5128538404;2403562.77260568;2403562.77260568;2518018.1427297606;2632473.5128538404;2289107.4024816;2632473.5128538404;2518018.1427297606;2403562.77260568;2632473.5128538404;2403562.77260568;2289107.4024816;5579475.018446288;5094303.277711827;5094303.277711827;5336889.148079059;5579475.018446288;4851717.407344598;5579475.018446288;5336889.148079059;5094303.277711827;5579475.018446288;5094303.277711827;4851717.407344598;19933668.531300128;18200306.050317507;18200306.050317507;19066987.290808823;19933668.531300128;17333624.8098262;19933668.531300128;19066987.290808823;18200306.050317507;19933668.531300128;18200306.050317507;17333624.8098262
BURDEOS;CONTROL SIGATOKA;0.0;0.0;0.0;0.0;0.0;0.0;0.0;0.0;0.0;0.0;0.0;0.0;0.0;0.0;0.0;0.0;0.0;0.0;0.0;0.0;0.0;0.0;0.0;0.0;0.0;0.0;0.0;0.0;0.0;0.0;0.0;0.0;0.0;0.0;0.0;0.0;0.0;0.0;0.0;0.0;0.0;0.0;0.0;0.0;0.0;0.0;0.0;0.0
DON MARCE SUR 2;CONTROL SIGATOKA;6709560.0;6126120.0;6126120.0;6417840.0;6709559.999999999;5834400.0;6709559.999999999;6417840.0;6126120.0;6709559.999999999;6126120.0;5834400.0;1506838.5000583201;1375809.0652706402;1375809.0652706402;1441323.7826644802;1506838.50005832;1310294.3478768;1506838.50005832;1441323.7826644802;1375809.0652706402;1506838.50005832;1375809.0652706402;1310294.3478768;3193714.096972669;2915999.8276706976;2915999.8276706976;3054856.9623216833;3193714.0969726685;2777142.6930197123;3193714.0969726685;3054856.9623216833;2915999.8276706976;3193714.0969726685;2915999.8276706976;2777142.6930197123;11410112.59703099;10417928.892941337;10417928.892941337;10914020.744986163;11410112.597030988;9921837.040896513;11410112.597030988;10914020.744986163;10417928.892941337;11410112.597030988;10417928.892941337;9921837.040896513
LAS MARGARITAS;CONTROL SIGATOKA;10179487.4185;9294314.5995;8905118.457;9166080.000000002;9582720.0;8332800.0;9582720.0;9166080.000000002;8749440.0;9582720.000000002;8749440.0;8332800.0;2286117.6519853882;2087324.812682311;1999918.823080432;2058525.7809177605;2152095.1345958402;1871387.0735616002;2152095.1345958402;2058525.7809177605;1964956.4272396802;2152095.1345958407;1964956.4272396802;1871387.0735616002;4845380.690897671;4424043.2395152645;4238787.990767264;4363004.267042734;4561322.642817403;3966367.5154933934;4561322.642817403;4363004.267042734;4164685.891268064;4561322.642817404;4164685.891268064;3966367.5154933934;17310985.76138306;15805682.651697576;15143825.270847697;15587610.047960496;16296137.777413245;14170554.589054992;16296137.777413245;15587610.047960496;14879082.318507744;16296137.777413247;14879082.318507744;14170554.589054992
LA CECILIA;CONTROL SIGATOKA;5169250.0;4719750.0;4719750.0;4944500.0;5169250.0;4495000.0;5169250.0;4944500.0;4719750.0;5169250.0;4719750.0;4495000.0;1160914.4141235;1059965.3346345;1059965.3346345;1110439.8743790002;1160914.4141235;1009490.79489;1160914.4141235;1110439.8743790002;1059965.3346345;1160914.4141235;1059965.3346345;1009490.79489;2460534.9077698044;2246575.35057243;2246575.35057243;2353555.129171117;2460534.9077698044;2139595.571973743;2460534.9077698044;2353555.129171117;2246575.35057243;2460534.9077698044;2246575.35057243;2139595.571973743;8790699.321893305;8026290.685206929;8026290.685206929;8408495.003550116;8790699.321893305;7644086.3668637425;8790699.321893305;8408495.003550116;8026290.685206929;8790699.321893305;8026290.685206929;7644086.3668637425
JOSEFINA;CONTROL SIGATOKA;7319519.999999999;6683040.0;6683040.0;7001279.999999999;7319519.999999999;6364800.0;7319519.999999999;7001279.999999999;6683040.0;7319519.999999999;6683040.0;6364800.0;1643823.8182454398;1500882.6166588801;1500882.6166588801;1572353.2174521598;1643823.8182454398;1429412.0158656;1643823.8182454398;1572353.2174521598;1500882.6166588801;1643823.8182454398;1500882.6166588801;1429412.0158656;3484051.742152002;3181090.721095307;3181090.721095307;3332571.2316236543;3484051.742152002;3029610.2105669584;3484051.742152002;3332571.2316236543;3181090.721095307;3484051.742152002;3181090.721095307;3029610.2105669584;12447395.56039744;11365013.337754186;11365013.337754186;11906204.449075814;12447395.56039744;10823822.226432558;12447395.56039744;11906204.449075814;11365013.337754186;12447395.56039744;11365013.337754186;10823822.226432558
SAN ALFREDO;CONTROL SIGATOKA;4297875.23925;3941279.9999999995;3941279.9999999995;4128960.0;4316639.999999999;3753599.9999999995;4316639.999999999;4128960.0;3941279.9999999995;4316640.0;3941279.9999999995;3753599.9999999995;965220.3540842118;885135.9021321599;885135.9021321599;927285.2308051201;969434.5594780799;842986.5734592;969434.5594780799;927285.2308051201;885135.9021321599;969434.55947808;885135.9021321599;842986.5734592;2045765.2571290082;1876027.8611587703;1876027.8611587703;1965362.5212139504;2054697.1812691293;1786693.201103591;2054697.1812691293;1965362.5212139504;1876027.8611587703;2054697.1812691295;1876027.8611587703;1786693.201103591;7308860.850463219;6702443.76329093;6702443.76329093;7021607.752019071;7340771.740747208;6383279.774562791;7340771.740747208;7021607.752019071;6702443.76329093;7340771.74074721;6702443.76329093;6383279.774562791
VICTORIA;CONTROL SIGATOKA;17078880.0;15593760.0;15593760.0;16336320.0;17078880.0;14851200.0;17078880.0;16336320.0;15593760.0;17078880.0;15593760.0;14851200.0;3835588.90923936;3502059.43887072;3502059.43887072;3668824.1740550403;3835588.90923936;3335294.7036864003;3835588.90923936;3668824.1740550403;3502059.43887072;3835588.90923936;3502059.43887072;3335294.7036864003;8129454.065021339;7422545.015889049;7422545.015889049;7775999.540455194;8129454.065021339;7069090.491322904;8129454.065021339;7775999.540455194;7422545.015889049;8129454.065021339;7422545.015889049;7069090.491322904;29043922.9742607;26518364.45475977;26518364.45475977;27781143.714510232;29043922.9742607;25255585.195009306;29043922.9742607;27781143.714510232;26518364.45475977;29043922.9742607;26518364.45475977;25255585.195009306
CIRCASIA;CONTROL SIGATOKA;9466873.717;9118938.1886;9406010.4244;9860468.4563;10308671.56795;8964062.233;10447530.7975;10053120.000000002;9596160.0;10510080.000000002;9596160.0;9139200.0;2126078.2811340555;2047938.634162979;2112409.552852321;2214472.111220925;2315129.93445824;2013156.4647462957;2346315.0543728657;2257737.9532646406;2155113.5008435203;2360362.4056857605;2155113.5008435203;2052489.0484224001;4506180.441674707;4340565.02100797;4477209.845157977;4693529.398595383;4906871.643986083;4266844.907813985;4972967.882622983;4785230.486433966;4567720.009777877;5002740.963090056;4567720.009777877;4350209.533121787;16099132.439808764;15507441.84377095;15995629.822410299;16768469.966116307;17530673.146394324;15244063.60556028;17766813.73449585;17096088.439698607;16318993.510621399;17873183.36877582;16318993.510621399;15541898.581544187
CIENAGA;CONTROL SIGATOKA;4410480.0;4026960.0;4026960.0;4218720.0;4410480.0;3835200.0;4410480.0;4218720.0;4026960.0;4410480.0;4026960.0;3835200.0;990509.2238145601;904377.98696112;904377.98696112;947443.6053878401;990509.2238145601;861312.3685344;990509.2238145601;947443.6053878401;904377.98696112;990509.2238145601;904377.98696112;861312.3685344;2099364.5112967193;1916811.0755317872;1916811.0755317872;2008087.7934142535;2099364.5112967193;1825534.3576493212;2099364.5112967193;2008087.7934142535;1916811.0755317872;2099364.5112967193;1916811.0755317872;1825534.3576493212;7500353.735111279;6848149.062492907;6848149.062492907;7174251.398802094;7500353.735111279;6522046.726183722;7500353.735111279;7174251.398802094;6848149.062492907;7500353.735111279;6848149.062492907;6522046.726183722
MARIA;CONTROL SIGATOKA;3597275.5824999996;3290180.02425;3332329.2267500004;3784620.9570000004;4035120.0;3508800.0;4035120.0;3859680.0000000005;3684240.0;4035120.0;3684240.0;3508800.0;807879.1072783787;738911.334374045;748377.2369181395;849953.2854814868;906210.56646864;788009.1882336;906210.56646864;866810.1070569601;827409.64764528;906210.56646864;827409.64764528;788009.1882336;1712283.6279168555;1566107.8110971663;1586170.602427806;1801459.0080525542;1920695.1911863603;1670169.7314664002;1920695.1911863603;1837186.7046130404;1753678.21803972;1920695.1911863603;1753678.21803972;1670169.7314664002;6117438.317695234;5595199.169721211;5666877.066095945;6436033.250534041;6862025.757655;5966978.9197;6862025.757655;6563676.811670001;6265327.865685;6862025.757655;6265327.865685;5966978.9197
REMANSO;CONTROL SIGATOKA;32937840.0;30073680.0;30073680.0;31505760.0;32937840.0;28641600.0;32937840.0;31505760.0;30073680.0;32937840.0;30073680.0;28641600.0;7397207.18210448;6753971.77496496;6753971.77496496;7075589.478534721;7397207.18210448;6432354.071395201;7397207.18210448;7075589.478534721;6753971.77496496;7397207.18210448;6753971.77496496;6432354.071395201;15678232.839684011;14314908.24492888;14314908.24492888;14996570.542306446;15678232.839684011;13633245.947551316;15678232.839684011;14996570.542306446;14314908.24492888;15678232.839684011;14314908.24492888;13633245.947551316;56013280.02178849;51142560.01989384;51142560.01989384;53577920.02084117;56013280.02178849;48707200.01894652;56013280.02178849;53577920.02084117;51142560.01989384;56013280.02178849;51142560.01989384;48707200.01894652
PIEDECUESTA;CONTROL SIGATOKA;15286883.451400002;15032437.2597;15174717.646150002;15978820.000000002;16705130.0;14526200.0;16705130.0;15978820.000000002;15252510.0;16705130.0;15252510.0;14526200.0;3433140.8513336093;3375997.1164468536;3407950.5625902726;3588536.530190041;3751651.8270168602;3262305.9365364;3751651.8270168602;3588536.530190041;3425421.23336322;3751651.8270168602;3425421.23336322;3262305.9365364;7276473.4464725545;7155358.442008282;7223083.132737344;7605831.483284869;7951551.096161453;6914392.257531699;7951551.096161453;7605831.483284869;7260111.870408283;7951551.096161453;7260111.870408283;6914392.257531699;25996497.749206167;25563792.818155136;25805751.341477618;27173188.01347491;28408332.923178315;24702898.1940681;28408332.923178315;27173188.01347491;25938043.1037715;28408332.923178315;25938043.1037715;24702898.1940681
NAUTICA;CONTROL SIGATOKA;40235279.99999999;36736559.99999999;36736559.99999999;38485919.99999999;40235279.99999999;32966999.999999996;30942360.0;29597040.0;28251719.999999996;30942360.0;28251719.999999996;26906399.999999996;9036072.25580016;8250326.842252319;8250326.842252319;8643199.54902624;9036072.25580016;7403755.958873999;6949060.6434199205;6646927.57196688;6344794.50051384;6949060.6434199205;6344794.50051384;6042661.429060799;19151774.621829517;17486402.915583473;17486402.915583473;18319088.768706497;19151774.621829517;15692112.841214322;14728395.204097323;14088030.195223525;13447665.186349727;14728395.204097323;13447665.186349727;12807300.177475931;68423126.87762967;62473289.75783579;62473289.75783579;65448208.31773274;68423126.87762967;56062868.800088316;52619815.847517245;50331997.767190404;48044179.686863564;52619815.847517245;48044179.686863564;45756361.60653672
LAS LINAS;CONTROL SIGATOKA;24107450.789129995;22011150.72051;22011150.720509995;23059300.754819997;23977393.233329996;19680235.2;22632270.48;21918696.26025;21740303.699100003;23810808.8133;21740303.699100003;20705051.142;5414071.1145473635;4943282.321978028;4943282.321978027;5178676.718262696;5384862.6817584885;4419803.398369335;5082773.908124735;4922518.823295271;4882455.27527352;5347451.015775759;4882455.27527352;4649957.405022399;11475015.56395939;10477188.123615095;10477188.123615094;10976101.84378724;11413108.874194892;9367685.00318616;10772837.753664084;10433180.302974045;10348266.413338987;11333815.595561747;10348266.413338987;9855491.822227607;40996537.46763675;37431621.166103125;37431621.16610312;39214079.31686993;40775364.78928338;33467723.601555496;38487882.14178882;37274395.38651931;36971025.38771251;40492075.424637504;36971025.38771251;35210500.36925001
DON ALI;CONTROL SIGATOKA;16007539.999999998;14615580.0;14615580.0;15311559.999999998;16007540.0;13606799.999999998;15288099.999999998;14623399.999999996;13958699.999999998;15288099.999999998;13958699.999999998;13293999.999999998;3594986.49139788;3282378.97040676;3282378.97040676;3438682.73090232;3594986.49139788;3055826.3287895997;3433414.0648181997;3284135.1924347994;3134856.3200514;3433414.0648181997;3134856.3200514;2985577.4476679997;7619502.047206356;6956936.651797107;6956936.651797107;7288219.349501731;7619502.047206356;6476762.854000516;7277052.516994833;6960658.929299405;6644265.341603979;7277052.516994833;6644265.341603979;6327871.75390855;27222028.538604237;24854895.622203868;24854895.622203868;26038462.08040405;27222028.538604237;23139389.182790115;25998566.58181303;24868194.121734202;23737821.661655378;25998566.58181303;23737821.661655378;22607449.201576546
DR4 DON ALI;CONTROL SIGATOKA;1385325.19257;1448984.92914;1466263.08864;1536085.1404799998;1605907.19232;1396441.0368;1605907.19232;1536085.1404799998;1466263.08864;1605907.19232;1466263.0886399997;1396441.0368;311117.4704846789;325414.22645187296;329294.5697150301;344975.26351098384;360655.95730693766;313613.87591907626;360655.95730693766;344975.26351098384;329294.5697150301;360655.95730693766;329294.56971503;313613.87591907626;659407.2631293536;689708.9517785609;697933.2618026001;731168.1790312954;764403.0962599907;664698.3445739049;764403.0962599907;731168.1790312954;697933.2618026001;764403.0962599907;697933.2618026;664698.3445739049;2355849.9261840326;2464108.107370434;2493490.92015763;2612228.583022279;2730966.2458869284;2374753.257292981;2730966.2458869284;2612228.583022279;2493490.92015763;2730966.2458869284;2493490.92015763;2374753.257292981
DON CARLOS;CONTROL SIGATOKA;4888570.423679999;4463477.343359999;4463477.343359999;4676023.88352;4888570.423679999;4250930.8032;4888570.423679999;4676023.88352;4463477.343359998;4888570.423679999;4463477.343359999;4250930.8032;1097879.1641549426;1002411.410750165;1002411.410750165;1050145.2874525539;1097879.1641549426;954677.5340477763;1097879.1641549426;1050145.2874525539;1002411.4107501648;1097879.1641549426;1002411.410750165;954677.5340477763;2326932.9547914416;2124590.9587226207;2124590.9587226207;2225761.956757032;2326932.9547914416;2023419.9606882103;2326932.9547914416;2225761.956757032;2124590.9587226203;2326932.9547914416;2124590.9587226207;2023419.9606882103;8313382.542626383;7590479.712832784;7590479.712832784;7951931.127729585;8313382.542626383;7229028.297935986;8313382.542626383;7951931.127729585;7590479.712832783;8313382.542626383;7590479.712832784;7229028.297935986
EVA NORTE;CONTROL SIGATOKA;37871886.02598;34259858.73521999;33204998.128499996;35072237.05973999;37007014.82856;32180012.8944;37007014.82856;35398014.18384;33789013.539119996;37007014.82856;33876160.42632;32354306.668799996;8505299.294404902;7694107.236359586;7457205.77420699;7876551.828255272;8311065.809964195;7227013.747794952;8311065.809964195;7949715.122574447;7588364.435184699;8311065.809964195;7607935.954746816;7266156.786919185;18026811.934033614;16307506.573152982;15805398.656982206;16694194.240763757;17615137.94419435;15317511.255821178;17615137.94419435;16849262.381403293;16083386.818612237;17615137.94419435;16124868.263320671;15400474.145238046;64403997.25441852;58261472.54473256;56467602.559689194;59642983.12875903;62933218.58271855;54724537.89801613;62933218.58271855;60196991.68781774;57460764.792916924;62933218.58271855;57608964.64438748;55020937.60095723
DON PEDRO;CONTROL SIGATOKA;18993214.821959995;17383398.34392;17383398.34392;18248341.726919997;19176421.17888;16675148.8512;19176421.17888;18342663.736319996;17508906.293759998;19176421.17888;17508906.293759998;16675148.8512;4265511.79713836;3903977.8892309926;3903977.8892309926;4098227.5851685926;4306656.43137108;3744918.635974852;4306656.43137108;4119410.499572336;3932164.567773594;4306656.43137108;3932164.567773594;3744918.635974852;9040667.03684353;8274403.1418257905;8274403.1418257905;8686111.491608834;9127872.267104594;7937280.232264864;9127872.267104594;8731008.25549135;8334144.2438781075;9127872.267104594;8334144.2438781075;7937280.232264864;32299393.655941885;29561779.374976784;29561779.374976784;31032680.803697422;32610949.877355672;28357347.719439715;32610949.877355672;31193082.491383683;29775215.1054117;32610949.877355672;29775215.1054117;28357347.719439715
LA VELA;CONTROL SIGATOKA;13225118.054399999;12075107.7888;12075107.7888;12650112.921600001;13225118.054399999;11335815.4752;12847257.53856;12288681.123839999;11730104.70912;12847257.53856;11730104.709119998;11171528.2944;2970107.8837041925;2711837.6329473066;2711837.6329473066;2840972.75832575;2970107.8837041925;2545806.7574607367;2885247.6584555013;2759802.1080878708;2634356.5577202407;2885247.6584555013;2634356.55772024;2508911.00735261;6295084.322141099;5747685.685433178;5747685.685433178;6021385.003787139;6295084.322141099;5395786.561835228;6115224.770079926;5849345.432250363;5583466.094420801;6115224.770079926;5583466.0944208;5317586.756591239;22490310.26024529;20534631.107180484;20534631.107180484;21512470.683712892;22490310.26024529;19277408.794495966;21847729.967095427;20897828.664178234;19947927.36126104;21847729.967095427;19947927.36126104;18998026.058343846
ESPERANZA;CONTROL SIGATOKA;12580647.12267;11551657.079339998;11551657.079339998;12101735.98788;12651814.89642;10385501.2428;11253744.990570001;11011065.14598;10522593.930240002;11524745.73312;10522593.93024;10021518.0288;2825372.0721011637;2594280.6423402964;2594280.6423402964;2717817.8157850727;2841354.9892298486;2332384.405990046;2527375.300560593;2472874.0615797387;2363172.7944255103;2588236.8700850825;2363172.79442551;2250640.756595724;5988319.661007551;5498525.99241713;5498525.99241713;5760360.563484615;6022195.134552096;4943442.151684691;5356721.457162462;5241207.16997847;5008697.525877484;5485716.3378658155;5008697.525877483;4770188.1198833175;21394338.855778713;19644463.714097425;19644463.714097425;20579914.36714969;21515365.020201944;17661327.800474737;19137841.748293057;18725146.377538208;17894464.250542995;19598698.9410709;17894464.25054299;17042346.90527904
LINA MARGARITA;CONTROL SIGATOKA;6819920.325;6226883.775;6226883.774999999;6539763.045000001;7170790.380000001;6917967.45;8012609.13;7664234.82;7315860.51;8012609.130000001;7315860.51;6967486.2;1531623.3125630072;1398438.676687963;1398438.6766879628;1468705.3603313232;1610421.9979300925;1553642.8164902441;1799478.3447801047;1721240.155876622;1643001.9669731392;1799478.3447801052;1643001.9669731392;1564763.7780696566;3246245.011920741;2963962.836971111;2963962.836971111;3112891.669152286;3413257.2513014274;3292914.910584758;3813958.401447026;3648134.123123243;3482309.844799459;3813958.401447027;3482309.844799459;3316485.5664756754;11597788.649483748;10589285.288659075;10589285.288659073;11121360.07448361;12194469.62923152;11764525.177075002;13626045.876227131;13033609.098999865;12441172.321772598;13626045.876227133;12441172.321772598;11848735.544545334
DON MARCE;CONTROL SIGATOKA;7148031.5625;8069080.3125;10081304.43;12191643.018;13160213.921999998;11929344.18;14158515.883499999;13990120.441499999;13742950.572;15767716.7985;15225363.679499999;15104228.932500001;1605310.8039881946;1812160.689365267;2264067.6357216416;2738009.210513001;2955531.6602986036;2679101.921865316;3179731.1354164863;3141912.7486310727;3086403.1361651304;3541126.7996703386;3419324.6903910544;3392120.149337033;3402424.177853961;3840838.3774250294;4798646.121946002;5803155.821223003;6264190.307839466;5678302.999795048;6739376.616252838;6659221.301003947;6541569.786363786;7505347.506608811;7247190.369376652;7189530.888110055;12155766.544342155;13722079.379290298;17144018.187667646;20732808.049736004;22379935.890138067;20286749.101660363;24077623.63516932;23791254.49113502;23370923.49452892;26814191.10477915;25891878.739267707;25685879.969947092
ENANO;CONTROL POBLACIÓN;5697130.678060928;5201728.010403455;5201728.010403456;5449429.344232192;5697130.678060928;4954026.67657472;5697130.678060928;5449429.344232192;5201728.010403455;5697130.678060927;5201728.010403456;4954026.67657472;1279466.2907203408;1168208.3523968325;1168208.3523968328;1223837.3215585868;1279466.2907203408;1112579.3832350788;1279466.2907203408;1223837.3215585868;1168208.3523968325;1279466.2907203406;1168208.3523968328;1112579.3832350788;2711803.2417652793;2475994.264220472;2475994.2642204724;2593898.752992876;2711803.2417652793;2358089.7754480685;2711803.2417652793;2593898.752992876;2475994.264220472;2711803.241765279;2475994.2642204724;2358089.7754480685;9688400.21054655;8845930.62702076;8845930.627020761;9267165.418783655;9688400.21054655;8424695.835257867;9688400.21054655;9267165.418783655;8845930.62702076;9688400.210546548;8845930.627020761;8424695.835257867
EVA;CONTROL POBLACIÓN;4122041.608244083;3763603.2075272063;3763603.2075272063;3942822.4078856446;4122041.608244083;3584384.007168768;4122041.608244083;3942822.4078856446;3763603.2075272063;4122041.608244083;3763603.2075272063;3584384.007168768;925731.4926976581;845233.1020282967;845233.1020282967;885482.2973629774;925731.4926976581;804983.9066936158;925731.4926976581;885482.2973629774;845233.1020282967;925731.4926976581;845233.1020282967;804983.9066936158;1962069.4043360546;1791454.6735242237;1791454.6735242237;1876762.0389301395;1962069.4043360546;1706147.3081183087;1962069.4043360546;1876762.0389301395;1791454.6735242237;1962069.4043360546;1791454.6735242237;1706147.3081183087;7009842.505277796;6400290.983079726;6400290.983079726;6705066.744178762;7009842.505277796;6095515.221980693;7009842.505277796;6705066.744178762;6400290.983079726;7009842.505277796;6400290.983079726;6095515.221980693
SAMI;CONTROL POBLACIÓN;5614077.8778948225;5313922.143961177;5354720.010709439;5609706.67788608;5864693.34506272;5099733.3435328;5864693.34506272;5609706.67788608;5354720.010709439;5864693.34506272;5354720.010709439;5099733.3435328;1260814.224589635;1193405.0031348036;1202567.4215849747;1259832.5368985452;1317097.6522121152;1145302.3062714047;1317097.6522121152;1259832.5368985452;1202567.4215849747;1317097.6522121152;1202567.4215849747;1145302.3062714047;2672270.5602357085;2529398.0620762077;2548817.6249328386;2670189.8927867836;2791562.160640728;2427445.3570788945;2791562.160640728;2670189.8927867836;2548817.6249328386;2791562.160640728;2548817.6249328386;2427445.3570788945;9547162.662720166;9036725.20917219;9106105.057227254;9539729.107571408;9973353.157915562;8672481.0068831;9973353.157915562;9539729.107571408;9106105.057227254;9973353.157915562;9106105.057227254;8672481.0068831
VEGA;CONTROL POBLACIÓN;2278852.271224371;2080691.2041613823;2080691.2041613823;2179771.7376928767;2278852.271224371;1981610.6706298878;2278852.271224371;2179771.7376928767;2080691.2041613823;2278852.271224371;2080691.2041613823;1981610.6706298878;511786.51628813625;467283.34095873305;467283.34095873305;489534.9286234347;511786.51628813625;445031.7532940315;511786.51628813625;489534.9286234347;467283.34095873305;511786.51628813625;467283.34095873305;445031.7532940315;1084721.2967061116;990397.7056881888;990397.7056881888;1037559.5011971502;1084721.2967061116;943235.9101792275;1084721.2967061116;1037559.5011971502;990397.7056881888;1084721.2967061116;990397.7056881888;943235.9101792275;3875360.084218619;3538372.250808304;3538372.250808304;3706866.167513462;3875360.084218619;3369878.334103147;3875360.084218619;3706866.167513462;3538372.250808304;3875360.084218619;3538372.250808304;3369878.334103147
FEDERICA;CONTROL POBLACIÓN;6601969.079870605;5925890.145185113;5874892.811749785;6314926.945963186;6601969.079870603;5740842.678148352;6601969.079870603;6314926.945963186;6027884.812055768;6601969.079870605;6027884.812055768;5740842.678148352;1482675.6427759242;1330841.2798873722;1319388.256824658;1418211.484394362;1482675.6427759237;1289283.1676312382;1482675.6427759237;1418211.484394362;1353747.3260128;1482675.6427759242;1353747.3260128;1289283.1676312382;3142501.4036927056;2820691.504925675;2796417.051354886;3005870.907879979;3142501.403692705;2732609.9162545265;3142501.403692705;3005870.907879979;2869240.412067252;3142501.4036927056;2869240.412067252;2732609.9162545265;11227146.126339234;10077422.929998161;9990698.119929329;10739009.338237528;11227146.126339233;9762735.762034116;11227146.126339233;10739009.338237528;10250872.550135821;11227146.126339234;10250872.550135821;9762735.762034116
NEERLANDIA;CONTROL POBLACIÓN;4420272.08340421;4035900.5978908017;4035900.5978908017;4228086.340647506;4420272.08340421;3843714.8551340965;4420272.08340421;4228086.340647506;4035900.5978908013;4420272.083404211;4035900.5978908013;3843714.8551340965;992708.3379545702;906385.8737846077;906385.8737846077;949547.1058695889;992708.3379545702;863224.6416996263;992708.3379545702;949547.1058695889;906385.8737846076;992708.3379545704;906385.8737846076;863224.6416996263;2104025.4897821583;1921066.7515402315;1921066.7515402315;2012546.1206611947;2104025.4897821583;1829587.3824192681;2104025.4897821583;2012546.1206611947;1921066.7515402315;2104025.4897821583;1921066.7515402315;1829587.3824192681;7517005.911140939;6863353.2232156405;6863353.2232156405;7190179.567178289;7517005.911140939;6536526.879252991;7517005.911140939;7190179.567178289;6863353.2232156405;7517005.91114094;6863353.2232156405;6536526.879252991
SAN ANTONIO;CONTROL POBLACIÓN;4825182.503258032;4405601.416018203;4405601.416018203;4615391.959638117;4825182.503258032;4195810.872398289;4825182.503258032;4615391.959638117;4405601.416018203;4825182.503258032;4405601.416018203;4195810.872398289;1083643.4528817064;989413.5874137321;989413.5874137321;1036528.5201477192;1083643.4528817064;942298.6546797449;1083643.4528817064;1036528.5201477192;989413.5874137321;1083643.4528817064;989413.5874137321;942298.6546797449;2296760.649151516;2097042.331833993;2097042.331833993;2196901.4904927546;2296760.649151516;1997183.1731752316;2296760.649151516;2196901.4904927546;2097042.331833993;2296760.649151516;2097042.331833993;1997183.1731752316;8205586.605291254;7492057.335265928;7492057.335265928;7848821.970278591;8205586.605291254;7135292.700253265;8205586.605291254;7848821.970278591;7492057.335265928;8205586.605291254;7492057.335265928;7135292.700253265
MRS;CONTROL POBLACIÓN;2704315.7387419646;2071948.8041438973;1722252.803444506;1795106.1369235457;1876701.8704200704;1631914.669930496;1876701.8704200704;1795106.1369235457;1713510.4034270209;1876701.8704200706;1713510.4034270209;1631914.669930496;607337.4515542077;465319.9655765535;386784.9502893716;403146.41180753446;421471.2487078769;366496.7380068495;421471.2487078769;403146.41180753446;384821.57490719197;421471.24870787695;384821.57490719197;366496.7380068495;1287239.595068122;986236.3707903393;819782.9748763582;854460.7656917708;893299.8914050331;776782.5142652462;893299.8914050331;854460.7656917708;815621.6399785085;893299.8914050331;815621.6399785085;776782.5142652462;4598892.785364294;3523505.14051079;2928820.7286102357;3052713.314422851;3191473.0105329803;2775193.922202592;3191473.0105329803;3052713.314422851;2913953.618312721;3191473.0105329803;2913953.618312721;2775193.922202592
DON FUAD;CONTROL POBLACIÓN;5898205.878463078;5385318.410770637;5385318.410770637;5641762.144616858;5898205.878463078;5128874.676924416;5898205.878463078;5641762.144616858;5385318.410770637;5898205.878463078;5385318.410770637;5128874.676924416;1324623.9245104704;1209439.2354226033;1209439.2354226033;1267031.579966537;1324623.9245104704;1151846.89087867;1324623.9245104704;1267031.579966537;1209439.2354226033;1324623.9245104704;1209439.2354226033;1151846.89087867;2807513.9444158184;2563382.297075312;2563382.297075312;2685448.1207455653;2807513.9444158184;2441316.4734050594;2807513.9444158184;2685448.1207455653;2563382.297075312;2807513.9444158184;2563382.297075312;2441316.4734050594;10030343.747389367;9158139.943268552;9158139.943268552;9594241.84532896;10030343.747389367;8722038.041208144;10030343.747389367;9594241.84532896;9158139.943268552;10030343.747389367;9158139.943268552;8722038.041208144
EUFEMIA;CONTROL POBLACIÓN;9380424.726613516;8564735.619951472;8564735.61995147;8972580.173282493;9204376.71798142;7804795.049356257;8975514.306759695;8585274.554291882;8195034.80182407;8975514.306759695;8195034.80182407;7804795.049356257;2106663.4958119886;1923475.3657413812;1923475.3657413807;2015069.4307766848;2067126.4893219296;1752807.2877259587;2015728.3808848525;1928088.0164985545;1840447.6521122567;2015728.3808848525;1840447.6521122567;1752807.2877259587;4465031.192056794;4076767.610138812;4076767.610138811;4270899.401097802;4381233.296678812;3715040.028423857;4272296.032687435;4086544.0312662423;3900792.02984505;4272296.032687435;3900792.02984505;3715040.028423857;15952119.4144823;14564978.595831666;14564978.595831662;15258549.00515698;15652736.503982164;13272642.365506072;15263538.720331982;14599906.602056678;13936274.483781377;15263538.720331982;13936274.483781377;13272642.365506072
OLGA;CONTROL POBLACIÓN;1619641.6794152833;1478803.2725096066;1478803.2725096066;1549222.4759624447;1619641.6794152835;1408384.0690567682;1619641.6794152833;1549222.4759624447;1478803.2725096066;1619641.6794152833;1478803.2725096066;1408384.0690567682;363740.45970854483;332110.85451649746;332110.85451649746;347925.65711252106;363740.4597085449;316296.0519204738;363740.45970854483;347925.65711252106;332110.85451649746;363740.45970854483;332110.85451649746;316296.0519204738;770940.637477432;703902.3211750466;703902.3211750466;737421.4793262392;770940.637477432;670383.1630238539;770940.637477432;737421.4793262392;703902.3211750466;770940.637477432;703902.3211750466;670383.1630238539;2754322.77660126;2514816.4482011506;2514816.4482011506;2634569.612401205;2754322.7766012605;2395063.284001096;2754322.77660126;2634569.612401205;2514816.4482011506;2754322.77660126;2514816.4482011506;2395063.284001096
DON SAID;CONTROL POBLACIÓN;18733506.170800347;17104505.63420901;17104505.63420901;17919005.90250468;18733506.170800347;16290005.365913343;18733506.170800347;17919005.90250468;17104505.63420901;18733506.170800347;17104505.63420901;16290005.365913343;4207186.2147804145;3841343.935234291;3841343.935234291;4024265.075007353;4207186.2147804145;3658422.7954612295;4207186.2147804145;4024265.075007353;3841343.935234291;4207186.2147804145;3841343.935234291;3658422.7954612295;8917047.130275242;8141651.727642611;8141651.727642611;8529349.428958926;8917047.130275242;7753954.026326296;8917047.130275242;8529349.428958926;8141651.727642611;8917047.130275242;8141651.727642611;7753954.026326296;31857739.515856005;29087501.29708591;29087501.29708591;30472620.40647096;31857739.515856005;27702382.187700868;31857739.515856005;30472620.40647096;29087501.29708591;31857739.515856005;29087501.29708591;27702382.187700868
ASUNTINA;CONTROL POBLACIÓN;8478670.950290676;7741395.215482791;7741395.215482791;8110033.082886732;8478670.950290676;7372757.348078848;8478670.950290676;8110033.082886732;7741395.215482791;8478670.950290676;7741395.215482791;7372757.348078848;1904146.8914838014;1738568.9009199925;1738568.9009199925;1821357.8962018965;1904146.8914838014;1655779.9056380878;1904146.8914838014;1821357.8962018965;1738568.9009199925;1904146.8914838014;1738568.9009199925;1655779.9056380878;4035801.29509774;3684862.0520457616;3684862.0520457616;3860331.67357175;4035801.29509774;3509392.430519773;4035801.29509774;3860331.67357175;3684862.0520457616;4035801.29509774;3684862.0520457616;3509392.430519773;14418619.136872219;13164826.168448545;13164826.168448545;13791722.65266038;14418619.136872219;12537929.684236709;14418619.136872219;13791722.65266038;13164826.168448545;14418619.136872219;13164826.168448545;12537929.684236709
PORLAMAR;CONTROL POBLACIÓN;16655729.099978123;15207404.83041481;15207404.83041481;15931566.965196466;16655729.099978123;14483242.69563315;16655729.099978123;15931566.965196466;15207404.83041481;16655729.099978123;15207404.83041481;14483242.69563315;3740557.332282407;3415291.4773013284;3415291.4773013284;3577924.404791868;3740557.332282407;3252658.549810789;3740557.332282407;3577924.404791868;3415291.4773013284;3740557.332282407;3415291.4773013284;3252658.549810789;7928036.536219667;7238642.054809263;7238642.054809263;7583339.295514465;7928036.536219667;6893944.81410406;7928036.536219667;7583339.295514465;7238642.054809263;7928036.536219667;7238642.054809263;6893944.81410406;28324322.968480196;25861338.362525403;25861338.362525403;27092830.665502798;28324322.968480196;24629846.059547998;28324322.968480196;27092830.665502798;25861338.362525403;28324322.968480196;25861338.362525403;24629846.059547998
EL MORRO;CONTROL POBLACIÓN;1642114.1366175613;1499321.6029986432;1499321.6029986432;1570717.8698081023;1642114.1366175613;1427925.3361891839;1642114.1366175613;1570717.8698081023;1499321.6029986432;1642114.1366175613;1499321.6029986432;1427925.3361891839;368787.34261939226;336718.87804379297;336718.87804379297;352753.1103315926;368787.34261939226;320684.64575599326;368787.34261939226;352753.1103315926;336718.87804379297;368787.34261939226;336718.87804379297;320684.64575599326;781637.4049794038;713668.9349811949;713668.9349811949;747653.1699802994;781637.4049794038;679684.6999820903;781637.4049794038;747653.1699802994;713668.9349811949;781637.4049794038;713668.9349811949;679684.6999820903;2792538.8842163575;2549709.416023631;2549709.416023631;2671124.1501199943;2792538.8842163575;2428294.6819272675;2792538.8842163575;2671124.1501199943;2549709.416023631;2792538.8842163575;2549709.416023631;2428294.6819272675
LA PERLA;CONTROL POBLACIÓN;1876701.8704200706;1713510.4034270209;1713510.4034270209;1795106.1369235457;1876701.8704200704;1631914.669930496;1876701.8704200704;1795106.1369235457;1713510.4034270209;1876701.8704200706;1713510.4034270209;1631914.669930496;421471.24870787695;384821.57490719197;384821.57490719197;403146.41180753446;421471.2487078769;366496.7380068495;421471.2487078769;403146.41180753446;384821.57490719197;421471.24870787695;384821.57490719197;366496.7380068495;893299.8914050331;815621.6399785085;815621.6399785085;854460.7656917708;893299.8914050331;776782.5142652462;893299.8914050331;854460.7656917708;815621.6399785085;893299.8914050331;815621.6399785085;776782.5142652462;3191473.0105329803;2913953.618312721;2913953.618312721;3052713.314422851;3191473.0105329803;2775193.922202592;3191473.0105329803;3052713.314422851;2913953.618312721;3191473.0105329803;2913953.618312721;2775193.922202592
ARACATACA;CONTROL POBLACIÓN;9417021.88550071;8598150.4171963;8598150.4171963;9007586.151348505;9417021.88550071;8188714.6830440955;9417021.88550071;9007586.151348505;8598150.4171963;9417021.885500709;8598150.4171963;8188714.6830440955;2114882.5158377397;1930979.688373588;1930979.688373588;2022931.1021056639;2114882.5158377397;1839028.2746415124;2114882.5158377397;2022931.1021056639;1930979.688373588;2114882.515837739;1930979.688373588;1839028.2746415124;4482451.240800256;4092672.8720350154;4092672.8720350154;4287562.056417636;4482451.240800256;3897783.687652396;4482451.240800256;4287562.056417636;4092672.8720350154;4482451.240800254;4092672.8720350154;3897783.687652396;16014355.642138707;14621802.977604903;14621802.977604903;15318079.309871804;16014355.642138707;13925526.645338004;16014355.642138707;15318079.309871804;14621802.977604903;16014355.642138701;14621802.977604903;13925526.645338004
BOCATOMA;CONTROL POBLACIÓN;4457166.942247667;4069587.208139174;4069587.208139174;4263377.07519342;4457166.942247667;3875797.341084928;4457166.942247667;4263377.07519342;4069587.208139174;4457166.942247667;4069587.208139174;3875797.341084928;1000994.2156812077;913951.2404045808;913951.2404045808;957472.7280428942;1000994.2156812077;870429.7527662675;1000994.2156812077;957472.7280428942;913951.2404045808;1000994.2156812077;913951.2404045808;870429.7527662675;2121587.2420869535;1937101.3949489577;1937101.3949489577;2029344.3185179553;2121587.2420869535;1844858.4713799597;2121587.2420869535;2029344.3185179553;1937101.3949489577;2121587.2420869535;1937101.3949489577;1844858.4713799597;7579748.400015828;6920639.843492713;6920639.843492713;7250194.121754269;7579748.400015828;6591085.565231156;7579748.400015828;7250194.121754269;6920639.843492713;7579748.400015828;6920639.843492713;6591085.565231156
JOYA;CONTROL POBLACIÓN;7707882.68208243;7037632.014075263;7037632.014075263;7372757.348078847;7707882.68208243;6702506.680071679;7707882.68208243;7372757.348078847;7037632.014075263;7707882.68208243;7037632.014075263;6702506.680071679;1731042.6286216371;1580517.1826545384;1580517.1826545384;1655779.9056380878;1731042.6286216371;1505254.4596709888;1731042.6286216371;1655779.9056380878;1580517.1826545384;1731042.6286216371;1580517.1826545384;1505254.4596709888;3668910.268270671;3349874.592768874;3349874.592768874;3509392.430519772;3668910.268270671;3190356.755017975;3668910.268270671;3509392.430519772;3349874.592768874;3668910.268270671;3349874.592768874;3190356.755017975;13107835.578974739;11968023.789498676;11968023.789498676;12537929.684236707;13107835.578974739;11398117.894760642;13107835.578974739;12537929.684236707;11968023.789498676;13107835.578974739;11968023.789498676;11398117.894760642
ESMERALDA;CONTROL POBLACIÓN;0.0;0.0;0.0;0.0;0.0;0.0;0.0;0.0;0.0;0.0;0.0;0.0;0.0;0.0;0.0;0.0;0.0;0.0;0.0;0.0;0.0;0.0;0.0;0.0;0.0;0.0;0.0;0.0;0.0;0.0;0.0;0.0;0.0;0.0;0.0;0.0;0.0;0.0;0.0;0.0;0.0;0.0;0.0;0.0;0.0;0.0;0.0;0.0
NARANJOS;CONTROL POBLACIÓN;3351253.34003584;3059840.0061196806;3059840.0061196797;3205546.67307776;3351253.34003584;2914133.3391616;3351253.34003584;3205546.67307776;3059840.0061196797;3351253.34003584;3059840.0061196797;2914133.3391616;752627.2298354945;687181.383762843;687181.3837628427;719904.3067991686;752627.2298354945;654458.4607265169;752627.2298354945;719904.3067991686;687181.3837628427;752627.2298354945;687181.3837628427;654458.4607265169;1595178.3775089877;1456467.2142473368;1456467.2142473366;1525822.7958781621;1595178.3775089877;1387111.6326165108;1595178.3775089877;1525822.7958781621;1456467.2142473366;1595178.3775089877;1456467.2142473366;1387111.6326165108;5699058.947380322;5203488.60412986;5203488.604129859;5451273.775755091;5699058.947380322;4955703.432504628;5699058.947380322;5451273.775755091;5203488.604129859;5699058.947380322;5203488.604129859;4955703.432504628
YUNQUE;CONTROL POBLACIÓN;2111289.6042225794;1927699.2038553983;1927699.2038553983;2019494.404038989;2111289.6042225794;1835904.003671808;2111289.6042225794;2019494.404038989;1927699.2038553983;2111289.6042225794;1927699.2038553983;1835904.003671808;474155.1547963616;432924.271770591;432924.271770591;453539.7132834763;474155.1547963616;412308.83025770565;474155.1547963616;453539.7132834763;432924.271770591;474155.1547963616;432924.271770591;412308.83025770565;1004962.3778306623;917574.3449758221;917574.3449758221;961268.3614032423;1004962.3778306623;873880.328548402;1004962.3778306623;961268.3614032423;917574.3449758221;1004962.3778306623;917574.3449758221;873880.328548402;3590407.136849603;3278197.8206018116;3278197.8206018116;3434302.4787257076;3590407.136849603;3122093.1624779156;3590407.136849603;3434302.4787257076;3278197.8206018116;3590407.136849603;3278197.8206018116;3122093.1624779156
DONAMA;CONTROL POBLACIÓN;4591217.0758491;4191980.8083839617;4191980.808383961;4391598.942116531;4591217.075849101;3992362.674651392;4591217.075849101;4391598.942116531;4191980.808383961;4591217.075849101;4191980.808383961;3992362.674651392;1031099.3048746273;941438.4957550947;941438.4957550946;986268.900314861;1031099.3048746275;896608.0911953282;1031099.3048746275;986268.900314861;941438.4957550946;1031099.3048746275;941438.4957550946;896608.0911953282;2185394.3771873126;1995360.083518851;1995360.0835188508;2090377.2303530818;2185394.3771873135;1900342.93668462;2185394.3771873135;2090377.2303530818;1995360.0835188508;2185394.3771873135;1995360.0835188508;1900342.93668462;7807710.7579110395;7128779.387657907;7128779.387657906;7468245.072784473;7807710.757911042;6789313.70253134;7807710.757911042;7468245.072784473;7128779.387657906;7807710.757911042;7128779.387657906;6789313.70253134
BURDEOS;CONTROL POBLACIÓN;0.0;0.0;0.0;0.0;0.0;0.0;0.0;0.0;0.0;0.0;0.0;0.0;0.0;0.0;0.0;0.0;0.0;0.0;0.0;0.0;0.0;0.0;0.0;0.0;0.0;0.0;0.0;0.0;0.0;0.0;0.0;0.0;0.0;0.0;0.0;0.0;0.0;0.0;0.0;0.0;0.0;0.0;0.0;0.0;0.0;0.0;0.0;0.0
DON MARCE SUR 2;CONTROL POBLACIÓN;2211827.2044236544;2019494.404038989;2019494.404038989;2115660.8042313214;2211827.2044236544;1923328.003846656;2211827.2044236544;2115660.8042313214;2019494.404038989;2211827.2044236544;2019494.404038989;1923328.003846656;496733.97169142636;453539.7132834763;453539.7132834763;475136.8424874513;496733.97169142636;431942.5840795012;496733.97169142636;475136.8424874513;453539.7132834763;496733.97169142636;453539.7132834763;431942.5840795012;1052817.7291559319;961268.3614032423;961268.3614032423;1007043.0452795869;1052817.7291559319;915493.6775268973;1052817.7291559319;1007043.0452795869;961268.3614032423;1052817.7291559319;961268.3614032423;915493.6775268973;3761378.9052710123;3434302.4787257076;3434302.4787257076;3597840.6919983597;3761378.9052710123;3270764.2654530546;3761378.9052710123;3597840.6919983597;3434302.4787257076;3761378.9052710123;3434302.4787257076;3270764.2654530546
LAS MARGARITAS;CONTROL POBLACIÓN;3753403.740840141;3427020.8068540418;3427020.8068540418;3590212.2738470915;3753403.7408401407;3263829.339860992;3753403.7408401407;3590212.2738470915;3427020.8068540418;3753403.740840141;3427020.8068540418;3263829.339860992;842942.4974157539;769643.1498143839;769643.1498143839;806292.8236150689;842942.4974157538;732993.476013699;842942.4974157538;806292.8236150689;769643.1498143839;842942.4974157539;769643.1498143839;732993.476013699;1786599.7828100661;1631243.279957017;1631243.279957017;1708921.5313835416;1786599.7828100661;1553565.0285304924;1786599.7828100661;1708921.5313835416;1631243.279957017;1786599.7828100661;1631243.279957017;1553565.0285304924;6382946.021065961;5827907.236625442;5827907.236625442;6105426.628845702;6382946.021065961;5550387.844405184;6382946.021065961;6105426.628845702;5827907.236625442;6382946.021065961;5827907.236625442;5550387.844405184
LA CECILIA;CONTROL POBLACIÓN;1943726.937220787;1774707.2035494144;1774707.2035494142;1859217.0703851008;1943726.937220787;1690197.3367137278;1943726.937220787;1859217.0703851008;1774707.2035494142;1943726.9372207874;1774707.2035494142;1690197.3367137278;436523.7933045867;398565.20258244884;398565.2025824488;417544.4979435178;436523.7933045867;379585.9072213798;436523.7933045867;417544.4979435178;398565.2025824488;436523.79330458684;398565.2025824488;379585.9072213798;925203.4589552126;844750.9842634551;844750.9842634551;884977.221609334;925203.4589552126;804524.7469175763;925203.4589552126;884977.221609334;844750.9842634551;925203.458955213;844750.9842634551;804524.7469175763;3305454.189480586;3018023.390395318;3018023.390395318;3161738.7899379525;3305454.189480586;2874307.990852684;3305454.189480586;3161738.7899379525;3018023.390395318;3305454.1894805874;3018023.390395318;2874307.990852684
JOSEFINA;CONTROL POBLACIÓN;2613977.6052279547;2386675.20477335;2386675.20477335;2500326.4050006527;2613977.6052279547;2273024.0045460477;2613977.6052279547;2500326.4050006527;2386675.20477335;2613977.605227955;2386675.20477335;2273024.0045460477;587049.2392716856;536001.4793350174;536001.4793350174;561525.3593033515;587049.2392716856;510477.59936668316;587049.2392716856;561525.3593033515;536001.4793350174;587049.2392716857;536001.4793350174;510477.59936668316;1244239.13445701;1136044.4271129225;1136044.4271129225;1190141.7807849664;1244239.13445701;1081947.0734408784;1244239.13445701;1190141.7807849664;1136044.4271129225;1244239.1344570105;1136044.4271129225;1081947.0734408784;4445265.97895665;4058721.11122129;4058721.11122129;4251993.545088971;4445265.97895665;3865448.6773536094;4445265.97895665;4251993.545088971;4058721.11122129;4445265.978956652;4058721.11122129;3865448.6773536094
SAN ALFREDO;CONTROL POBLACIÓN;1541576.5364164864;1407526.4028150528;1407526.4028150528;1474551.4696157696;1541576.5364164864;1340501.336014336;1541576.5364164864;1474551.4696157696;1407526.4028150528;1541576.5364164864;1407526.4028150528;1340501.336014336;346208.5257243275;316103.4365309077;316103.4365309077;331155.9811276176;346208.5257243275;301050.8919341978;346208.5257243275;331155.9811276176;316103.4365309077;346208.5257243275;316103.4365309077;301050.8919341978;733782.0536541343;669974.9185537748;669974.9185537748;701878.4861039546;733782.0536541343;638071.351003595;733782.0536541343;701878.4861039546;669974.9185537748;733782.0536541343;669974.9185537748;638071.351003595;2621567.1157949483;2393604.757899735;2393604.757899735;2507585.9368473417;2621567.1157949483;2279623.578952129;2621567.1157949483;2507585.9368473417;2393604.757899735;2621567.1157949483;2393604.757899735;2279623.578952129
VICTORIA;CONTROL POBLACIÓN;6099281.078865228;5568908.811137817;5568908.811137817;5834094.945001522;6099281.078865228;5303722.677274112;6099281.078865228;5834094.945001522;5568908.811137817;6099281.078865228;5568908.811137817;5303722.677274112;1369781.5583006;1250670.1184483736;1250670.1184483736;1310225.8383744867;1369781.5583006;1191114.3985222608;1369781.5583006;1310225.8383744867;1250670.1184483736;1369781.5583006;1250670.1184483736;1191114.3985222608;2903224.647066357;2650770.3299301523;2650770.3299301523;2776997.488498254;2903224.647066357;2524543.17136205;2903224.647066357;2776997.488498254;2650770.3299301523;2903224.647066357;2650770.3299301523;2524543.17136205;10372287.284232184;9470349.259516343;9470349.259516343;9921318.271874262;10372287.284232184;9019380.247158423;10372287.284232184;9921318.271874262;9470349.259516343;10372287.284232184;9470349.259516343;9019380.247158423
CIRCASIA;CONTROL POBLACIÓN;3753403.740840141;3427020.8068540418;3427020.8068540418;3590212.2738470915;3753403.7408401407;3263829.339860992;3753403.7408401407;3590212.2738470915;3427020.8068540418;3753403.740840141;3427020.8068540418;3263829.339860992;842942.4974157539;769643.1498143839;769643.1498143839;806292.8236150689;842942.4974157538;732993.476013699;842942.4974157538;806292.8236150689;769643.1498143839;842942.4974157539;769643.1498143839;732993.476013699;1786599.7828100661;1631243.279957017;1631243.279957017;1708921.5313835416;1786599.7828100661;1553565.0285304924;1786599.7828100661;1708921.5313835416;1631243.279957017;1786599.7828100661;1631243.279957017;1553565.0285304924;6382946.021065961;5827907.236625442;5827907.236625442;6105426.628845702;6382946.021065961;5550387.844405184;6382946.021065961;6105426.628845702;5827907.236625442;6382946.021065961;5827907.236625442;5550387.844405184
CIENAGA;CONTROL POBLACIÓN;1575089.0698168445;1438124.8028762497;1438124.8028762494;1506606.9363465472;1575089.0698168445;1369642.6694059519;1575089.0698168445;1506606.9363465472;1438124.8028762494;1575089.0698168448;1438124.8028762497;1369642.6694059519;353734.7980226824;322975.25036853616;322975.2503685361;338355.02419560927;353734.7980226824;307595.47654146294;353734.7980226824;338355.02419560927;322975.2503685361;353734.79802268243;322975.25036853616;307595.47654146294;749733.837429224;684539.5906962482;684539.5906962481;717136.7140627361;749733.837429224;651942.4673297602;749733.837429224;717136.7140627361;684539.5906962481;749733.8374292243;684539.5906962482;651942.4673297602;2678557.705268751;2445639.643941034;2445639.6439410336;2562098.6746048927;2678557.705268751;2329180.613277175;2678557.705268751;2562098.6746048927;2445639.6439410336;2678557.705268752;2445639.643941034;2329180.613277175
MARIA;CONTROL POBLACIÓN;1441038.936215411;1315731.2026314621;1315731.2026314621;1378385.069423437;1441038.936215411;1253077.3358394878;1441038.936215411;1378385.069423437;1315731.2026314624;1441038.936215411;1315731.2026314624;1253077.3358394878;323629.7088292626;295487.99501802237;295487.99501802237;309558.85192364256;323629.7088292626;281417.13811240223;323629.7088292626;309558.85192364256;295487.9950180224;323629.7088292626;295487.9950180224;281417.13811240223;685926.7023288646;626280.9021263546;626280.9021263546;656103.8022276097;685926.7023288646;596458.0020250997;685926.7023288646;656103.8022276097;626280.9021263547;685926.7023288646;626280.9021263547;596458.0020250997;2450595.347373538;2237500.099775839;2237500.099775839;2344047.723574689;2450595.347373538;2130952.4759769896;2450595.347373538;2344047.723574689;2237500.0997758396;2450595.347373538;2237500.0997758396;2130952.4759769896
REMANSO;CONTROL POBLACIÓN;11762899.223525798;10740038.421480076;10740038.421480078;11251468.822502939;11762899.223525798;10228608.020457216;11762899.223525798;11251468.822502939;10740038.421480076;11762899.223525798;10740038.421480076;10228608.020457216;2641721.5767225856;2412006.6570075783;2412006.6570075788;2526864.116865082;2641721.5767225856;2297149.1971500744;2641721.5767225856;2526864.116865082;2412006.6570075783;2641721.5767225856;2412006.6570075783;2297149.1971500744;5599076.105056547;5112199.922008151;5112199.922008152;5355638.01353235;5599076.105056547;4868761.8304839535;5599076.105056547;5355638.01353235;5112199.922008151;5599076.105056547;5112199.922008151;4868761.8304839535;20003696.90530493;18264245.000495806;18264245.00049581;19133970.952900372;20003696.90530493;17394519.048091244;20003696.90530493;19133970.952900372;18264245.000495806;20003696.90530493;18264245.000495806;17394519.048091244
PIEDECUESTA;CONTROL POBLACIÓN;5060392.543454118;4620358.409240716;4620358.409240716;4840375.476347418;5060392.543454118;4400341.342134016;5060392.543454118;4840375.476347418;4620358.409240716;5060392.543454118;4620358.409240716;4400341.342134016;1136467.1170515965;1037643.8894818925;1037643.8894818925;1087055.5032667445;1136467.1170515965;988232.2756970405;1136467.1170515965;1087055.5032667445;1037643.8894818925;1136467.1170515965;1037643.8894818925;988232.2756970405;2408719.3500385713;2199265.493513478;2199265.493513478;2303992.4217760246;2408719.3500385713;2094538.5652509313;2408719.3500385713;2303992.4217760246;2199265.493513478;2408719.3500385713;2199265.493513478;2094538.5652509313;8605579.010544285;7857267.792236087;7857267.792236087;8231423.4013901865;8605579.010544285;7483112.183081987;8605579.010544285;8231423.4013901865;7857267.792236087;8605579.010544285;7857267.792236087;7483112.183081987
NAUTICA;CONTROL POBLACIÓN;13728325.894123318;12534558.425069116;12534558.425069116;13131442.159596216;13728325.894123316;11248380.02249676;10557570.42111514;10098545.62019709;9639520.819279041;10557570.42111514;9639520.819279041;9180496.018360991;3083118.7139860997;2815021.434509048;2815021.434509048;2949070.0742475735;3083118.713986099;2526170.4316207008;2371027.8434969243;2267939.6763883624;2164851.5092798006;2371027.8434969243;2164851.5092798006;2061763.3421712385;6534608.519172131;5966381.691418032;5966381.691418032;6250495.105295081;6534608.519172129;5354167.761515456;5025346.145454709;4806852.834782765;4588359.524110822;5025346.145454709;4588359.524110822;4369866.213438878;23346053.12728155;21315961.550996196;21315961.550996196;22331007.33913887;23346053.127281543;19128718.215632915;17953944.410066772;17173338.131368216;16392731.852669664;17953944.410066772;16392731.852669664;15612125.573971108
LAS LINAS;CONTROL POBLACIÓN;9081896.551497126;8292166.416584332;8292166.4165843325;8687031.48404073;8928904.551191142;7285333.3479039995;8378133.3500896;8166858.683000383;8200371.2164007425;8981358.95129605;8200371.216400742;7809877.348953088;2039619.79285419;1862261.5499973036;1862261.5499973039;1950940.671425747;2005260.723666048;1636146.1518162922;1881568.0745887363;1834119.8361860635;1841646.1084844188;2017040.975959125;1841646.1084844186;1753948.6747470654;4322933.403049356;3947026.1506102816;3947026.150610282;4134979.776829819;4250110.042336989;3467779.0815412775;3987945.9437724696;3887380.3504077718;3903332.134182862;4275078.0517240865;3903332.1341828615;3717459.1754122498;15444449.747400671;14101454.117191916;14101454.117191918;14772951.932296295;15184275.317194179;12389258.58126157;14247647.368450806;13888358.869594218;13945349.459068023;15273477.978979263;13945349.45906802;13281285.199112404
DON ALI;CONTROL POBLACIÓN;5965230.945263796;5446515.21089303;5446515.21089303;5705873.078078413;5965230.945263796;5070592.010141184;5697130.678060928;5449429.344232192;5201728.010403455;5697130.678060927;5201728.010403456;4954026.67657472;1339676.4691071804;1223182.8630978602;1223182.8630978602;1281429.6661025204;1339676.4691071804;1138757.7216641395;1279466.2907203408;1223837.3215585868;1168208.3523968325;1279466.2907203406;1168208.3523968328;1112579.3832350788;2839417.5119659984;2592511.641360259;2592511.641360259;2715964.576663129;2839417.5119659984;2413574.2407527287;2711803.2417652793;2593898.752992876;2475994.264220472;2711803.241765279;2475994.2642204724;2358089.7754480685;10144324.926336974;9262209.71535115;9262209.71535115;9703267.320844062;10144324.926336974;8622923.972558051;9688400.21054655;9267165.418783655;8845930.62702076;9688400.210546548;8845930.627020761;8424695.835257867
DR4 DON ALI;CONTROL POBLACIÓN;569713.0678060928;520172.80104034557;520172.80104034557;544942.9344232192;569713.0678060928;495402.66765747196;569713.0678060928;544942.9344232192;520172.80104034557;569713.0678060928;520172.80104034557;495402.66765747196;127946.62907203406;116820.83523968326;116820.83523968326;122383.73215585867;127946.62907203406;111257.93832350787;127946.62907203406;122383.73215585867;116820.83523968326;127946.62907203406;116820.83523968326;111257.93832350787;271180.3241765279;247599.4264220472;247599.4264220472;259389.87529928755;271180.3241765279;235808.97754480687;271180.3241765279;259389.87529928755;247599.4264220472;271180.3241765279;247599.4264220472;235808.97754480687;968840.0210546547;884593.062702076;884593.062702076;926716.5418783654;968840.0210546547;842469.5835257868;968840.0210546547;926716.5418783654;884593.062702076;968840.0210546547;884593.062702076;842469.5835257868
DON CARLOS;CONTROL POBLACIÓN;1809676.8036193536;1652313.6033046271;1652313.6033046274;1730995.2034619905;1809676.8036193536;1573632.003147264;1809676.8036193536;1730995.2034619905;1652313.6033046271;1809676.803619353;1652313.6033046271;1573632.003147264;406418.704111167;371077.9472319351;371077.94723193516;388748.3256715511;406418.704111167;353407.56879231916;406418.704111167;388748.3256715511;371077.9472319351;406418.70411116694;371077.9472319351;353407.56879231916;861396.3238548533;786492.2956935617;786492.2956935618;823944.3097742075;861396.3238548533;749040.2816129159;861396.3238548533;823944.3097742075;786492.2956935617;861396.323854853;786492.2956935617;749040.2816129159;3077491.8315853737;2809883.846230124;2809883.846230124;2943687.838907749;3077491.8315853737;2676079.853552499;3077491.8315853737;2943687.838907749;2809883.846230124;3077491.831585373;2809883.846230124;2676079.853552499
EVA NORTE;CONTROL POBLACIÓN;14075264.028150529;12733305.62546661;12342811.758018956;13058231.49278313;13773651.227547301;11977088.023954175;13773651.227547305;13174796.826349594;12575942.425151885;13773651.227547305;12575942.425151885;11977088.023954175;3161034.365309077;2859656.2441445156;2771958.810407162;2932628.3625155226;3093297.914623882;2689824.2735859845;3093297.914623883;2958806.7009445834;2824315.4872652837;3093297.914623883;2824315.4872652837;2689824.2735859845;6699749.185537749;6060984.278717845;5875111.319947232;6215647.225754586;6556183.131561938;5701028.81005386;6556183.1315619415;6271131.691059247;5986080.250556553;6556183.1315619415;5986080.250556553;5701028.81005386;23936047.578997355;21653946.14832897;20989881.88837335;22206507.08105324;23423132.27373312;20367941.10759402;23423132.27373313;22404735.218353424;21386338.16297372;23423132.27373313;21386338.16297372;20367941.10759402
DON PEDRO;CONTROL POBLACIÓN;6803044.280272755;6211475.212422951;6211475.212422951;6507259.746347853;6803044.280272755;5915690.678498047;6803044.280272755;6507259.746347853;6211475.212422949;6803044.280272755;6211475.212422949;5915690.678498047;1527833.2765660537;1394978.209038571;1394978.209038571;1461405.7428023124;1527833.2765660537;1328550.6752748294;1527833.2765660537;1461405.7428023124;1394978.2090385705;1527833.2765660537;1394978.2090385705;1328550.6752748294;3238212.1063432447;2956628.444922094;2956628.444922094;3097420.275632669;3238212.1063432447;2815836.614211517;3238212.1063432447;3097420.275632669;2956628.444922093;3238212.1063432447;2956628.444922093;2815836.614211517;11569089.663182054;10563081.866383616;10563081.866383616;11066085.764782835;11569089.663182054;10060077.967984393;11569089.663182054;11066085.764782835;10563081.866383612;11569089.663182054;10563081.866383612;10060077.967984393
LA VELA;CONTROL POBLACIÓN;4691754.676050176;4283776.008567552;4283776.008567552;4487765.342308864;4691754.676050176;4021504.0080430075;4557704.542448742;4359543.475385753;4161382.4083227646;4557704.542448742;4161382.4083227646;3963221.3412597757;1053678.1217696923;962053.93726798;962053.93726798;1007866.0295188361;1053678.1217696923;903152.6758025932;1023573.0325762725;979069.8572468694;934566.6819174661;1023573.0325762725;934566.6819174661;890063.506588063;2233249.7285125824;2039054.0999462712;2039054.0999462712;2136151.914229427;2233249.7285125824;1914214.053010785;2169442.5934122233;2075119.0023943004;1980795.4113763776;2169442.5934122233;1980795.4113763776;1886471.820358455;7978682.52633245;7284884.045781802;7284884.045781802;7631783.286057128;7978682.52633245;6838870.736856386;7750720.168437238;7413732.335026924;7076744.501616608;7750720.168437238;7076744.501616608;6739756.668206294
ESPERANZA;CONTROL POBLACIÓN;4554790.40910958;4191980.8083839617;4191980.808383961;4391598.942116531;4591217.075849101;3773802.6742142723;4088529.0748437243;3910766.9411548674;3733004.8074660087;4088529.0748437243;3733004.8074660096;3555242.673777152;1022918.574115546;941438.4957550947;941438.4957550946;986268.900314861;1031099.3048746275;847523.7066408396;918205.2203993031;878283.2542949858;838361.288190668;918205.2203993031;838361.2881906682;798439.3220863506;2168055.4817796065;1995360.083518851;1995360.0835188508;2090377.2303530818;2185394.3771873135;1796309.5642383818;1946117.6205609648;1861503.8109713579;1776890.00138175;1946117.6205609648;1776890.0013817507;1692276.1917921435;7745764.465004733;7128779.387657907;7128779.387657906;7468245.072784473;7807710.757911042;6417635.945093493;6952851.915803992;6650554.006421211;6348256.097038426;6952851.915803992;6348256.097038429;6045958.187655646
LINA MARGARITA;CONTROL POBLACIÓN;0.0;0.0;0.0;0.0;0.0;0.0;0.0;0.0;0.0;0.0;0.0;0.0;0.0;0.0;0.0;0.0;0.0;0.0;0.0;0.0;0.0;0.0;0.0;0.0;0.0;0.0;0.0;0.0;0.0;0.0;0.0;0.0;0.0;0.0;0.0;0.0;0.0;0.0;0.0;0.0;0.0;0.0;0.0;0.0;0.0;0.0;0.0;0.0
DON MARCE;CONTROL POBLACIÓN;0.0;0.0;0.0;0.0;0.0;0.0;0.0;0.0;0.0;0.0;0.0;0.0;0.0;0.0;0.0;0.0;0.0;0.0;0.0;0.0;0.0;0.0;0.0;0.0;0.0;0.0;0.0;0.0;0.0;0.0;0.0;0.0;0.0;0.0;0.0;0.0;0.0;0.0;0.0;0.0;0.0;0.0;0.0;0.0;0.0;0.0;0.0;0.0
ENANO;CONTROL MALEZA;11667465.063236272;10652902.883824423;10652902.883824423;11160183.973530347;11667465.063236272;10145621.794118498;11667465.063236272;11160183.973530347;10652902.883824423;11667465.063236272;10652902.883824423;10145621.794118498;2620288.8945578844;2392437.6863354594;2392437.6863354594;2506363.2904466717;2620288.8945578844;2278512.082224247;2620288.8945578844;2506363.2904466717;2392437.68633546;2620288.8945578844;2392437.68633546;2278512.082224247;5553649.963394589;5070723.879621146;5070723.879621146;5312186.921507867;5553649.963394589;4829260.8377344245;5553649.963394589;5312186.921507867;5070723.879621146;5553649.963394589;5070723.879621146;4829260.8377344245;19841403.921188746;18116064.44978103;18116064.44978103;18978734.185484886;19841403.921188746;17253394.714077167;19841403.921188746;18978734.185484886;18116064.44978103;19841403.921188746;18116064.44978103;17253394.714077167
EVA;CONTROL MALEZA;8441754.133988598;7707688.557120023;7707688.557120023;8074721.345554311;8441754.133988598;7340655.768685738;8441754.133988598;8074721.345554311;7707688.557120023;8441754.133988598;7707688.557120023;7340655.768685738;1895856.0825330578;1730999.0318780087;1730999.0318780087;1813427.5572055331;1895856.0825330578;1648570.5065504848;1895856.0825330578;1813427.5572055331;1730999.0318780087;1895856.0825330578;1730999.0318780087;1648570.5065504848;4018229.091161968;3668817.865843535;3668817.865843535;3843523.4785027513;4018229.091161968;3494112.2531843195;4018229.091161968;3843523.4785027513;3668817.865843535;4018229.091161968;3668817.865843535;3494112.2531843195;14355839.307683624;13107505.454841567;13107505.454841567;13731672.381262597;14355839.307683624;12483338.528420541;14355839.307683624;13731672.381262597;13107505.454841567;14355839.307683624;13107505.454841567;12483338.528420541
SAMI;CONTROL MALEZA;15071999.936468413;15285102.102835873;15312212.86275994;16041365.8562247;16770518.84968946;12936851.798885386;14487699.368307695;12717438.123713132;11072757.503405394;12010625.80039028;10966223.556878082;10444022.435121983;3384882.1349160243;3432740.794608809;3438829.3513576007;3602583.129993677;3766336.9086297536;2905368.811085859;3253659.433023423;2856092.707557633;2486728.981921451;2697356.2149860575;2462803.5006394433;2345527.143466137;7174190.061147131;7275625.534236748;7288530.108627488;7635602.970943084;7982675.833258677;6157871.151095823;6896066.166077404;6053431.434114946;5270572.396846544;5716992.609376783;5219862.817257062;4971297.921197201;25631072.13253157;25993468.431681428;26039572.32274503;27279551.957161464;28519531.59157789;22000091.76106707;24637424.967408523;21626962.26538571;18830058.88217339;20424974.62475312;18648889.874774586;17760847.499785323
VEGA;CONTROL MALEZA;4666986.025294509;4261161.15352977;4261161.15352977;4464073.589412139;4666986.025294509;4058248.7176473993;4666986.025294509;4464073.589412139;4261161.15352977;4666986.025294509;4261161.15352977;4058248.7176473993;1048115.5578231536;956975.0745341838;956975.0745341838;1002545.3161786688;1048115.5578231537;911404.8328896989;1048115.5578231537;1002545.3161786688;956975.0745341838;1048115.5578231536;956975.0745341838;911404.8328896989;2221459.985357835;2028289.5518484586;2028289.5518484586;2124874.768603147;2221459.985357836;1931704.33509377;2221459.985357836;2124874.768603147;2028289.5518484586;2221459.985357835;2028289.5518484586;1931704.33509377;7936561.568475497;7246425.779912412;7246425.779912412;7591493.674193955;7936561.568475498;6901357.885630868;7936561.568475498;7591493.674193955;7246425.779912412;7936561.568475497;7246425.779912412;6901357.885630868
FEDERICA;CONTROL MALEZA;12119824.260893343;10937879.287095107;7542106.851604886;8500595.997605704;8886986.7247696;7727814.543277912;8886986.7247696;8500595.997605704;8114205.270441808;8782869.573847739;7567590.228102044;7207228.788668614;2721880.0950069698;2456437.9212325932;1693812.5563452574;1909070.8366321991;1995846.7837518444;1735518.942392908;1995846.7837518444;1909070.8366321991;1822294.8895125538;1972464.068413515;1699535.6339863245;1618605.3657012614;5768970.48313845;5206371.098876977;3590001.873870221;4046237.498468273;4230157.384762285;3678397.725880248;4230157.384762285;4046237.498468273;3862317.6121742604;4180598.18674695;3602131.8225937486;3430601.7358035706;20610674.839038763;18600688.30720468;12825921.281820364;14455904.332706176;15112990.89328373;13141731.211551068;15112990.89328373;14455904.332706176;13798817.772128623;14935931.829008203;12869257.684682118;12256435.890173446
NEERLANDIA;CONTROL MALEZA;8989899.944889953;8208169.514899522;8208169.51489952;8599034.729894739;8989899.944889953;7817304.299904307;8989899.944889953;8599034.729894739;8208169.514899522;8989899.944889953;8208169.514899522;7817304.299904307;2018959.1193211407;1843397.4567714762;1843397.4567714757;1931178.2880463083;2018959.1193211407;1755616.625496644;2018959.1193211407;1931178.2880463083;1843397.4567714762;2018959.1193211407;1843397.4567714762;1755616.625496644;4279143.518258853;3907044.0818885164;3907044.0818885164;4093093.800073684;4279143.518258853;3720994.36370335;4279143.518258853;4093093.800073684;3907044.081888517;4279143.518258853;3907044.081888517;3720994.36370335;15288002.582469948;13958611.053559516;13958611.053559512;14623306.81801473;15288002.582469948;13293915.289104301;15288002.582469948;14623306.81801473;13958611.053559516;15288002.582469948;13958611.053559516;13293915.289104301
SAN ANTONIO;CONTROL MALEZA;9813402.229918038;8960062.905577341;8960062.905577341;9386732.56774769;9813402.229918038;8533393.24340699;9813402.22991804;9386732.56774769;8960062.90557734;9813402.22991804;8960062.90557734;8533393.24340699;2203901.939411626;2012258.2925062678;2012258.2925062678;2108080.115958947;2203901.939411626;1916436.469053588;2203901.9394116267;2108080.115958947;2012258.2925062673;2203901.9394116267;2012258.2925062673;1916436.469053588;4671126.130618441;4264941.249695098;4264941.249695098;4468033.69015677;4671126.130618441;4061848.809233427;4671126.130618442;4468033.69015677;4264941.249695098;4671126.130618442;4264941.249695098;4061848.809233427;16688430.299948107;15237262.447778707;15237262.447778707;15962846.373863406;16688430.299948107;14511678.521694006;16688430.29994811;15962846.373863406;15237262.447778704;16688430.29994811;15237262.447778704;14511678.521694006
MRS;CONTROL MALEZA;5867701.8453699155;7770039.200389745;3560705.468074906;3605154.5925573427;3769025.255855403;3277413.26596122;3769025.2558554034;3605154.5925573427;3441283.929259281;3769025.2558554034;3441283.929259281;3277413.26596122;1317773.3036840926;1745001.7905957517;799666.1609201573;809648.5818336031;846450.7900987668;736044.1653032755;846450.7900987668;809648.5818336031;772846.3735684393;846450.7900987668;772846.3735684393;736044.1653032755;2792994.1904372927;3698496.4331960627;1694876.4521903812;1716033.9938857607;1794035.5390623857;1560030.9035325095;1794035.5390623857;1716033.9938857607;1638032.448709135;1794035.5390623857;1638032.448709135;1560030.9035325095;9978469.3394913;13213537.424181558;6055248.081185445;6130837.168276707;6409511.585016555;5573488.334797005;6409511.585016555;6130837.168276707;5852162.7515368555;6409511.585016555;5852162.7515368555;5573488.334797005
DON FUAD;CONTROL MALEZA;12508062.478189006;11420404.871389963;11420404.871389963;11964233.674789486;12508062.478189006;10876576.067990443;12508062.478189006;11964233.674789486;11420404.871389963;12508062.478189006;11420404.871389963;10876576.067990443;2809070.9529790445;2564803.9135895623;2564803.9135895623;2686937.4332843036;2809070.9529790445;2442670.3938948214;2809070.9529790445;2686937.4332843036;2564803.9135895623;2809070.9529790445;2564803.9135895623;2442670.3938948214;5953769.764695021;5436050.654721541;5436050.654721541;5694910.209708283;5953769.764695021;5177191.099734802;5953769.764695021;5694910.209708283;5436050.654721541;5953769.764695021;5436050.654721541;5177191.099734802;21270903.19586307;19421259.439701065;19421259.439701065;20346081.317782074;21270903.19586307;18496437.561620064;21270903.19586307;20346081.317782074;19421259.439701065;21270903.19586307;19421259.439701065;18496437.561620064
EUFEMIA;CONTROL MALEZA;24243943.083678585;22135774.11988045;22135774.11988045;23189858.601779517;22610683.538605347;17465571.66872059;20085407.419028677;19212128.83559265;18338850.25215662;20085407.419028677;18338850.25215662;17465571.66872059;5444724.666253752;4971270.347449078;4971270.347449078;5207997.506851414;5077925.895081858;3922432.442061182;4510797.308370359;4314675.6862673005;4118554.064164241;4510797.308370359;4118554.064164241;3922432.442061182;11539985.154398698;10536508.184450986;10536508.184450986;11038246.669424843;10762562.486874217;8313517.197860875;9560544.777540006;9144868.917646961;8729193.057753919;9560544.777540006;8729193.057753919;8313517.197860875;41228652.904331036;37643552.651780516;37643552.651780516;39436102.77805577;38451171.920561425;29701521.30864265;34156749.50493904;32671673.43950691;31186597.37407478;34156749.50493904;31186597.37407478;29701521.30864265
OLGA;CONTROL MALEZA;3245951.9702256536;2963695.2771625533;2963695.2771625533;3104823.623694103;3245951.9702256536;2822566.9306310033;3245951.9702256536;3104823.623694103;2963695.2771625533;3245951.9702256536;2963695.2771625533;2822566.9306310033;728978.561645797;665589.1215026841;665589.1215026841;697283.8415742405;728978.561645797;633894.4014311278;728978.561645797;697283.8415742405;665589.1215026841;728978.561645797;665589.1215026841;633894.4014311278;1545055.4977384328;1410702.8457611778;1410702.8457611778;1477879.171749805;1545055.4977384328;1343526.5197725503;1545055.4977384328;1477879.171749805;1410702.8457611778;1545055.4977384328;1410702.8457611778;1343526.5197725503;5519986.029609883;5039987.244426415;5039987.244426415;5279986.637018149;5519986.029609883;4799987.851834682;5519986.029609883;5279986.637018149;5039987.244426415;5519986.029609883;5039987.244426415;4799987.851834682
DON SAID;CONTROL MALEZA;44043797.63413987;34643912.18802041;31971811.25065057;33416826.251979318;34935772.89979656;26312692.399477687;23782655.9438181;22496065.89925041;21473517.44928448;23518614.349216342;21473517.44928448;20450968.999318555;9891392.276676789;7780358.276481442;7180255.651499953;7504778.308300694;7845904.5950416345;5909326.088107852;5341128.421205855;5052184.971419826;4822540.199991653;5281829.7428480005;4822540.199991652;4592895.428563478;20964608.318334434;16490313.929551868;15218408.404865906;15906227.69258084;16629238.042243605;12524698.586124498;11320414.982684812;10708005.11342952;10221277.608273633;11194732.61858541;10221277.608273633;9734550.103117745;74899798.2291511;58914584.39405372;54370475.30701643;56827832.25286085;59410915.5370818;44746717.07371004;40444199.34770877;38256255.98409976;36517335.25754976;39995176.71064975;36517335.25754976;34778414.53099978
ASUNTINA;CONTROL MALEZA;0.0;0.0;0.0;0.0;0.0;0.0;0.0;0.0;0.0;0.0;0.0;0.0;0.0;0.0;0.0;0.0;0.0;0.0;0.0;0.0;0.0;0.0;0.0;0.0;0.0;0.0;0.0;0.0;0.0;0.0;0.0;0.0;0.0;0.0;0.0;0.0;0.0;0.0;0.0;0.0;0.0;0.0;0.0;0.0;0.0;0.0;0.0;0.0
PORLAMAR;CONTROL MALEZA;30778430.129051432;25358488.25423601;23854861.44442346;21730266.81325069;20910109.716566227;18182704.101361934;20910109.716566227;20000974.511498127;19091839.306430027;20910109.716566224;19091839.30643003;18182704.101361934;6912245.138251936;5695030.136813668;5357344.391884728;4880201.183199161;4696009.62825663;4083486.6332666343;4696009.62825663;4491835.296593298;4287660.964929966;4696009.62825663;4287660.964929966;4083486.6332666343;14650365.476400819;12070502.598601008;11354784.408572992;10343488.910220057;9953098.589332644;8654868.338550124;9953098.589332644;9520355.172405139;9087611.75547763;9953098.589332644;9087611.75547763;8654868.338550124;52341040.743704185;43124020.98965068;40566990.24488118;36953956.90666991;35559217.9341555;30921059.073178694;35559217.9341555;34013164.98049656;32467112.026837625;35559217.934155494;32467112.026837625;30921059.073178694
EL MORRO;CONTROL MALEZA;2126442.727674048;1941534.6643980436;1941534.6643980434;2033988.6960360454;2126442.7276740475;1849080.6327600414;2126442.7276740475;2033988.6960360454;1941534.6643980436;2126442.727674048;1941534.6643980436;1849080.6327600414;477558.25571695983;436031.45087200677;436031.45087200677;456794.85329448327;477558.25571695983;415268.04844953027;477558.25571695983;456794.85329448327;436031.45087200677;477558.25571695983;436031.45087200677;415268.04844953027;1012175.1822440845;924159.9490054685;924159.9490054685;968167.5656247765;1012175.1822440845;880152.3323861604;1012175.1822440845;968167.5656247765;924159.9490054685;1012175.1822440845;924159.9490054685;880152.3323861604;3616176.165635092;3301726.064275519;3301726.064275519;3458951.114955305;3616176.165635092;3144501.013595732;3616176.165635092;3458951.114955305;3301726.064275519;3616176.165635092;3301726.064275519;3144501.013595732
LA PERLA;CONTROL MALEZA;2430220.260198911;2218896.7593120495;2218896.7593120495;2324558.50975548;2430220.260198911;2113235.0088686184;2430220.2601989117;2324558.50975548;2218896.7593120495;2430220.260198911;2218896.7593120495;2113235.0088686184;545780.8636765254;498321.6581394362;498321.6581394362;522051.26090798085;545780.8636765254;474592.0553708917;545780.8636765254;522051.26090798085;498321.6581394362;545780.8636765254;498321.6581394362;474592.0553708917;1156771.6368503822;1056182.7988633926;1056182.7988633926;1106477.2178568875;1156771.6368503822;1005888.3798698976;1156771.6368503824;1106477.2178568875;1056182.7988633926;1156771.6368503822;1056182.7988633926;1005888.3798698976;4132772.7607258186;3773401.2163148783;3773401.2163148783;3953086.9885203484;4132772.7607258186;3593715.444109408;4132772.7607258195;3953086.9885203484;3773401.2163148783;4132772.7607258186;3773401.2163148783;3593715.444109408
ARACATACA;CONTROL MALEZA;10764587.561334398;9828536.46904445;9828536.46904445;10296562.015189424;10764587.561334398;9360510.922899475;10764587.561334398;10296562.015189424;9828536.46904445;10764587.561334398;9828536.46904445;9360510.922899475;2417519.923015455;2207300.79927498;2207300.79927498;2312410.3611452174;2417519.923015455;2102191.237404743;2417519.923015455;2312410.3611452174;2207300.79927498;2417519.923015455;2207300.79927498;2102191.237404743;5123885.179166787;4678329.946195763;4678329.946195763;4901107.5626812745;5123885.179166787;4455552.32971025;5123885.179166787;4901107.5626812745;4678329.946195763;5123885.179166787;4678329.946195763;4455552.32971025;18305992.66351664;16714167.214515194;16714167.214515194;17510079.939015917;18305992.66351664;15918254.490014467;18305992.66351664;17510079.939015917;16714167.214515194;18305992.66351664;16714167.214515194;15918254.490014467
BOCATOMA;CONTROL MALEZA;20725076.756370552;14419076.740623038;8534102.621425766;4873461.736726667;5094982.724759697;4430419.760660606;5094982.724759697;4873461.736726667;4651940.748693637;5094982.724759697;4651940.748693637;4430419.760660606;4654454.773958793;3238248.1068902025;1916595.7817521535;1094486.0428196224;1144235.4084023326;994987.3116542023;1144235.4084023326;1094486.0428196224;1044736.6772369123;1144235.4084023326;1044736.6772369123;994987.3116542023;9865023.905839017;6863402.168228397;4062186.4693152574;2319741.3019096428;2425184.0883600805;2108855.7290087664;2425184.0883600805;2319741.3019096428;2214298.515459204;2425184.0883600805;2214298.515459204;2108855.7290087664;35244555.436168365;24520727.01574164;14512884.872493178;8287689.081455931;8664402.22152211;7534262.801323576;8664402.22152211;8287689.081455931;7910975.941389753;8664402.22152211;7910975.941389753;7534262.801323576
JOYA;CONTROL MALEZA;9305417.854127266;8496251.084203156;8496251.084203156;8900834.46916521;9305417.854127266;8091667.6992411;9305417.854127266;8900834.46916521;8496251.084203156;9305417.854127266;8496251.084203156;8091667.6992411;2089818.3907333775;1908095.0524087357;1908095.0524087357;1998956.7215710569;2089818.3907333775;1817233.3832464153;2089818.3907333775;1998956.7215710569;1908095.052408736;2089818.3907333775;1908095.0524087357;1817233.3832464153;4429328.328377333;4044169.343301041;4044169.343301041;4236748.835839187;4429328.328377333;3851589.850762897;4429328.328377333;4236748.835839187;4044169.343301041;4429328.328377333;4044169.343301041;3851589.850762897;15824564.573237976;14448515.479912933;14448515.479912933;15136540.026575454;15824564.573237976;13760490.933250412;15824564.573237976;15136540.026575454;14448515.479912933;15824564.573237976;14448515.479912933;13760490.933250412
ESMERALDA;CONTROL MALEZA;0.0;0.0;0.0;0.0;0.0;0.0;0.0;0.0;0.0;0.0;0.0;0.0;0.0;0.0;0.0;0.0;0.0;0.0;0.0;0.0;0.0;0.0;0.0;0.0;0.0;0.0;0.0;0.0;0.0;0.0;0.0;0.0;0.0;0.0;0.0;0.0;0.0;0.0;0.0;0.0;0.0;0.0;0.0;0.0;0.0;0.0;0.0;0.0
NARANJOS;CONTROL MALEZA;3830814.0787666896;3497699.8110478474;3497699.8110478465;3664256.9449072685;3830814.0787666896;3331142.6771884253;3830814.0787666896;3664256.9449072685;3497699.8110478474;3830814.07876669;3497699.811047847;3331142.6771884253;860327.3747385959;785516.2986743703;785516.2986743702;822921.836706483;860327.3747385959;748110.7606422573;860327.3747385959;822921.836706483;785516.2986743703;860327.374738596;785516.2986743702;748110.7606422573;1823446.6829775043;1664886.1018490258;1664886.1018490256;1744166.392413265;1823446.6829775043;1585605.8112847863;1823446.6829775043;1744166.392413265;1664886.1018490258;1823446.6829775046;1664886.1018490256;1585605.8112847863;6514588.136482789;5948102.211571244;5948102.211571243;6231345.174027016;6514588.136482789;5664859.249115469;6514588.136482789;6231345.174027016;5948102.211571244;6514588.13648279;5948102.211571243;5664859.249115469
YUNQUE;CONTROL MALEZA;2413412.8696230142;2203550.8809601436;2203550.8809601436;2308481.875291579;2413412.8696230142;2098619.8866287083;2413412.8696230142;2308481.875291579;2203550.8809601436;2413412.8696230147;2203550.8809601436;2098619.8866287083;542006.2460853155;494875.2681648533;494875.2681648533;518440.7571250843;542006.2460853155;471309.77920462214;542006.2460853155;518440.7571250843;494875.2681648533;542006.2460853155;494875.2681648533;471309.77920462214;1148771.4102758279;1048878.2441648864;1048878.2441648864;1098824.827220357;1148771.4102758279;998931.6611094153;1148771.4102758279;1098824.827220357;1048878.2441648864;1148771.4102758279;1048878.2441648864;998931.6611094153;4104190.525984158;3747304.393289883;3747304.393289883;3925747.4596370202;4104190.525984158;3568861.326942746;4104190.525984158;3925747.4596370202;3747304.393289883;4104190.525984158;3747304.393289883;3568861.326942746
DONAMA;CONTROL MALEZA;5248215.287910365;4791848.74113555;4791848.741135551;5020032.014522958;5248215.287910365;4563665.467748143;5248215.287910365;5020032.014522958;4791848.74113555;5248215.2879103655;4791848.741135551;4563665.467748143;1178648.5033918764;1076157.329183887;1076157.3291838872;1127402.9162878818;1178648.5033918764;1024911.7420798924;1178648.5033918764;1127402.9162878818;1076157.329183887;1178648.5033918764;1076157.3291838872;1024911.7420798924;2498121.955679181;2280893.959533165;2280893.959533165;2389507.957606173;2498121.955679181;2172279.9614601573;2498121.955679181;2389507.957606173;2280893.959533165;2498121.955679181;2280893.959533165;2172279.9614601573;8924985.746981423;8148900.029852602;8148900.029852604;8536942.888417013;8924985.746981423;7760857.171288192;8924985.746981423;8536942.888417013;8148900.029852602;8924985.746981423;8148900.029852604;7760857.171288192
BURDEOS;CONTROL MALEZA;0.0;0.0;0.0;0.0;0.0;0.0;0.0;0.0;0.0;0.0;0.0;0.0;0.0;0.0;0.0;0.0;0.0;0.0;0.0;0.0;0.0;0.0;0.0;0.0;0.0;0.0;0.0;0.0;0.0;0.0;0.0;0.0;0.0;0.0;0.0;0.0;0.0;0.0;0.0;0.0;0.0;0.0;0.0;0.0;0.0;0.0;0.0;0.0
DON MARCE SUR 2;CONTROL MALEZA;4448969.3110930445;4062102.414476257;4062102.4144762573;4255535.86278465;4448969.3110930445;3868668.9661678644;4448969.3110930445;4255535.86278465;4062102.414476257;4448969.3110930445;4062102.4144762577;3868668.9661678644;999153.1849380496;912270.2992912625;912270.2992912625;955711.7421146561;999153.1849380496;868828.8564678692;999153.1849380496;955711.7421146561;912270.2992912625;999153.1849380496;912270.2992912628;868828.8564678692;2117685.214207286;1933538.6738414345;1933538.6738414348;2025611.9440243605;2117685.214207286;1841465.4036585097;2117685.214207286;2025611.9440243605;1933538.6738414345;2117685.214207286;1933538.673841435;1841465.4036585097;7565807.71023838;6907911.387608954;6907911.387608955;7236859.548923667;7565807.71023838;6578963.226294244;7565807.71023838;7236859.548923667;6907911.387608954;7565807.71023838;6907911.387608955;6578963.226294244
LAS MARGARITAS;CONTROL MALEZA;9428762.629233586;8608870.226691533;7197834.737768853;6949297.710875958;7265174.87955214;6317543.3735235995;7265174.879552138;6949297.710875958;6633420.542199779;7265174.879552138;6633420.542199779;6317543.3735235995;2117519.26171616;1933387.152001711;1616495.6420282833;1560678.992231241;1631618.9464235706;1418799.083846583;1631618.9464235704;1560678.992231241;1489739.0380389122;1631618.9464235704;1489739.0380389122;1418799.083846583;4488039.771012166;4097775.4430980645;3426130.218627147;3307827.9444977683;3458183.7601567586;3007116.3131797896;3458183.7601567577;3307827.9444977683;3157472.1288387794;3458183.7601567577;3157472.1288387794;3007116.3131797896;16034321.66196191;14640032.821791308;12240460.598424284;11817804.647604967;12354977.586132469;10743458.770549972;12354977.586132467;11817804.647604967;11280631.70907747;12354977.586132467;11280631.70907747;10743458.770549972
LA CECILIA;CONTROL MALEZA;3762322.705482358;3435164.2093534577;3435164.209353457;3598743.4574179077;3762322.7054823576;3271584.961289007;3762322.705482358;3598743.4574179077;3435164.2093534577;3762322.705482358;3435164.209353457;3271584.961289007;844945.525826492;771472.0018415796;771472.0018415796;808208.7638340357;844945.5258264919;734735.2398491235;844945.525826492;808208.7638340357;771472.0018415796;844945.525826492;771472.0018415796;734735.2398491235;1790845.16150975;1635119.495291511;1635119.495291511;1712982.3284006305;1790845.1615097497;1557256.6621823914;1790845.16150975;1712982.3284006305;1635119.495291511;1790845.16150975;1635119.495291511;1557256.6621823914;6398113.3928186;5841755.706486547;5841755.706486547;6119934.549652574;6398113.392818599;5563576.863320522;6398113.3928186;6119934.549652574;5841755.706486547;6398113.3928186;5841755.706486547;5563576.863320522
JOSEFINA;CONTROL MALEZA;5059675.362545241;4619703.591889132;4619703.591889132;4839689.477217185;5059675.362545241;4399717.706561078;5059675.362545241;4839689.477217185;4619703.591889132;5059675.362545241;4619703.591889132;4399717.706561078;1136306.0519735583;1037496.8300628139;1037496.8300628138;1086901.4410181858;1136306.0519735583;988092.2191074418;1136306.0519735583;1086901.4410181858;1037496.8300628139;1136306.0519735583;1037496.8300628139;988092.2191074418;2408377.9758234574;2198953.8040127214;2198953.8040127214;2303665.889918089;2408377.9758234574;2094241.718107354;2408377.9758234574;2303665.889918089;2198953.8040127214;2408377.9758234574;2198953.8040127214;2094241.718107354;8604359.390342256;7856154.225964667;7856154.225964667;8230256.80815346;8604359.390342256;7482051.643775874;8604359.390342256;8230256.80815346;7856154.225964667;8604359.390342256;7856154.225964667;7482051.643775874
SAN ALFREDO;CONTROL MALEZA;3298182.3307091417;2882550.192093667;2882550.192093667;3019814.4869552706;3157078.7818168732;2745285.897232064;3157078.7818168732;3019814.4869552706;2882550.1920936676;3157078.7818168732;2882550.1920936676;2745285.897232064;740708.498936535;647365.4915966537;647365.4915966537;678192.419767923;709019.3479391921;616538.5634253845;709019.3479391921;678192.419767923;647365.4915966538;709019.3479391921;647365.4915966538;616538.5634253845;1569916.8654832747;1372078.2262504275;1372078.2262504275;1437415.2846433055;1502752.3430361825;1306741.16785755;1502752.3430361825;1437415.2846433055;1372078.226250428;1502752.3430361825;1372078.226250428;1306741.16785755;5608807.695128951;4901993.9099407485;4901993.9099407485;5135422.191366499;5368850.472792247;4668565.628514999;5368850.472792247;5135422.191366499;4901993.909940749;5368850.472792247;4901993.909940749;4668565.628514999
VICTORIA;CONTROL MALEZA;12491050.832405891;11404872.499153204;11404872.499153204;11947961.66577955;12491050.832405891;10861783.332526863;12491050.832405891;11947961.66577955;11404872.499153204;12491050.832405891;11404872.499153204;10861783.332526863;2805250.463585499;2561315.6406650213;2561315.640665021;2683283.0521252607;2805250.463585499;2439348.2292047823;2805250.463585499;2683283.0521252607;2561315.6406650213;2805250.463585499;2561315.6406650213;2439348.2292047823;5945672.313751853;5428657.329947345;5428657.329947344;5687164.8218495995;5945672.313751853;5170149.83804509;5945672.313751853;5687164.8218495995;5428657.329947345;5945672.313751853;5428657.329947345;5170149.83804509;21241973.609743245;19394845.46976557;19394845.46976557;20318409.53975441;21241973.609743245;18471281.399776734;21241973.609743245;20318409.53975441;19394845.46976557;21241973.609743245;19394845.46976557;18471281.399776734
CIRCASIA;CONTROL MALEZA;16934623.83242875;11875077.369110495;9747288.561611215;10164347.318127744;10626363.105315367;9240315.743752494;9628317.02441702;8779670.773457965;8380594.829209874;9178746.717706054;8380594.829209874;7981518.884961786;3803191.7405476393;2666914.6368684326;2189054.0774378446;2282717.475798624;2386477.361062198;2075197.7052714764;2162335.3518201686;1971745.6791925656;1882120.8755929032;2061370.4827922275;1882120.8755929032;1792496.0719932416;8060788.913215923;5652472.292724009;4639656.383798369;4838174.085399179;5058091.089280959;4398340.077635617;4583026.578643395;4179075.5751452614;3989117.5944568394;4369033.5558336815;3989117.5944568394;3799159.613768419;28798604.486192312;20194464.298702937;16575999.022847429;17285238.879325546;18070931.555658523;15713853.52665959;16373678.954880584;14930492.027795792;14251833.299259618;15609150.756331965;14251833.299259618;13573174.570723446
CIENAGA;CONTROL MALEZA;3048778.744097773;2783667.5489588357;2783667.5489588357;2916223.1465283046;3048778.7440977725;2651111.9513893677;3048778.744097773;2916223.1465283046;2783667.5489588357;3048778.744097773;2783667.5489588357;2651111.9513893677;684697.2364456055;625158.3463199007;625158.3463199007;654927.791382753;684697.2364456055;595388.9012570482;684697.2364456055;654927.791382753;625158.3463199007;684697.2364456055;625158.3463199007;595388.9012570482;1451202.113637211;1325010.6254948447;1325010.6254948447;1388106.369566028;1451202.113637211;1261914.881423662;1451202.113637211;1388106.369566028;1325010.6254948447;1451202.113637211;1325010.6254948447;1261914.881423662;5184678.09418059;4733836.520773581;4733836.520773581;4959257.307477086;5184678.094180589;4508415.734070078;5184678.09418059;4959257.307477086;4733836.520773581;5184678.09418059;4733836.520773581;4508415.734070078
MARIA;CONTROL MALEZA;6081724.353504786;5509934.199189332;5027124.12228264;3232448.138137521;2789308.2126851967;2425485.402334953;2789308.2126851967;2668033.9425684484;2546759.672451701;2789308.2126851957;2546759.672451701;2425485.402334953;1365838.6544875237;1237425.551619852;1128995.667678264;725945.859935294;626425.1312161923;544717.5054053845;626425.1312161923;599189.2559459229;571953.3806756538;626425.1312161922;571953.3806756538;544717.5054053845;2894867.741206611;2622698.73513953;2392883.762357803;1538627.747050903;1327695.5507744697;1154517.870238669;1327695.5507744697;1269969.6572625362;1212243.763750603;1327695.5507744695;1212243.763750603;1154517.870238669;10342430.749198921;9370058.485948715;8549003.552318707;5497021.745123718;4743428.894675858;4124720.777979007;4743428.894675858;4537192.855776908;4330956.816877957;4743428.894675857;4330956.816877957;4124720.777979007
REMANSO;CONTROL MALEZA;25547226.11870607;23325728.195340324;23325728.195340324;24436477.157023195;25547226.11870607;22214979.23365745;25547226.11870607;24436477.157023195;23325728.195340324;25547226.11870607;23325728.195340324;22214979.23365745;5737417.0415588785;5238511.211858107;5238511.211858107;5487964.126708493;5737417.0415588785;4989058.29700772;5737417.0415588785;5487964.126708493;5238511.211858107;5737417.0415588785;5238511.211858107;4989058.29700772;12160340.796394985;11102919.85757803;11102919.85757803;11631630.326986505;12160340.796394985;10574209.388169551;12160340.796394985;11631630.326986505;11102919.85757803;12160340.796394985;11102919.85757803;10574209.388169551;43444983.95665993;39667159.26477646;39667159.26477646;41556071.61071819;43444983.95665993;37778246.91883472;43444983.95665993;41556071.61071819;39667159.26477646;43444983.95665993;39667159.26477646;37778246.91883472
PIEDECUESTA;CONTROL MALEZA;19675939.230750516;12431754.844435664;11422606.776688175;11836877.56064422;12374917.44976441;10760797.782403836;12374917.44976441;11836877.56064422;11298837.67152403;12374917.44976441;11298837.67152403;10760797.782403836;4418838.606063999;2791933.721865844;2565298.4192914013;2658335.6924828338;2779169.133050235;2416668.811348031;2779169.133050235;2658335.6924828338;2537502.2519154325;2779169.133050235;2537502.2519154325;2416668.811348031;9365640.145169802;5917447.745721396;5437098.749677261;5634289.391490486;5890393.454740053;5122081.2649913505;5890393.454740053;5634289.391490486;5378185.328240918;5890393.454740053;5378185.328240918;5122081.2649913505;33460417.981984317;21141136.312022902;19425003.945656836;20129502.64461754;21044480.037554696;18299547.858743217;21044480.037554696;20129502.64461754;19214525.25168038;21044480.037554696;19214525.25168038;18299547.858743217
NAUTICA;CONTROL MALEZA;29893690.59361255;27294239.23764624;27294239.23764624;28593964.915629394;29893690.59361255;24493561.31732213;22989310.27884417;21989775.049329206;20990239.819814242;22989310.27884417;20990239.819814242;19990704.59029928;6713549.606127175;6129762.683855247;6129762.683855247;6421656.14499121;6713549.606127175;5500784.134351607;5162958.199635873;4938481.756173444;4714005.312711015;5162958.199635873;4714005.312711015;4489528.869248586;14229234.265638832;12991909.546887629;12991909.546887629;13610571.906263227;14229234.265638832;11658802.077065581;10942786.757585192;10467013.420298878;9991240.083012566;10942786.757585192;9991240.083012566;9515466.745726254;50836474.46537855;46415911.468389116;46415911.468389116;48626192.96688383;50836474.46537855;41653147.52873932;39095055.23606523;37395270.22580153;35695485.215537824;39095055.23606523;35695485.215537824;33995700.20527412
LAS LINAS;CONTROL MALEZA;23151463.88305038;21138293.110611215;21138293.11061121;22144878.496830795;20589460.17255334;15883373.668630624;18265879.71892522;18594694.12429809;21118153.025973283;23129405.69511359;21118153.025973283;20112526.691403124;5199374.789358766;4747255.242458004;4747255.242458003;4973315.015908385;4623997.890088292;3567101.1146342214;4102166.2818293544;4176011.6912734355;4742732.165694867;5194420.943380092;4742732.165694867;4516887.776852255;11019970.991965435;10061712.644838005;10061712.644838003;10540841.818401719;9800471.148948804;7560399.548255045;8694459.480493302;8850973.350512652;10052126.07400141;11009471.414382493;10052126.07400141;9573453.403810866;39370809.664374575;35947260.99790722;35947260.99790722;37659035.3311409;35013929.21159044;27010874.33151989;31062505.481247872;31621679.166084178;35913011.265669554;39333298.052876174;35913011.265669554;34202867.872066244
DON ALI;CONTROL MALEZA;11546438.647859652;10542400.504567506;10542400.50456751;11044419.576213578;11546438.647859652;9814754.88386702;11027497.585034499;10548041.168293867;10068584.751553237;11027497.585034499;10068584.751553237;9589128.334812606;2593108.682708889;2367620.971168985;2367620.971168986;2480364.826938937;2593108.682708889;2204205.71954737;2476564.472250063;2368887.756065277;2261211.0398804923;2476564.472250063;2261211.0398804923;2153534.323695706;5496042.047391992;5018125.347618774;5018125.347618775;5257083.697505382;5496042.047391992;4671769.986547174;5249028.9216665095;5020810.272898398;4792591.624130291;5249028.9216665095;4792591.624130291;4564372.975362181;19635589.377960533;17928146.823355265;17928146.823355272;18781868.100657895;19635589.377960533;16690730.589961564;18753090.97895107;17937739.19725754;17122387.41556402;18753090.97895107;17122387.41556402;16307035.633870494
DR4 DON ALI;CONTROL MALEZA;3028104.7966433167;1574630.462456939;1281699.7764211553;1342733.0991078767;1403766.4217945985;1220666.4537344335;1403766.4217945985;1342733.0991078767;1281699.776421155;1403766.4217945985;1281699.776421155;1220666.4537344335;680054.264332299;353631.8036048195;287845.18934587925;301552.10312425444;315259.01690262964;274138.27556750405;315259.01690262964;301552.10312425444;287845.18934587925;315259.0169026297;287845.18934587925;274138.27556750405;1441361.4270012218;749515.5428182054;610082.1281936463;639133.6581076294;668185.1880216125;581030.5982796631;668185.1880216125;639133.6581076294;610082.1281936462;668185.1880216127;610082.1281936462;581030.5982796631;5149520.487976838;2677777.808879964;2179627.093960681;2283418.8603397603;2387210.6267188406;2075835.3275816008;2387210.6267188406;2283418.8603397603;2179627.0939606805;2387210.626718841;2179627.0939606805;2075835.3275816008
DON CARLOS;CONTROL MALEZA;3945449.4086821526;3602366.851405444;3602366.851405444;3773908.130043798;3945449.4086821526;3430825.572767089;3945449.4086821526;3773908.130043798;3602366.851405444;3945449.4086821526;3602366.851405444;3430825.572767089;886072.2713612518;809022.5086341866;809022.5086341866;847547.3899977191;886072.2713612518;770497.6272706538;886072.2713612518;847547.3899977191;809022.5086341866;886072.2713612518;809022.5086341866;770497.6272706538;1878012.4770328715;1714707.0442474047;1714707.0442474047;1796359.7606401378;1878012.4770328715;1633054.3278546708;1878012.4770328715;1796359.7606401378;1714707.0442474047;1878012.4770328715;1714707.0442474047;1633054.3278546708;6709534.157076277;6126096.404287036;6126096.404287036;6417815.280681655;6709534.157076277;5834377.527892414;6709534.157076277;6417815.280681655;6126096.404287036;6709534.157076277;6126096.404287036;5834377.527892414
EVA NORTE;CONTROL MALEZA;32024799.271699112;28982722.19968079;28131369.187179327;30272850.467304457;31813214.549420282;27663664.82558285;31813214.549420286;30430031.30814114;29046848.066862;31813214.549420286;28271212.97265644;26112394.637171734;7192155.744823188;6508963.57540196;6317766.0160422055;6798701.64223032;7144637.873971168;6212728.586061884;7144637.873971168;6834001.444668073;6523365.015364978;7144637.873971168;6349172.248336247;5864343.052004419;15243630.414922219;13795618.260774665;13390378.85349221;14409712.304976167;15142917.236972257;13167754.11910631;15142917.236972257;14484529.53101694;13826141.825061625;15142917.236972257;13456943.735399857;12429357.93978277;54460585.431444526;49287304.03585742;47839514.05671374;51481264.41451094;54100769.660363704;47044147.53075104;54100769.66036371;51748562.28382615;49396354.9072886;54100769.66036371;48077328.95639254;44406095.628958926
DON PEDRO;CONTROL MALEZA;16854495.26393333;15223166.283438314;15223166.283438317;15594081.10985601;14831967.221527353;12897362.801328134;14831967.221527353;14187099.081460945;13542230.94139454;14831967.221527353;13542230.94139454;12897362.801328134;3785196.400769255;3418831.1973772617;3418831.197377262;3502131.553986135;3330975.390487669;2896500.339554495;3330975.390487669;3186150.3735099444;3041325.35653222;3330975.390487669;3041325.35653222;2896500.339554495;8022648.150069896;7246144.420793015;7246144.4207930155;7422697.862435441;7059935.793290239;6139074.602861077;7059935.793290239;6752982.063147185;6446028.333004131;7059935.793290239;6446028.333004131;6139074.602861077;28662339.814772483;25888141.90160859;25888141.901608594;26518910.526277587;25222878.405305263;21932937.743743706;25222878.405305263;24126231.518118076;23029584.63093089;25222878.405305263;23029584.63093089;21932937.743743706
LA VELA;CONTROL MALEZA;10228942.911398174;9339469.614754854;9339469.614754854;9784206.263076512;10228942.911398174;8767665.352627007;9936687.399643943;9504657.512702899;9072627.62576186;9936687.399643939;9072627.62576186;8640597.738820817;2297224.407232875;2097465.7631256687;2097465.7631256687;2197345.0851792716;2297224.407232875;1969049.491913893;2231589.4241690794;2134563.7970312927;2037538.169893507;2231589.4241690785;2037538.169893507;1940512.5427557207;4868921.23675189;4445536.781382158;4445536.781382158;4657229.009067023;4868921.23675189;4173361.0600730474;4729809.201416121;4524165.32309368;4318521.44477124;4729809.20141612;4318521.44477124;4112877.5664488003;17395088.555382937;15882472.159262681;15882472.159262681;16638780.357322806;17395088.555382937;14910075.904613947;16898086.02522914;16163386.63282787;15428687.240426607;16898086.025229137;15428687.240426607;14693987.848025339
ESPERANZA;CONTROL MALEZA;11917898.947855376;11175380.2452997;11175380.2452997;11707541.20936159;12239702.173423482;10166715.729464604;10998312.424181564;8623191.273170944;8138680.664286373;8913793.108504122;8138680.664286373;7751124.442177498;2676531.5422222954;2509776.081651969;2509776.0816519684;2629289.2283973005;2748802.375142632;2283249.37556349;2470010.0448355083;1936603.3843919572;1827791.5935809398;2001866.983445791;1827791.5935809398;1740753.898648514;5672855.13149319;5319420.264286114;5319420.264286114;5572725.991156881;5826031.718027648;4839301.436324419;5235136.943706935;4104592.1833946994;3873967.7666330244;4242917.077740932;3873967.7666330244;3689493.1110790707;20267285.621570863;19004576.591237783;19004576.591237783;19909556.428915773;20814536.26659376;17289266.54135251;18703459.412724007;14664386.8409576;13840440.024500338;15158577.169690846;13840440.024500338;13181371.451905083
LINA MARGARITA;CONTROL MALEZA;0.0;0.0;0.0;0.0;0.0;0.0;0.0;0.0;0.0;0.0;0.0;0.0;0.0;0.0;0.0;0.0;0.0;0.0;0.0;0.0;0.0;0.0;0.0;0.0;0.0;0.0;0.0;0.0;0.0;0.0;0.0;0.0;0.0;0.0;0.0;0.0;0.0;0.0;0.0;0.0;0.0;0.0;0.0;0.0;0.0;0.0;0.0;0.0
DON MARCE;CONTROL MALEZA;0.0;0.0;0.0;0.0;0.0;0.0;0.0;0.0;0.0;0.0;0.0;0.0;0.0;0.0;0.0;0.0;0.0;0.0;0.0;0.0;0.0;0.0;0.0;0.0;0.0;0.0;0.0;0.0;0.0;0.0;0.0;0.0;0.0;0.0;0.0;0.0;0.0;0.0;0.0;0.0;0.0;0.0;0.0;0.0;0.0;0.0;0.0;0.0
ENANO;LIMPIAS;0.0;0.0;0.0;0.0;0.0;0.0;0.0;0.0;0.0;0.0;0.0;0.0;0.0;0.0;0.0;0.0;0.0;0.0;0.0;0.0;0.0;0.0;0.0;0.0;0.0;0.0;0.0;0.0;0.0;0.0;0.0;0.0;0.0;0.0;0.0;0.0;0.0;0.0;0.0;0.0;0.0;0.0;0.0;0.0;0.0;0.0;0.0;0.0
EVA;LIMPIAS;0.0;0.0;0.0;0.0;0.0;0.0;0.0;0.0;0.0;0.0;0.0;0.0;0.0;0.0;0.0;0.0;0.0;0.0;0.0;0.0;0.0;0.0;0.0;0.0;0.0;0.0;0.0;0.0;0.0;0.0;0.0;0.0;0.0;0.0;0.0;0.0;0.0;0.0;0.0;0.0;0.0;0.0;0.0;0.0;0.0;0.0;0.0;0.0
SAMI;LIMPIAS;0.0;0.0;0.0;0.0;0.0;0.0;0.0;0.0;0.0;0.0;0.0;0.0;0.0;0.0;0.0;0.0;0.0;0.0;0.0;0.0;0.0;0.0;0.0;0.0;0.0;0.0;0.0;0.0;0.0;0.0;0.0;0.0;0.0;0.0;0.0;0.0;0.0;0.0;0.0;0.0;0.0;0.0;0.0;0.0;0.0;0.0;0.0;0.0
VEGA;LIMPIAS;0.0;0.0;0.0;0.0;0.0;0.0;0.0;0.0;0.0;0.0;0.0;0.0;0.0;0.0;0.0;0.0;0.0;0.0;0.0;0.0;0.0;0.0;0.0;0.0;0.0;0.0;0.0;0.0;0.0;0.0;0.0;0.0;0.0;0.0;0.0;0.0;0.0;0.0;0.0;0.0;0.0;0.0;0.0;0.0;0.0;0.0;0.0;0.0
FEDERICA;LIMPIAS;0.0;0.0;0.0;0.0;0.0;0.0;0.0;0.0;0.0;0.0;0.0;0.0;0.0;0.0;0.0;0.0;0.0;0.0;0.0;0.0;0.0;0.0;0.0;0.0;0.0;0.0;0.0;0.0;0.0;0.0;0.0;0.0;0.0;0.0;0.0;0.0;0.0;0.0;0.0;0.0;0.0;0.0;0.0;0.0;0.0;0.0;0.0;0.0
NEERLANDIA;LIMPIAS;0.0;0.0;0.0;0.0;0.0;0.0;0.0;0.0;0.0;0.0;0.0;0.0;0.0;0.0;0.0;0.0;0.0;0.0;0.0;0.0;0.0;0.0;0.0;0.0;0.0;0.0;0.0;0.0;0.0;0.0;0.0;0.0;0.0;0.0;0.0;0.0;0.0;0.0;0.0;0.0;0.0;0.0;0.0;0.0;0.0;0.0;0.0;0.0
SAN ANTONIO;LIMPIAS;0.0;0.0;0.0;0.0;0.0;0.0;0.0;0.0;0.0;0.0;0.0;0.0;0.0;0.0;0.0;0.0;0.0;0.0;0.0;0.0;0.0;0.0;0.0;0.0;0.0;0.0;0.0;0.0;0.0;0.0;0.0;0.0;0.0;0.0;0.0;0.0;0.0;0.0;0.0;0.0;0.0;0.0;0.0;0.0;0.0;0.0;0.0;0.0
MRS;LIMPIAS;0.0;0.0;0.0;0.0;0.0;0.0;0.0;0.0;0.0;0.0;0.0;0.0;0.0;0.0;0.0;0.0;0.0;0.0;0.0;0.0;0.0;0.0;0.0;0.0;0.0;0.0;0.0;0.0;0.0;0.0;0.0;0.0;0.0;0.0;0.0;0.0;0.0;0.0;0.0;0.0;0.0;0.0;0.0;0.0;0.0;0.0;0.0;0.0
DON FUAD;LIMPIAS;0.0;0.0;0.0;0.0;0.0;0.0;0.0;0.0;0.0;0.0;0.0;0.0;0.0;0.0;0.0;0.0;0.0;0.0;0.0;0.0;0.0;0.0;0.0;0.0;0.0;0.0;0.0;0.0;0.0;0.0;0.0;0.0;0.0;0.0;0.0;0.0;0.0;0.0;0.0;0.0;0.0;0.0;0.0;0.0;0.0;0.0;0.0;0.0
EUFEMIA;LIMPIAS;0.0;0.0;0.0;0.0;0.0;0.0;0.0;0.0;0.0;0.0;0.0;0.0;0.0;0.0;0.0;0.0;0.0;0.0;0.0;0.0;0.0;0.0;0.0;0.0;0.0;0.0;0.0;0.0;0.0;0.0;0.0;0.0;0.0;0.0;0.0;0.0;0.0;0.0;0.0;0.0;0.0;0.0;0.0;0.0;0.0;0.0;0.0;0.0
OLGA;LIMPIAS;0.0;0.0;0.0;0.0;0.0;0.0;0.0;0.0;0.0;0.0;0.0;0.0;0.0;0.0;0.0;0.0;0.0;0.0;0.0;0.0;0.0;0.0;0.0;0.0;0.0;0.0;0.0;0.0;0.0;0.0;0.0;0.0;0.0;0.0;0.0;0.0;0.0;0.0;0.0;0.0;0.0;0.0;0.0;0.0;0.0;0.0;0.0;0.0
DON SAID;LIMPIAS;0.0;0.0;0.0;0.0;0.0;0.0;0.0;0.0;0.0;0.0;0.0;0.0;0.0;0.0;0.0;0.0;0.0;0.0;0.0;0.0;0.0;0.0;0.0;0.0;0.0;0.0;0.0;0.0;0.0;0.0;0.0;0.0;0.0;0.0;0.0;0.0;0.0;0.0;0.0;0.0;0.0;0.0;0.0;0.0;0.0;0.0;0.0;0.0
ASUNTINA;LIMPIAS;0.0;0.0;0.0;0.0;0.0;0.0;0.0;0.0;0.0;0.0;0.0;0.0;0.0;0.0;0.0;0.0;0.0;0.0;0.0;0.0;0.0;0.0;0.0;0.0;0.0;0.0;0.0;0.0;0.0;0.0;0.0;0.0;0.0;0.0;0.0;0.0;0.0;0.0;0.0;0.0;0.0;0.0;0.0;0.0;0.0;0.0;0.0;0.0
PORLAMAR;LIMPIAS;0.0;0.0;0.0;0.0;0.0;0.0;0.0;0.0;0.0;0.0;0.0;0.0;0.0;0.0;0.0;0.0;0.0;0.0;0.0;0.0;0.0;0.0;0.0;0.0;0.0;0.0;0.0;0.0;0.0;0.0;0.0;0.0;0.0;0.0;0.0;0.0;0.0;0.0;0.0;0.0;0.0;0.0;0.0;0.0;0.0;0.0;0.0;0.0
EL MORRO;LIMPIAS;0.0;0.0;0.0;0.0;0.0;0.0;0.0;0.0;0.0;0.0;0.0;0.0;0.0;0.0;0.0;0.0;0.0;0.0;0.0;0.0;0.0;0.0;0.0;0.0;0.0;0.0;0.0;0.0;0.0;0.0;0.0;0.0;0.0;0.0;0.0;0.0;0.0;0.0;0.0;0.0;0.0;0.0;0.0;0.0;0.0;0.0;0.0;0.0
LA PERLA;LIMPIAS;0.0;0.0;0.0;0.0;0.0;0.0;0.0;0.0;0.0;0.0;0.0;0.0;0.0;0.0;0.0;0.0;0.0;0.0;0.0;0.0;0.0;0.0;0.0;0.0;0.0;0.0;0.0;0.0;0.0;0.0;0.0;0.0;0.0;0.0;0.0;0.0;0.0;0.0;0.0;0.0;0.0;0.0;0.0;0.0;0.0;0.0;0.0;0.0
ARACATACA;LIMPIAS;0.0;0.0;0.0;0.0;0.0;0.0;0.0;0.0;0.0;0.0;0.0;0.0;0.0;0.0;0.0;0.0;0.0;0.0;0.0;0.0;0.0;0.0;0.0;0.0;0.0;0.0;0.0;0.0;0.0;0.0;0.0;0.0;0.0;0.0;0.0;0.0;0.0;0.0;0.0;0.0;0.0;0.0;0.0;0.0;0.0;0.0;0.0;0.0
BOCATOMA;LIMPIAS;0.0;0.0;0.0;0.0;0.0;0.0;0.0;0.0;0.0;0.0;0.0;0.0;0.0;0.0;0.0;0.0;0.0;0.0;0.0;0.0;0.0;0.0;0.0;0.0;0.0;0.0;0.0;0.0;0.0;0.0;0.0;0.0;0.0;0.0;0.0;0.0;0.0;0.0;0.0;0.0;0.0;0.0;0.0;0.0;0.0;0.0;0.0;0.0
JOYA;LIMPIAS;0.0;0.0;0.0;0.0;0.0;0.0;0.0;0.0;0.0;0.0;0.0;0.0;0.0;0.0;0.0;0.0;0.0;0.0;0.0;0.0;0.0;0.0;0.0;0.0;0.0;0.0;0.0;0.0;0.0;0.0;0.0;0.0;0.0;0.0;0.0;0.0;0.0;0.0;0.0;0.0;0.0;0.0;0.0;0.0;0.0;0.0;0.0;0.0
ESMERALDA;LIMPIAS;0.0;0.0;0.0;0.0;0.0;0.0;0.0;0.0;0.0;0.0;0.0;0.0;0.0;0.0;0.0;0.0;0.0;0.0;0.0;0.0;0.0;0.0;0.0;0.0;0.0;0.0;0.0;0.0;0.0;0.0;0.0;0.0;0.0;0.0;0.0;0.0;0.0;0.0;0.0;0.0;0.0;0.0;0.0;0.0;0.0;0.0;0.0;0.0
NARANJOS;LIMPIAS;0.0;0.0;0.0;0.0;0.0;0.0;0.0;0.0;0.0;0.0;0.0;0.0;0.0;0.0;0.0;0.0;0.0;0.0;0.0;0.0;0.0;0.0;0.0;0.0;0.0;0.0;0.0;0.0;0.0;0.0;0.0;0.0;0.0;0.0;0.0;0.0;0.0;0.0;0.0;0.0;0.0;0.0;0.0;0.0;0.0;0.0;0.0;0.0
YUNQUE;LIMPIAS;0.0;0.0;0.0;0.0;0.0;0.0;0.0;0.0;0.0;0.0;0.0;0.0;0.0;0.0;0.0;0.0;0.0;0.0;0.0;0.0;0.0;0.0;0.0;0.0;0.0;0.0;0.0;0.0;0.0;0.0;0.0;0.0;0.0;0.0;0.0;0.0;0.0;0.0;0.0;0.0;0.0;0.0;0.0;0.0;0.0;0.0;0.0;0.0
DONAMA;LIMPIAS;0.0;0.0;0.0;0.0;0.0;0.0;0.0;0.0;0.0;0.0;0.0;0.0;0.0;0.0;0.0;0.0;0.0;0.0;0.0;0.0;0.0;0.0;0.0;0.0;0.0;0.0;0.0;0.0;0.0;0.0;0.0;0.0;0.0;0.0;0.0;0.0;0.0;0.0;0.0;0.0;0.0;0.0;0.0;0.0;0.0;0.0;0.0;0.0
BURDEOS;LIMPIAS;0.0;0.0;0.0;0.0;0.0;0.0;0.0;0.0;0.0;0.0;0.0;0.0;0.0;0.0;0.0;0.0;0.0;0.0;0.0;0.0;0.0;0.0;0.0;0.0;0.0;0.0;0.0;0.0;0.0;0.0;0.0;0.0;0.0;0.0;0.0;0.0;0.0;0.0;0.0;0.0;0.0;0.0;0.0;0.0;0.0;0.0;0.0;0.0
DON MARCE SUR 2;LIMPIAS;0.0;0.0;0.0;0.0;0.0;0.0;0.0;0.0;0.0;0.0;0.0;0.0;0.0;0.0;0.0;0.0;0.0;0.0;0.0;0.0;0.0;0.0;0.0;0.0;0.0;0.0;0.0;0.0;0.0;0.0;0.0;0.0;0.0;0.0;0.0;0.0;0.0;0.0;0.0;0.0;0.0;0.0;0.0;0.0;0.0;0.0;0.0;0.0
LAS MARGARITAS;LIMPIAS;0.0;0.0;0.0;0.0;0.0;0.0;0.0;0.0;0.0;0.0;0.0;0.0;0.0;0.0;0.0;0.0;0.0;0.0;0.0;0.0;0.0;0.0;0.0;0.0;0.0;0.0;0.0;0.0;0.0;0.0;0.0;0.0;0.0;0.0;0.0;0.0;0.0;0.0;0.0;0.0;0.0;0.0;0.0;0.0;0.0;0.0;0.0;0.0
LA CECILIA;LIMPIAS;0.0;0.0;0.0;0.0;0.0;0.0;0.0;0.0;0.0;0.0;0.0;0.0;0.0;0.0;0.0;0.0;0.0;0.0;0.0;0.0;0.0;0.0;0.0;0.0;0.0;0.0;0.0;0.0;0.0;0.0;0.0;0.0;0.0;0.0;0.0;0.0;0.0;0.0;0.0;0.0;0.0;0.0;0.0;0.0;0.0;0.0;0.0;0.0
JOSEFINA;LIMPIAS;0.0;0.0;0.0;0.0;0.0;0.0;0.0;0.0;0.0;0.0;0.0;0.0;0.0;0.0;0.0;0.0;0.0;0.0;0.0;0.0;0.0;0.0;0.0;0.0;0.0;0.0;0.0;0.0;0.0;0.0;0.0;0.0;0.0;0.0;0.0;0.0;0.0;0.0;0.0;0.0;0.0;0.0;0.0;0.0;0.0;0.0;0.0;0.0
SAN ALFREDO;LIMPIAS;0.0;0.0;0.0;0.0;0.0;0.0;0.0;0.0;0.0;0.0;0.0;0.0;0.0;0.0;0.0;0.0;0.0;0.0;0.0;0.0;0.0;0.0;0.0;0.0;0.0;0.0;0.0;0.0;0.0;0.0;0.0;0.0;0.0;0.0;0.0;0.0;0.0;0.0;0.0;0.0;0.0;0.0;0.0;0.0;0.0;0.0;0.0;0.0
VICTORIA;LIMPIAS;0.0;0.0;0.0;0.0;0.0;0.0;0.0;0.0;0.0;0.0;0.0;0.0;0.0;0.0;0.0;0.0;0.0;0.0;0.0;0.0;0.0;0.0;0.0;0.0;0.0;0.0;0.0;0.0;0.0;0.0;0.0;0.0;0.0;0.0;0.0;0.0;0.0;0.0;0.0;0.0;0.0;0.0;0.0;0.0;0.0;0.0;0.0;0.0
CIRCASIA;LIMPIAS;0.0;0.0;0.0;0.0;0.0;0.0;0.0;0.0;0.0;0.0;0.0;0.0;0.0;0.0;0.0;0.0;0.0;0.0;0.0;0.0;0.0;0.0;0.0;0.0;0.0;0.0;0.0;0.0;0.0;0.0;0.0;0.0;0.0;0.0;0.0;0.0;0.0;0.0;0.0;0.0;0.0;0.0;0.0;0.0;0.0;0.0;0.0;0.0
CIENAGA;LIMPIAS;0.0;0.0;0.0;0.0;0.0;0.0;0.0;0.0;0.0;0.0;0.0;0.0;0.0;0.0;0.0;0.0;0.0;0.0;0.0;0.0;0.0;0.0;0.0;0.0;0.0;0.0;0.0;0.0;0.0;0.0;0.0;0.0;0.0;0.0;0.0;0.0;0.0;0.0;0.0;0.0;0.0;0.0;0.0;0.0;0.0;0.0;0.0;0.0
MARIA;LIMPIAS;0.0;0.0;0.0;0.0;0.0;0.0;0.0;0.0;0.0;0.0;0.0;0.0;0.0;0.0;0.0;0.0;0.0;0.0;0.0;0.0;0.0;0.0;0.0;0.0;0.0;0.0;0.0;0.0;0.0;0.0;0.0;0.0;0.0;0.0;0.0;0.0;0.0;0.0;0.0;0.0;0.0;0.0;0.0;0.0;0.0;0.0;0.0;0.0
REMANSO;LIMPIAS;0.0;0.0;0.0;0.0;0.0;0.0;0.0;0.0;0.0;0.0;0.0;0.0;0.0;0.0;0.0;0.0;0.0;0.0;0.0;0.0;0.0;0.0;0.0;0.0;0.0;0.0;0.0;0.0;0.0;0.0;0.0;0.0;0.0;0.0;0.0;0.0;0.0;0.0;0.0;0.0;0.0;0.0;0.0;0.0;0.0;0.0;0.0;0.0
PIEDECUESTA;LIMPIAS;0.0;0.0;0.0;0.0;0.0;0.0;0.0;0.0;0.0;0.0;0.0;0.0;0.0;0.0;0.0;0.0;0.0;0.0;0.0;0.0;0.0;0.0;0.0;0.0;0.0;0.0;0.0;0.0;0.0;0.0;0.0;0.0;0.0;0.0;0.0;0.0;0.0;0.0;0.0;0.0;0.0;0.0;0.0;0.0;0.0;0.0;0.0;0.0
NAUTICA;LIMPIAS;0.0;0.0;0.0;0.0;0.0;0.0;0.0;0.0;0.0;0.0;0.0;0.0;0.0;0.0;0.0;0.0;0.0;0.0;0.0;0.0;0.0;0.0;0.0;0.0;0.0;0.0;0.0;0.0;0.0;0.0;0.0;0.0;0.0;0.0;0.0;0.0;0.0;0.0;0.0;0.0;0.0;0.0;0.0;0.0;0.0;0.0;0.0;0.0
LAS LINAS;LIMPIAS;0.0;0.0;0.0;0.0;0.0;0.0;0.0;0.0;0.0;0.0;0.0;0.0;0.0;0.0;0.0;0.0;0.0;0.0;0.0;0.0;0.0;0.0;0.0;0.0;0.0;0.0;0.0;0.0;0.0;0.0;0.0;0.0;0.0;0.0;0.0;0.0;0.0;0.0;0.0;0.0;0.0;0.0;0.0;0.0;0.0;0.0;0.0;0.0
DON ALI;LIMPIAS;0.0;0.0;0.0;0.0;0.0;0.0;0.0;0.0;0.0;0.0;0.0;0.0;0.0;0.0;0.0;0.0;0.0;0.0;0.0;0.0;0.0;0.0;0.0;0.0;0.0;0.0;0.0;0.0;0.0;0.0;0.0;0.0;0.0;0.0;0.0;0.0;0.0;0.0;0.0;0.0;0.0;0.0;0.0;0.0;0.0;0.0;0.0;0.0
DR4 DON ALI;LIMPIAS;0.0;0.0;0.0;0.0;0.0;0.0;0.0;0.0;0.0;0.0;0.0;0.0;0.0;0.0;0.0;0.0;0.0;0.0;0.0;0.0;0.0;0.0;0.0;0.0;0.0;0.0;0.0;0.0;0.0;0.0;0.0;0.0;0.0;0.0;0.0;0.0;0.0;0.0;0.0;0.0;0.0;0.0;0.0;0.0;0.0;0.0;0.0;0.0
DON CARLOS;LIMPIAS;0.0;0.0;0.0;0.0;0.0;0.0;0.0;0.0;0.0;0.0;0.0;0.0;0.0;0.0;0.0;0.0;0.0;0.0;0.0;0.0;0.0;0.0;0.0;0.0;0.0;0.0;0.0;0.0;0.0;0.0;0.0;0.0;0.0;0.0;0.0;0.0;0.0;0.0;0.0;0.0;0.0;0.0;0.0;0.0;0.0;0.0;0.0;0.0
EVA NORTE;LIMPIAS;0.0;0.0;0.0;0.0;0.0;0.0;0.0;0.0;0.0;0.0;0.0;0.0;0.0;0.0;0.0;0.0;0.0;0.0;0.0;0.0;0.0;0.0;0.0;0.0;0.0;0.0;0.0;0.0;0.0;0.0;0.0;0.0;0.0;0.0;0.0;0.0;0.0;0.0;0.0;0.0;0.0;0.0;0.0;0.0;0.0;0.0;0.0;0.0
DON PEDRO;LIMPIAS;0.0;0.0;0.0;0.0;0.0;0.0;0.0;0.0;0.0;0.0;0.0;0.0;0.0;0.0;0.0;0.0;0.0;0.0;0.0;0.0;0.0;0.0;0.0;0.0;0.0;0.0;0.0;0.0;0.0;0.0;0.0;0.0;0.0;0.0;0.0;0.0;0.0;0.0;0.0;0.0;0.0;0.0;0.0;0.0;0.0;0.0;0.0;0.0
LA VELA;LIMPIAS;0.0;0.0;0.0;0.0;0.0;0.0;0.0;0.0;0.0;0.0;0.0;0.0;0.0;0.0;0.0;0.0;0.0;0.0;0.0;0.0;0.0;0.0;0.0;0.0;0.0;0.0;0.0;0.0;0.0;0.0;0.0;0.0;0.0;0.0;0.0;0.0;0.0;0.0;0.0;0.0;0.0;0.0;0.0;0.0;0.0;0.0;0.0;0.0
ESPERANZA;LIMPIAS;0.0;0.0;0.0;0.0;0.0;0.0;0.0;0.0;0.0;0.0;0.0;0.0;0.0;0.0;0.0;0.0;0.0;0.0;0.0;0.0;0.0;0.0;0.0;0.0;0.0;0.0;0.0;0.0;0.0;0.0;0.0;0.0;0.0;0.0;0.0;0.0;0.0;0.0;0.0;0.0;0.0;0.0;0.0;0.0;0.0;0.0;0.0;0.0
LINA MARGARITA;LIMPIAS;0.0;0.0;0.0;0.0;0.0;0.0;0.0;0.0;0.0;0.0;0.0;0.0;0.0;0.0;0.0;0.0;0.0;0.0;0.0;0.0;0.0;0.0;0.0;0.0;0.0;0.0;0.0;0.0;0.0;0.0;0.0;0.0;0.0;0.0;0.0;0.0;0.0;0.0;0.0;0.0;0.0;0.0;0.0;0.0;0.0;0.0;0.0;0.0
DON MARCE;LIMPIAS;0.0;0.0;0.0;0.0;0.0;0.0;0.0;0.0;0.0;0.0;0.0;0.0;0.0;0.0;0.0;0.0;0.0;0.0;0.0;0.0;0.0;0.0;0.0;0.0;0.0;0.0;0.0;0.0;0.0;0.0;0.0;0.0;0.0;0.0;0.0;0.0;0.0;0.0;0.0;0.0;0.0;0.0;0.0;0.0;0.0;0.0;0.0;0.0
ENANO;CONTROL ENFERMEDADES;1182548.37456;1079718.08112;1079718.08112;1131133.22784;1182548.37456;1028302.9344;1182548.37456;1131133.22784;1079718.08112;1182548.37456;1079718.08112;1028302.9344;265577.6860134487;242483.9741861923;242483.9741861923;254030.8300998205;265577.6860134487;230937.11827256408;265577.6860134487;254030.8300998205;242483.9741861923;265577.6860134487;242483.9741861923;230937.11827256408;570127.2300477667;520550.94917404786;520550.94917404786;545339.0896109072;570127.2300477667;495762.80873718846;570127.2300477667;545339.0896109072;520550.94917404786;570127.2300477667;520550.94917404786;495762.80873718846;2018253.2906212155;1842753.0044802402;1842753.0044802402;1930503.1475507277;2018253.2906212155;1755002.8614097526;2018253.2906212155;1930503.1475507277;1842753.0044802402;2018253.2906212155;1842753.0044802402;1755002.8614097526
EVA;CONTROL ENFERMEDADES;247953.69143999997;226392.50088;226392.50088;237173.09616000004;247953.69143999997;215611.9056;247953.69143999997;237173.09616000004;226392.50088;247953.69143999997;226392.50088;215611.9056;55685.643841529556;50843.413942266125;50843.413942266125;53264.528891897855;55685.643841529556;48422.29899263441;55685.643841529556;53264.528891897855;50843.413942266125;55685.643841529556;50843.413942266125;48422.29899263441;119542.80630033817;109147.77966552618;109147.77966552618;114345.2929829322;119542.80630033817;103950.26634812016;119542.80630033817;114345.2929829322;109147.77966552618;119542.80630033817;109147.77966552618;103950.26634812016;423182.1415818677;386383.6944877923;386383.6944877923;404782.9180348301;423182.1415818677;367984.4709407546;423182.1415818677;404782.9180348301;386383.6944877923;423182.1415818677;386383.6944877923;367984.4709407546
SAMI;CONTROL ENFERMEDADES;1182548.37456;1079718.08112;1079718.08112;1131133.22784;1182548.37456;1028302.9344;1182548.37456;1131133.22784;1079718.08112;1182548.37456;1079718.08112;1028302.9344;265577.6860134487;242483.9741861923;242483.9741861923;254030.8300998205;265577.6860134487;230937.11827256408;265577.6860134487;254030.8300998205;242483.9741861923;265577.6860134487;242483.9741861923;230937.11827256408;570127.2300477667;520550.94917404786;520550.94917404786;545339.0896109072;570127.2300477667;495762.80873718846;570127.2300477667;545339.0896109072;520550.94917404786;570127.2300477667;520550.94917404786;495762.80873718846;2018253.2906212155;1842753.0044802402;1842753.0044802402;1930503.1475507277;2018253.2906212155;1755002.8614097526;2018253.2906212155;1930503.1475507277;1842753.0044802402;2018253.2906212155;1842753.0044802402;1755002.8614097526
VEGA;CONTROL ENFERMEDADES;190733.60880000002;174148.0776;174148.0776;182440.8432;190733.60880000002;165855.312;190733.60880000002;182440.8432;174148.0776;190733.60880000002;174148.0776;165855.312;42835.11064733044;39110.31841712779;39110.31841712779;40972.71453222911;42835.11064733044;37247.92230202647;42835.11064733044;40972.71453222911;39110.31841712779;42835.11064733044;39110.31841712779;37247.92230202647;91956.004846414;83959.8305119432;83959.8305119432;87957.9176791786;91956.004846414;79961.74334470782;91956.004846414;87957.9176791786;83959.8305119432;91956.004846414;83959.8305119432;79961.74334470782;325524.7242937444;297218.226529071;297218.226529071;311371.4754114077;325524.7242937444;283064.97764673433;325524.7242937444;311371.4754114077;297218.226529071;325524.7242937444;297218.226529071;283064.97764673433
FEDERICA;CONTROL ENFERMEDADES;2365096.74912;2159436.16224;2159436.16224;2262266.45568;2365096.74912;2056605.8688;2365096.74912;2262266.45568;2159436.16224;2365096.74912;2159436.16224;2056605.8688;531155.3720268974;484967.9483723846;484967.9483723846;508061.660199641;531155.3720268974;461874.23654512817;531155.3720268974;508061.660199641;484967.9483723846;531155.3720268974;484967.9483723846;461874.23654512817;1140254.4600955334;1041101.8983480957;1041101.8983480957;1090678.1792218145;1140254.4600955334;991525.6174743769;1140254.4600955334;1090678.1792218145;1041101.8983480957;1140254.4600955334;1041101.8983480957;991525.6174743769;4036506.581242431;3685506.0089604803;3685506.0089604803;3861006.2951014554;4036506.581242431;3510005.7228195053;4036506.581242431;3861006.2951014554;3685506.0089604803;4036506.581242431;3685506.0089604803;3510005.7228195053
NEERLANDIA;CONTROL ENFERMEDADES;495907.38287999993;452785.00176;452785.00176;474346.1923200001;495907.38287999993;431223.8112;495907.38287999993;474346.1923200001;452785.00176;495907.38287999993;452785.00176;431223.8112;111371.28768305911;101686.82788453225;101686.82788453225;106529.05778379571;111371.28768305911;96844.59798526882;111371.28768305911;106529.05778379571;101686.82788453225;111371.28768305911;101686.82788453225;96844.59798526882;239085.61260067634;218295.55933105235;218295.55933105235;228690.5859658644;239085.61260067634;207900.53269624032;239085.61260067634;228690.5859658644;218295.55933105235;239085.61260067634;218295.55933105235;207900.53269624032;846364.2831637354;772767.3889755846;772767.3889755846;809565.8360696601;846364.2831637354;735968.9418815091;846364.2831637354;809565.8360696601;772767.3889755846;846364.2831637354;772767.3889755846;735968.9418815091
SAN ANTONIO;CONTROL ENFERMEDADES;495907.38287999993;452785.00176;452785.00176;474346.1923200001;495907.38287999993;431223.8112;495907.38287999993;474346.1923200001;452785.00176;495907.38287999993;452785.00176;431223.8112;111371.28768305911;101686.82788453225;101686.82788453225;106529.05778379571;111371.28768305911;96844.59798526882;111371.28768305911;106529.05778379571;101686.82788453225;111371.28768305911;101686.82788453225;96844.59798526882;239085.61260067634;218295.55933105235;218295.55933105235;228690.5859658644;239085.61260067634;207900.53269624032;239085.61260067634;228690.5859658644;218295.55933105235;239085.61260067634;218295.55933105235;207900.53269624032;846364.2831637354;772767.3889755846;772767.3889755846;809565.8360696601;846364.2831637354;735968.9418815091;846364.2831637354;809565.8360696601;772767.3889755846;846364.2831637354;772767.3889755846;735968.9418815091
MRS;CONTROL ENFERMEDADES;241595.90447999997;220587.56496;220587.56496;231091.73472000004;241595.90447999997;210083.3952;241595.90447999997;231091.73472000004;220587.56496;241595.90447999997;220587.56496;210083.3952;54257.80681995188;49539.7366616952;49539.7366616952;51898.77174082355;54257.80681995188;47180.70158256686;54257.80681995188;51898.77174082355;49539.7366616952;54257.80681995188;49539.7366616952;47180.70158256686;116477.60613879103;106349.11864846139;106349.11864846139;111413.36239362624;116477.60613879103;101284.87490329657;116477.60613879103;111413.36239362624;106349.11864846139;116477.60613879103;106349.11864846139;101284.87490329657;412331.31743874284;376476.4202701566;376476.4202701566;394403.8688544498;412331.31743874284;358548.97168586345;412331.31743874284;394403.8688544498;376476.4202701566;412331.31743874284;376476.4202701566;358548.97168586345
DON FUAD;CONTROL ENFERMEDADES;1182548.37456;1079718.08112;1079718.08112;1131133.22784;1182548.37456;1028302.9344;1182548.37456;1131133.22784;1079718.08112;1182548.37456;1079718.08112;1028302.9344;265577.6860134487;242483.9741861923;242483.9741861923;254030.8300998205;265577.6860134487;230937.11827256408;265577.6860134487;254030.8300998205;242483.9741861923;265577.6860134487;242483.9741861923;230937.11827256408;570127.2300477667;520550.94917404786;520550.94917404786;545339.0896109072;570127.2300477667;495762.80873718846;570127.2300477667;545339.0896109072;520550.94917404786;570127.2300477667;520550.94917404786;495762.80873718846;2018253.2906212155;1842753.0044802402;1842753.0044802402;1930503.1475507277;2018253.2906212155;1755002.8614097526;2018253.2906212155;1930503.1475507277;1842753.0044802402;2018253.2906212155;1842753.0044802402;1755002.8614097526
EUFEMIA;CONTROL ENFERMEDADES;1182548.37456;1079718.08112;1079718.08112;1131133.22784;1182548.37456;1028302.9344;1182548.37456;1131133.22784;1079718.08112;1182548.37456;1079718.08112;1028302.9344;265577.6860134487;242483.9741861923;242483.9741861923;254030.8300998205;265577.6860134487;230937.11827256408;265577.6860134487;254030.8300998205;242483.9741861923;265577.6860134487;242483.9741861923;230937.11827256408;570127.2300477667;520550.94917404786;520550.94917404786;545339.0896109072;570127.2300477667;495762.80873718846;570127.2300477667;545339.0896109072;520550.94917404786;570127.2300477667;520550.94917404786;495762.80873718846;2018253.2906212155;1842753.0044802402;1842753.0044802402;1930503.1475507277;2018253.2906212155;1755002.8614097526;2018253.2906212155;1930503.1475507277;1842753.0044802402;2018253.2906212155;1842753.0044802402;1755002.8614097526
OLGA;CONTROL ENFERMEDADES;190733.60880000002;174148.0776;174148.0776;182440.8432;190733.60880000002;165855.312;190733.60880000002;182440.8432;174148.0776;190733.60880000002;174148.0776;165855.312;42835.11064733044;39110.31841712779;39110.31841712779;40972.71453222911;42835.11064733044;37247.92230202647;42835.11064733044;40972.71453222911;39110.31841712779;42835.11064733044;39110.31841712779;37247.92230202647;91956.004846414;83959.8305119432;83959.8305119432;87957.9176791786;91956.004846414;79961.74334470782;91956.004846414;87957.9176791786;83959.8305119432;91956.004846414;83959.8305119432;79961.74334470782;325524.7242937444;297218.226529071;297218.226529071;311371.4754114077;325524.7242937444;283064.97764673433;325524.7242937444;311371.4754114077;297218.226529071;325524.7242937444;297218.226529071;283064.97764673433
DON SAID;CONTROL ENFERMEDADES;2365096.74912;2159436.16224;2159436.16224;2262266.45568;2365096.74912;2056605.8688;2365096.74912;2262266.45568;2159436.16224;2365096.74912;2159436.16224;2056605.8688;531155.3720268974;484967.9483723846;484967.9483723846;508061.660199641;531155.3720268974;461874.23654512817;531155.3720268974;508061.660199641;484967.9483723846;531155.3720268974;484967.9483723846;461874.23654512817;1140254.4600955334;1041101.8983480957;1041101.8983480957;1090678.1792218145;1140254.4600955334;991525.6174743769;1140254.4600955334;1090678.1792218145;1041101.8983480957;1140254.4600955334;1041101.8983480957;991525.6174743769;4036506.581242431;3685506.0089604803;3685506.0089604803;3861006.2951014554;4036506.581242431;3510005.7228195053;4036506.581242431;3861006.2951014554;3685506.0089604803;4036506.581242431;3685506.0089604803;3510005.7228195053
ASUNTINA;CONTROL ENFERMEDADES;2307876.6664799997;2107191.7389599998;2107191.7389599998;2207534.2027200004;2307876.6664799997;2006849.2752;2307876.6664799997;2207534.2027200004;2107191.7389599998;2307876.6664799997;2107191.7389599998;2006849.2752;518304.8388326982;473234.8528472462;473234.8528472462;495769.8458399723;518304.8388326982;450699.85985452024;518304.8388326982;495769.8458399723;473234.8528472462;518304.8388326982;473234.8528472462;450699.85985452024;1112667.6586416091;1015913.9491945127;1015913.9491945127;1064290.803918061;1112667.6586416091;967537.0944709646;1112667.6586416091;1064290.803918061;1015913.9491945127;1112667.6586416091;1015913.9491945127;967537.0944709646;3938849.1639543073;3596340.541001759;3596340.541001759;3767594.852478034;3938849.1639543073;3425086.229525485;3938849.1639543073;3767594.852478034;3596340.541001759;3938849.1639543073;3596340.541001759;3425086.229525485
PORLAMAR;CONTROL ENFERMEDADES;1182548.37456;1079718.08112;1079718.08112;1131133.22784;1182548.37456;1028302.9344;1182548.37456;1131133.22784;1079718.08112;1182548.37456;1079718.08112;1028302.9344;265577.6860134487;242483.9741861923;242483.9741861923;254030.8300998205;265577.6860134487;230937.11827256408;265577.6860134487;254030.8300998205;242483.9741861923;265577.6860134487;242483.9741861923;230937.11827256408;570127.2300477667;520550.94917404786;520550.94917404786;545339.0896109072;570127.2300477667;495762.80873718846;570127.2300477667;545339.0896109072;520550.94917404786;570127.2300477667;520550.94917404786;495762.80873718846;2018253.2906212155;1842753.0044802402;1842753.0044802402;1930503.1475507277;2018253.2906212155;1755002.8614097526;2018253.2906212155;1930503.1475507277;1842753.0044802402;2018253.2906212155;1842753.0044802402;1755002.8614097526
EL MORRO;CONTROL ENFERMEDADES;0.0;0.0;0.0;0.0;0.0;0.0;0.0;0.0;0.0;0.0;0.0;0.0;0.0;0.0;0.0;0.0;0.0;0.0;0.0;0.0;0.0;0.0;0.0;0.0;0.0;0.0;0.0;0.0;0.0;0.0;0.0;0.0;0.0;0.0;0.0;0.0;0.0;0.0;0.0;0.0;0.0;0.0;0.0;0.0;0.0;0.0;0.0;0.0
LA PERLA;CONTROL ENFERMEDADES;1182548.37456;1079718.08112;1079718.08112;1131133.22784;1182548.37456;1028302.9344;1182548.37456;1131133.22784;1079718.08112;1182548.37456;1079718.08112;1028302.9344;265577.6860134487;242483.9741861923;242483.9741861923;254030.8300998205;265577.6860134487;230937.11827256408;265577.6860134487;254030.8300998205;242483.9741861923;265577.6860134487;242483.9741861923;230937.11827256408;570127.2300477667;520550.94917404786;520550.94917404786;545339.0896109072;570127.2300477667;495762.80873718846;570127.2300477667;545339.0896109072;520550.94917404786;570127.2300477667;520550.94917404786;495762.80873718846;2018253.2906212155;1842753.0044802402;1842753.0044802402;1930503.1475507277;2018253.2906212155;1755002.8614097526;2018253.2906212155;1930503.1475507277;1842753.0044802402;2018253.2906212155;1842753.0044802402;1755002.8614097526
ARACATACA;CONTROL ENFERMEDADES;1182548.37456;1079718.08112;1079718.08112;1131133.22784;1182548.37456;1028302.9344;1182548.37456;1131133.22784;1079718.08112;1182548.37456;1079718.08112;1028302.9344;265577.6860134487;242483.9741861923;242483.9741861923;254030.8300998205;265577.6860134487;230937.11827256408;265577.6860134487;254030.8300998205;242483.9741861923;265577.6860134487;242483.9741861923;230937.11827256408;570127.2300477667;520550.94917404786;520550.94917404786;545339.0896109072;570127.2300477667;495762.80873718846;570127.2300477667;545339.0896109072;520550.94917404786;570127.2300477667;520550.94917404786;495762.80873718846;2018253.2906212155;1842753.0044802402;1842753.0044802402;1930503.1475507277;2018253.2906212155;1755002.8614097526;2018253.2906212155;1930503.1475507277;1842753.0044802402;2018253.2906212155;1842753.0044802402;1755002.8614097526
BOCATOMA;CONTROL ENFERMEDADES;438687.30023999995;400540.57848;400540.57848;419613.93936;438687.30023999995;381467.21760000003;438687.30023999995;419613.93936;400540.57848;438687.30023999995;400540.57848;381467.21760000003;98520.75448886;89953.73235939392;89953.73235939392;94237.24342412697;98520.75448886;85670.22129466088;98520.75448886;94237.24342412697;89953.73235939392;98520.75448886;89953.73235939392;85670.22129466088;211498.81114675215;193107.61017746938;193107.61017746938;202303.21066211077;211498.81114675215;183912.009692828;211498.81114675215;202303.21066211077;193107.61017746938;211498.81114675215;193107.61017746938;183912.009692828;748706.865875612;683601.9210168633;683601.9210168633;716154.3934462378;748706.865875612;651049.4485874888;748706.865875612;716154.3934462378;683601.9210168633;748706.865875612;683601.9210168633;651049.4485874888
JOYA;CONTROL ENFERMEDADES;2365096.74912;2159436.16224;2159436.16224;2262266.45568;2365096.74912;2056605.8688;2365096.74912;2262266.45568;2159436.16224;2365096.74912;2159436.16224;2056605.8688;531155.3720268974;484967.9483723846;484967.9483723846;508061.660199641;531155.3720268974;461874.23654512817;531155.3720268974;508061.660199641;484967.9483723846;531155.3720268974;484967.9483723846;461874.23654512817;1140254.4600955334;1041101.8983480957;1041101.8983480957;1090678.1792218145;1140254.4600955334;991525.6174743769;1140254.4600955334;1090678.1792218145;1041101.8983480957;1140254.4600955334;1041101.8983480957;991525.6174743769;4036506.581242431;3685506.0089604803;3685506.0089604803;3861006.2951014554;4036506.581242431;3510005.7228195053;4036506.581242431;3861006.2951014554;3685506.0089604803;4036506.581242431;3685506.0089604803;3510005.7228195053
ESMERALDA;CONTROL ENFERMEDADES;0.0;0.0;0.0;0.0;0.0;0.0;0.0;0.0;0.0;0.0;0.0;0.0;0.0;0.0;0.0;0.0;0.0;0.0;0.0;0.0;0.0;0.0;0.0;0.0;0.0;0.0;0.0;0.0;0.0;0.0;0.0;0.0;0.0;0.0;0.0;0.0;0.0;0.0;0.0;0.0;0.0;0.0;0.0;0.0;0.0;0.0;0.0;0.0
NARANJOS;CONTROL ENFERMEDADES;438687.30023999995;400540.57848;400540.57848;419613.93936;438687.30023999995;381467.21760000003;438687.30023999995;419613.93936;400540.57848;438687.30023999995;400540.57848;381467.21760000003;98520.75448886;89953.73235939392;89953.73235939392;94237.24342412697;98520.75448886;85670.22129466088;98520.75448886;94237.24342412697;89953.73235939392;98520.75448886;89953.73235939392;85670.22129466088;211498.81114675215;193107.61017746938;193107.61017746938;202303.21066211077;211498.81114675215;183912.009692828;211498.81114675215;202303.21066211077;193107.61017746938;211498.81114675215;193107.61017746938;183912.009692828;748706.865875612;683601.9210168633;683601.9210168633;716154.3934462378;748706.865875612;651049.4485874888;748706.865875612;716154.3934462378;683601.9210168633;748706.865875612;683601.9210168633;651049.4485874888
YUNQUE;CONTROL ENFERMEDADES;240324.34708799995;219426.577776;219426.577776;229875.462432;240324.34708799995;208977.69311999998;240324.34708799995;229875.462432;219426.577776;240324.34708799995;219426.577776;208977.69311999998;53972.23941563634;49279.001205581015;49279.001205581015;51625.62031060868;53972.23941563634;46932.38210055335;53972.23941563634;51625.62031060868;49279.001205581015;53972.23941563634;49279.001205581015;46932.38210055335;115864.5661064816;105789.38644504845;105789.38644504845;110826.97627576503;115864.5661064816;100751.79661433185;115864.5661064816;110826.97627576503;105789.38644504845;115864.5661064816;105789.38644504845;100751.79661433185;410161.15261011786;374494.96542662947;374494.96542662947;392328.0590183737;410161.15261011786;356661.87183488515;410161.15261011786;392328.0590183737;374494.96542662947;410161.15261011786;374494.96542662947;356661.87183488515
DONAMA;CONTROL ENFERMEDADES;761027.099112;694850.829624;694850.829624;727938.9643680002;761027.099112;661762.6948800001;761027.099112;727938.9643680002;694850.829624;761027.099112;694850.829624;661762.6948800001;170912.09148284842;156050.17048433988;156050.17048433988;163481.1309835942;170912.09148284842;148619.20998508562;170912.09148284842;163481.1309835942;156050.17048433988;170912.09148284842;156050.17048433988;148619.20998508562;366904.4593371918;334999.7237426534;334999.7237426534;350952.0915399227;366904.4593371918;319047.35594538425;366904.4593371918;350952.0915399227;334999.7237426534;366904.4593371918;334999.7237426534;319047.35594538425;1298843.6499320401;1185900.7238509932;1185900.7238509932;1242372.1868915171;1298843.6499320401;1129429.26081047;1298843.6499320401;1242372.1868915171;1185900.7238509932;1298843.6499320401;1185900.7238509932;1129429.26081047
BURDEOS;CONTROL ENFERMEDADES;0.0;0.0;0.0;0.0;0.0;0.0;0.0;0.0;0.0;0.0;0.0;0.0;0.0;0.0;0.0;0.0;0.0;0.0;0.0;0.0;0.0;0.0;0.0;0.0;0.0;0.0;0.0;0.0;0.0;0.0;0.0;0.0;0.0;0.0;0.0;0.0;0.0;0.0;0.0;0.0;0.0;0.0;0.0;0.0;0.0;0.0;0.0;0.0
DON MARCE SUR 2;CONTROL ENFERMEDADES;476834.022;435370.194;435370.194;456102.108;476834.022;414638.28;476834.022;456102.108;435370.194;476834.022;435370.194;414638.28;107087.77661832608;97775.79604281948;97775.79604281948;102431.78633057278;107087.77661832608;93119.80575506618;107087.77661832608;102431.78633057278;97775.79604281948;107087.77661832608;97775.79604281948;93119.80575506618;229890.01211603498;209899.57627985804;209899.57627985804;219894.7941979465;229890.01211603498;199904.35836176955;229890.01211603498;219894.7941979465;209899.57627985804;229890.01211603498;209899.57627985804;199904.35836176955;813811.8107343611;743045.5663226775;743045.5663226775;778428.6885285194;813811.8107343611;707662.4441168357;813811.8107343611;778428.6885285194;743045.5663226775;813811.8107343611;743045.5663226775;707662.4441168357
LAS MARGARITAS;CONTROL ENFERMEDADES;572200.8263999999;522444.2328;522444.2328;547322.5296000001;572200.8263999999;497565.936;572200.8263999999;547322.5296000001;522444.2328;572200.8263999999;522444.2328;497565.936;128505.33194199129;117330.95525138336;117330.95525138336;122918.14359668737;128505.33194199129;111743.7669060794;128505.33194199129;122918.14359668737;117330.95525138336;128505.33194199129;117330.95525138336;111743.7669060794;275868.01453924197;251879.4915358296;251879.4915358296;263873.7530375359;275868.01453924197;239885.23003412344;275868.01453924197;263873.7530375359;251879.4915358296;275868.01453924197;251879.4915358296;239885.23003412344;976574.1728812333;891654.679587213;891654.679587213;934114.4262342234;976574.1728812333;849194.9329402028;976574.1728812333;934114.4262342234;891654.679587213;976574.1728812333;891654.679587213;849194.9329402028
LA CECILIA;CONTROL ENFERMEDADES;247953.69143999997;226392.50088;226392.50088;237173.09616000004;247953.69143999997;215611.9056;247953.69143999997;237173.09616000004;226392.50088;247953.69143999997;226392.50088;215611.9056;55685.643841529556;50843.413942266125;50843.413942266125;53264.528891897855;55685.643841529556;48422.29899263441;55685.643841529556;53264.528891897855;50843.413942266125;55685.643841529556;50843.413942266125;48422.29899263441;119542.80630033817;109147.77966552618;109147.77966552618;114345.2929829322;119542.80630033817;103950.26634812016;119542.80630033817;114345.2929829322;109147.77966552618;119542.80630033817;109147.77966552618;103950.26634812016;423182.1415818677;386383.6944877923;386383.6944877923;404782.9180348301;423182.1415818677;367984.4709407546;423182.1415818677;404782.9180348301;386383.6944877923;423182.1415818677;386383.6944877923;367984.4709407546
JOSEFINA;CONTROL ENFERMEDADES;247953.69143999997;226392.50088;226392.50088;237173.09616000004;247953.69143999997;215611.9056;247953.69143999997;237173.09616000004;226392.50088;247953.69143999997;226392.50088;215611.9056;55685.643841529556;50843.413942266125;50843.413942266125;53264.528891897855;55685.643841529556;48422.29899263441;55685.643841529556;53264.528891897855;50843.413942266125;55685.643841529556;50843.413942266125;48422.29899263441;119542.80630033817;109147.77966552618;109147.77966552618;114345.2929829322;119542.80630033817;103950.26634812016;119542.80630033817;114345.2929829322;109147.77966552618;119542.80630033817;109147.77966552618;103950.26634812016;423182.1415818677;386383.6944877923;386383.6944877923;404782.9180348301;423182.1415818677;367984.4709407546;423182.1415818677;404782.9180348301;386383.6944877923;423182.1415818677;386383.6944877923;367984.4709407546
SAN ALFREDO;CONTROL ENFERMEDADES;438687.30023999995;400540.57848;400540.57848;419613.93936;438687.30023999995;381467.21760000003;438687.30023999995;419613.93936;400540.57848;438687.30023999995;400540.57848;381467.21760000003;98520.75448886;89953.73235939392;89953.73235939392;94237.24342412697;98520.75448886;85670.22129466088;98520.75448886;94237.24342412697;89953.73235939392;98520.75448886;89953.73235939392;85670.22129466088;211498.81114675215;193107.61017746938;193107.61017746938;202303.21066211077;211498.81114675215;183912.009692828;211498.81114675215;202303.21066211077;193107.61017746938;211498.81114675215;193107.61017746938;183912.009692828;748706.865875612;683601.9210168633;683601.9210168633;716154.3934462378;748706.865875612;651049.4485874888;748706.865875612;716154.3934462378;683601.9210168633;748706.865875612;683601.9210168633;651049.4485874888
VICTORIA;CONTROL ENFERMEDADES;1182548.37456;1079718.08112;1079718.08112;1131133.22784;1182548.37456;1028302.9344;1182548.37456;1131133.22784;1079718.08112;1182548.37456;1079718.08112;1028302.9344;265577.6860134487;242483.9741861923;242483.9741861923;254030.8300998205;265577.6860134487;230937.11827256408;265577.6860134487;254030.8300998205;242483.9741861923;265577.6860134487;242483.9741861923;230937.11827256408;570127.2300477667;520550.94917404786;520550.94917404786;545339.0896109072;570127.2300477667;495762.80873718846;570127.2300477667;545339.0896109072;520550.94917404786;570127.2300477667;520550.94917404786;495762.80873718846;2018253.2906212155;1842753.0044802402;1842753.0044802402;1930503.1475507277;2018253.2906212155;1755002.8614097526;2018253.2906212155;1930503.1475507277;1842753.0044802402;2018253.2906212155;1842753.0044802402;1755002.8614097526
CIRCASIA;CONTROL ENFERMEDADES;712072.13952;650152.82304;650152.82304;681112.4812800001;712072.13952;619193.1648;712072.13952;681112.4812800001;650152.82304;712072.13952;650152.82304;619193.1648;159917.74641670028;146011.85542394375;146011.85542394375;152964.80092032204;159917.74641670028;139058.9099275655;159917.74641670028;152964.80092032204;146011.85542394375;159917.74641670028;146011.85542394375;139058.9099275655;343302.4180932789;313450.03391125466;313450.03391125466;328376.2260022668;343302.4180932789;298523.8418202425;343302.4180932789;328376.2260022668;313450.03391125466;343302.4180932789;313450.03391125466;298523.8418202425;1215292.3040299793;1109614.7123751985;1109614.7123751985;1162453.508202589;1215292.3040299793;1056775.916547808;1215292.3040299793;1162453.508202589;1109614.7123751985;1215292.3040299793;1109614.7123751985;1056775.916547808
CIENAGA;CONTROL ENFERMEDADES;190733.60880000002;174148.0776;174148.0776;182440.8432;190733.60880000002;165855.312;190733.60880000002;182440.8432;174148.0776;190733.60880000002;174148.0776;165855.312;42835.11064733044;39110.31841712779;39110.31841712779;40972.71453222911;42835.11064733044;37247.92230202647;42835.11064733044;40972.71453222911;39110.31841712779;42835.11064733044;39110.31841712779;37247.92230202647;91956.004846414;83959.8305119432;83959.8305119432;87957.9176791786;91956.004846414;79961.74334470782;91956.004846414;87957.9176791786;83959.8305119432;91956.004846414;83959.8305119432;79961.74334470782;325524.7242937444;297218.226529071;297218.226529071;311371.4754114077;325524.7242937444;283064.97764673433;325524.7242937444;311371.4754114077;297218.226529071;325524.7242937444;297218.226529071;283064.97764673433
MARIA;CONTROL ENFERMEDADES;190733.60880000002;174148.0776;174148.0776;182440.8432;190733.60880000002;165855.312;190733.60880000002;182440.8432;174148.0776;190733.60880000002;174148.0776;165855.312;42835.11064733044;39110.31841712779;39110.31841712779;40972.71453222911;42835.11064733044;37247.92230202647;42835.11064733044;40972.71453222911;39110.31841712779;42835.11064733044;39110.31841712779;37247.92230202647;91956.004846414;83959.8305119432;83959.8305119432;87957.9176791786;91956.004846414;79961.74334470782;91956.004846414;87957.9176791786;83959.8305119432;91956.004846414;83959.8305119432;79961.74334470782;325524.7242937444;297218.226529071;297218.226529071;311371.4754114077;325524.7242937444;283064.97764673433;325524.7242937444;311371.4754114077;297218.226529071;325524.7242937444;297218.226529071;283064.97764673433
REMANSO;CONTROL ENFERMEDADES;2365096.74912;2159436.16224;2159436.16224;2262266.45568;2365096.74912;2056605.8688;2365096.74912;2262266.45568;2159436.16224;2365096.74912;2159436.16224;2056605.8688;531155.3720268974;484967.9483723846;484967.9483723846;508061.660199641;531155.3720268974;461874.23654512817;531155.3720268974;508061.660199641;484967.9483723846;531155.3720268974;484967.9483723846;461874.23654512817;1140254.4600955334;1041101.8983480957;1041101.8983480957;1090678.1792218145;1140254.4600955334;991525.6174743769;1140254.4600955334;1090678.1792218145;1041101.8983480957;1140254.4600955334;1041101.8983480957;991525.6174743769;4036506.581242431;3685506.0089604803;3685506.0089604803;3861006.2951014554;4036506.581242431;3510005.7228195053;4036506.581242431;3861006.2951014554;3685506.0089604803;4036506.581242431;3685506.0089604803;3510005.7228195053
PIEDECUESTA;CONTROL ENFERMEDADES;709529.0247359999;647830.848672;647830.848672;678679.936704;709529.0247359999;616981.76064;709529.0247359999;678679.936704;647830.848672;709529.0247359999;647830.848672;616981.76064;159346.6116080692;145490.38451171538;145490.38451171538;152418.4980598923;159346.6116080692;138562.27096353847;159346.6116080692;152418.4980598923;145490.38451171538;159346.6116080692;145490.38451171538;138562.27096353847;342076.33802866;312330.5695044287;312330.5695044287;327203.4537665444;342076.33802866;297457.6852423131;342076.33802866;327203.4537665444;312330.5695044287;342076.33802866;312330.5695044287;297457.6852423131;1210951.974372729;1105651.8026881441;1105651.8026881441;1158301.8885304367;1210951.974372729;1053001.7168458514;1210951.974372729;1158301.8885304367;1105651.8026881441;1210951.974372729;1105651.8026881441;1053001.7168458514
NAUTICA;CONTROL ENFERMEDADES;709529.0247359999;647830.848672;647830.848672;678679.936704;709529.0247359999;616981.76064;709529.0247359999;678679.936704;647830.848672;709529.0247359999;647830.848672;616981.76064;159346.6116080692;145490.38451171538;145490.38451171538;152418.4980598923;159346.6116080692;138562.27096353847;159346.6116080692;152418.4980598923;145490.38451171538;159346.6116080692;145490.38451171538;138562.27096353847;342076.33802866;312330.5695044287;312330.5695044287;327203.4537665444;342076.33802866;297457.6852423131;342076.33802866;327203.4537665444;312330.5695044287;342076.33802866;312330.5695044287;297457.6852423131;1210951.974372729;1105651.8026881441;1105651.8026881441;1158301.8885304367;1210951.974372729;1053001.7168458514;1210951.974372729;1158301.8885304367;1105651.8026881441;1210951.974372729;1105651.8026881441;1053001.7168458514
LAS LINAS;CONTROL ENFERMEDADES;1825956.4149119998;1667177.596224;1667177.596224;1746567.005568;1825956.4149119998;1587788.18688;1825956.4149119998;1746567.005568;1667177.596224;1825956.4149119998;1667177.596224;1587788.18688;410074.79259711;374416.11497997004;374416.11497997004;392245.45378854004;410074.79259711;356586.7761714001;410074.79259711;392245.45378854004;374416.11497997004;410074.79259711;374416.11497997004;356586.7761714001;880325.4863963365;803775.444101003;803775.444101003;842050.4652486698;880325.4863963365;765500.4229533362;880325.4863963365;842050.4652486698;803775.444101003;880325.4863963365;803775.444101003;765500.4229533362;3116356.693905446;2845369.155304973;2845369.155304973;2980862.92460521;3116356.693905446;2709875.386004736;3116356.693905446;2980862.92460521;2845369.155304973;3116356.693905446;2845369.155304973;2709875.386004736
DON ALI;CONTROL ENFERMEDADES;1182548.37456;1079718.08112;1079718.08112;1131133.22784;1182548.37456;1028302.9344;1182548.37456;1131133.22784;1079718.08112;1182548.37456;1079718.08112;1028302.9344;265577.6860134487;242483.9741861923;242483.9741861923;254030.8300998205;265577.6860134487;230937.11827256408;265577.6860134487;254030.8300998205;242483.9741861923;265577.6860134487;242483.9741861923;230937.11827256408;570127.2300477667;520550.94917404786;520550.94917404786;545339.0896109072;570127.2300477667;495762.80873718846;570127.2300477667;545339.0896109072;520550.94917404786;570127.2300477667;520550.94917404786;495762.80873718846;2018253.2906212155;1842753.0044802402;1842753.0044802402;1930503.1475507277;2018253.2906212155;1755002.8614097526;2018253.2906212155;1930503.1475507277;1842753.0044802402;2018253.2906212155;1842753.0044802402;1755002.8614097526
DR4 DON ALI;CONTROL ENFERMEDADES;0.0;0.0;0.0;0.0;0.0;0.0;0.0;0.0;0.0;0.0;0.0;0.0;0.0;0.0;0.0;0.0;0.0;0.0;0.0;0.0;0.0;0.0;0.0;0.0;0.0;0.0;0.0;0.0;0.0;0.0;0.0;0.0;0.0;0.0;0.0;0.0;0.0;0.0;0.0;0.0;0.0;0.0;0.0;0.0;0.0;0.0;0.0;0.0
DON CARLOS;CONTROL ENFERMEDADES;438687.30023999995;400540.57848;400540.57848;419613.93936;438687.30023999995;381467.21760000003;438687.30023999995;419613.93936;400540.57848;438687.30023999995;400540.57848;381467.21760000003;98520.75448886;89953.73235939392;89953.73235939392;94237.24342412697;98520.75448886;85670.22129466088;98520.75448886;94237.24342412697;89953.73235939392;98520.75448886;89953.73235939392;85670.22129466088;211498.81114675215;193107.61017746938;193107.61017746938;202303.21066211077;211498.81114675215;183912.009692828;211498.81114675215;202303.21066211077;193107.61017746938;211498.81114675215;193107.61017746938;183912.009692828;748706.865875612;683601.9210168633;683601.9210168633;716154.3934462378;748706.865875612;651049.4485874888;748706.865875612;716154.3934462378;683601.9210168633;748706.865875612;683601.9210168633;651049.4485874888
EVA NORTE;CONTROL ENFERMEDADES;381467.2176;348296.15520000004;348296.15520000004;364881.6864;381467.2176;331710.624;381467.2176;364881.6864;348296.15520000004;381467.2176;348296.15520000004;331710.624;85670.22129466086;78220.6368342556;78220.6368342556;81945.42906445822;85670.22129466086;74495.84460405294;85670.22129466086;81945.42906445822;78220.6368342556;85670.22129466086;78220.6368342556;74495.84460405294;183912.00969282797;167919.66102388644;167919.66102388644;175915.8353583572;183912.00969282797;159923.48668941564;183912.00969282797;175915.8353583572;167919.66102388644;183912.00969282797;167919.66102388644;159923.48668941564;651049.4485874888;594436.4530581421;594436.4530581421;622742.9508228154;651049.4485874888;566129.9552934687;651049.4485874888;622742.9508228154;594436.4530581421;651049.4485874888;594436.4530581421;566129.9552934687
DON PEDRO;CONTROL ENFERMEDADES;1487722.1486399998;1358355.00528;1358355.00528;1423038.5769600002;1487722.1486399998;1293671.4336;1487722.1486399998;1423038.5769600002;1358355.00528;1487722.1486399998;1358355.00528;1293671.4336;334113.8630491774;305060.4836535968;305060.4836535968;319587.1733513871;334113.8630491774;290533.7939558064;334113.8630491774;319587.1733513871;305060.4836535968;334113.8630491774;305060.4836535968;290533.7939558064;717256.8378020291;654886.677993157;654886.677993157;686071.7578975931;717256.8378020291;623701.5980887209;717256.8378020291;686071.7578975931;654886.677993157;717256.8378020291;654886.677993157;623701.5980887209;2539092.8494912065;2318302.1669267537;2318302.1669267537;2428697.5082089803;2539092.8494912065;2207906.8256445276;2539092.8494912065;2428697.5082089803;2318302.1669267537;2539092.8494912065;2318302.1669267537;2207906.8256445276
LA VELA;CONTROL ENFERMEDADES;1335135.2615999999;1219036.5432;1219036.5432;1277085.9024;1335135.2615999999;1160987.184;1335135.2615999999;1277085.9024;1219036.5432;1335135.2615999999;1219036.5432;1160987.184;299845.77453131304;273772.22891989455;273772.22891989455;286809.0017256038;299845.77453131304;260735.45611418525;299845.77453131304;286809.0017256038;273772.22891989455;299845.77453131304;273772.22891989455;260735.45611418525;643692.0339248979;587718.8135836024;587718.8135836024;615705.4237542502;643692.0339248979;559732.2034129547;643692.0339248979;615705.4237542502;587718.8135836024;643692.0339248979;587718.8135836024;559732.2034129547;2278673.0700562107;2080527.585703497;2080527.585703497;2179600.327879854;2278673.0700562107;1981454.8435271399;2278673.0700562107;2179600.327879854;2080527.585703497;2278673.0700562107;2080527.585703497;1981454.8435271399
ESPERANZA;CONTROL ENFERMEDADES;1182548.37456;1079718.08112;1079718.08112;1131133.22784;1182548.37456;1028302.9344;1182548.37456;1131133.22784;1079718.08112;1182548.37456;1079718.08112;1028302.9344;265577.6860134487;242483.9741861923;242483.9741861923;254030.8300998205;265577.6860134487;230937.11827256408;265577.6860134487;254030.8300998205;242483.9741861923;265577.6860134487;242483.9741861923;230937.11827256408;570127.2300477667;520550.94917404786;520550.94917404786;545339.0896109072;570127.2300477667;495762.80873718846;570127.2300477667;545339.0896109072;520550.94917404786;570127.2300477667;520550.94917404786;495762.80873718846;2018253.2906212155;1842753.0044802402;1842753.0044802402;1930503.1475507277;2018253.2906212155;1755002.8614097526;2018253.2906212155;1930503.1475507277;1842753.0044802402;2018253.2906212155;1842753.0044802402;1755002.8614097526
LINA MARGARITA;CONTROL ENFERMEDADES;438687.30023999995;400540.57848;400540.57848;419613.93936;438687.30023999995;381467.21760000003;438687.30023999995;419613.93936;400540.57848;438687.30023999995;400540.57848;381467.21760000003;98520.75448886;89953.73235939392;89953.73235939392;94237.24342412697;98520.75448886;85670.22129466088;98520.75448886;94237.24342412697;89953.73235939392;98520.75448886;89953.73235939392;85670.22129466088;211498.81114675215;193107.61017746938;193107.61017746938;202303.21066211077;211498.81114675215;183912.009692828;211498.81114675215;202303.21066211077;193107.61017746938;211498.81114675215;193107.61017746938;183912.009692828;748706.865875612;683601.9210168633;683601.9210168633;716154.3934462378;748706.865875612;651049.4485874888;748706.865875612;716154.3934462378;683601.9210168633;748706.865875612;683601.9210168633;651049.4485874888
DON MARCE;CONTROL ENFERMEDADES;1182548.37456;1079718.08112;1079718.08112;1131133.22784;1182548.37456;1028302.9344;1182548.37456;1131133.22784;1079718.08112;1182548.37456;1079718.08112;1028302.9344;265577.6860134487;242483.9741861923;242483.9741861923;254030.8300998205;265577.6860134487;230937.11827256408;265577.6860134487;254030.8300998205;242483.9741861923;265577.6860134487;242483.9741861923;230937.11827256408;570127.2300477667;520550.94917404786;520550.94917404786;545339.0896109072;570127.2300477667;495762.80873718846;570127.2300477667;545339.0896109072;520550.94917404786;570127.2300477667;520550.94917404786;495762.80873718846;2018253.2906212155;1842753.0044802402;1842753.0044802402;1930503.1475507277;2018253.2906212155;1755002.8614097526;2018253.2906212155;1930503.1475507277;1842753.0044802402;2018253.2906212155;1842753.0044802402;1755002.8614097526
ENANO;CONTROL FUSARIUM;584916.40032;534054.10464;534054.10464;559485.25248;584916.40032;508622.9568;584916.40032;559485.25248;534054.10464;584916.40032;534054.10464;508622.9568;131361.00598514668;119938.30981252523;119938.30981252523;125649.65789883595;131361.00598514668;114226.96172621449;131361.00598514668;125649.65789883595;119938.30981252523;131361.00598514668;119938.30981252523;114226.96172621449;281998.41486233624;257476.81356995922;257476.81356995922;269737.61421614775;281998.41486233624;245216.0129237706;281998.41486233624;269737.61421614775;257476.81356995922;281998.41486233624;257476.81356995922;245216.0129237706;998275.8211674829;911469.2280224846;911469.2280224846;954872.5245949838;998275.8211674829;868065.931449985;998275.8211674829;954872.5245949838;911469.2280224846;998275.8211674829;911469.2280224846;868065.931449985
EVA;CONTROL FUSARIUM;1494079.3740319998;1364159.428464;1364159.428464;1429119.401248;1494079.3740319998;1299199.4556800001;1494079.3740319998;1429119.401248;1364159.428464;1494079.3740319998;1364159.428464;1299199.4556800001;335541.573953352;306364.04578349536;306364.04578349536;320952.80986842373;335541.573953352;291775.281698567;335541.573953352;320952.80986842373;306364.04578349536;335541.573953352;306364.04578349536;291775.281698567;720321.7672218331;657685.091811239;657685.091811239;689003.4295165361;720321.7672218331;626366.7541059419;720321.7672218331;689003.4295165361;657685.091811239;720321.7672218331;657685.091811239;626366.7541059419;2549942.7152071847;2328208.5660587344;2328208.5660587344;2439075.64063296;2549942.7152071847;2217341.491484509;2549942.7152071847;2439075.64063296;2328208.5660587344;2549942.7152071847;2328208.5660587344;2217341.491484509
SAMI;CONTROL FUSARIUM;584916.40032;534054.10464;534054.10464;559485.25248;584916.40032;508622.9568;584916.40032;559485.25248;534054.10464;584916.40032;534054.10464;508622.9568;131361.00598514668;119938.30981252523;119938.30981252523;125649.65789883595;131361.00598514668;114226.96172621449;131361.00598514668;125649.65789883595;119938.30981252523;131361.00598514668;119938.30981252523;114226.96172621449;281998.41486233624;257476.81356995922;257476.81356995922;269737.61421614775;281998.41486233624;245216.0129237706;281998.41486233624;269737.61421614775;257476.81356995922;281998.41486233624;257476.81356995922;245216.0129237706;998275.8211674829;911469.2280224846;911469.2280224846;954872.5245949838;998275.8211674829;868065.931449985;998275.8211674829;954872.5245949838;911469.2280224846;998275.8211674829;911469.2280224846;868065.931449985
VEGA;CONTROL FUSARIUM;247953.69143999997;226392.50088;226392.50088;237173.09616000004;247953.69143999997;215611.9056;247953.69143999997;237173.09616000004;226392.50088;247953.69143999997;226392.50088;215611.9056;55685.643841529556;50843.413942266125;50843.413942266125;53264.528891897855;55685.643841529556;48422.29899263441;55685.643841529556;53264.528891897855;50843.413942266125;55685.643841529556;50843.413942266125;48422.29899263441;119542.80630033817;109147.77966552618;109147.77966552618;114345.2929829322;119542.80630033817;103950.26634812016;119542.80630033817;114345.2929829322;109147.77966552618;119542.80630033817;109147.77966552618;103950.26634812016;423182.1415818677;386383.6944877923;386383.6944877923;404782.9180348301;423182.1415818677;367984.4709407546;423182.1415818677;404782.9180348301;386383.6944877923;423182.1415818677;386383.6944877923;367984.4709407546
FEDERICA;CONTROL FUSARIUM;1169832.80064;1068108.20928;1068108.20928;1118970.50496;1169832.80064;1017245.9136;1169832.80064;1118970.50496;1068108.20928;1169832.80064;1068108.20928;1017245.9136;262722.01197029336;239876.61962505046;239876.61962505046;251299.3157976719;262722.01197029336;228453.92345242898;262722.01197029336;251299.3157976719;239876.61962505046;262722.01197029336;239876.61962505046;228453.92345242898;563996.8297246725;514953.62713991845;514953.62713991845;539475.2284322955;563996.8297246725;490432.0258475412;563996.8297246725;539475.2284322955;514953.62713991845;563996.8297246725;514953.62713991845;490432.0258475412;1996551.6423349658;1822938.4560449691;1822938.4560449691;1909745.0491899676;1996551.6423349658;1736131.86289997;1996551.6423349658;1909745.0491899676;1822938.4560449691;1996551.6423349658;1822938.4560449691;1736131.86289997
NEERLANDIA;CONTROL FUSARIUM;743861.0743199999;679177.5026400001;679177.5026400001;711519.2884800001;743861.0743199999;646835.7168;743861.0743199999;711519.2884800001;679177.5026400001;743861.0743199999;679177.5026400001;646835.7168;167056.93152458867;152530.2418267984;152530.2418267984;159793.58667569357;167056.93152458867;145266.89697790323;167056.93152458867;159793.58667569357;152530.2418267984;167056.93152458867;152530.2418267984;145266.89697790323;358628.41890101455;327443.3389965786;327443.3389965786;343035.8789487966;358628.41890101455;311850.7990443605;358628.41890101455;343035.8789487966;327443.3389965786;358628.41890101455;327443.3389965786;311850.7990443605;1269546.4247456032;1159151.083463377;1159151.083463377;1214348.7541044902;1269546.4247456032;1103953.4128222638;1269546.4247456032;1214348.7541044902;1159151.083463377;1269546.4247456032;1159151.083463377;1103953.4128222638
SAN ANTONIO;CONTROL FUSARIUM;743861.0743199999;679177.5026400001;679177.5026400001;711519.2884800001;743861.0743199999;646835.7168;743861.0743199999;711519.2884800001;679177.5026400001;743861.0743199999;679177.5026400001;646835.7168;167056.93152458867;152530.2418267984;152530.2418267984;159793.58667569357;167056.93152458867;145266.89697790323;167056.93152458867;159793.58667569357;152530.2418267984;167056.93152458867;152530.2418267984;145266.89697790323;358628.41890101455;327443.3389965786;327443.3389965786;343035.8789487966;358628.41890101455;311850.7990443605;358628.41890101455;343035.8789487966;327443.3389965786;358628.41890101455;327443.3389965786;311850.7990443605;1269546.4247456032;1159151.083463377;1159151.083463377;1214348.7541044902;1269546.4247456032;1103953.4128222638;1269546.4247456032;1214348.7541044902;1159151.083463377;1269546.4247456032;1159151.083463377;1103953.4128222638
MRS;CONTROL FUSARIUM;127155.7392;116098.7184;116098.7184;121627.2288;127155.7392;110570.208;127155.7392;121627.2288;116098.7184;127155.7392;116098.7184;110570.208;28556.740431553622;26073.545611418525;26073.545611418525;27315.143021486074;28556.740431553622;24831.948201350977;28556.740431553622;27315.143021486074;26073.545611418525;28556.740431553622;26073.545611418525;24831.948201350977;61304.00323094265;55973.22034129548;55973.22034129548;58638.611786119065;61304.00323094265;53307.828896471874;61304.00323094265;58638.611786119065;55973.22034129548;61304.00323094265;55973.22034129548;53307.828896471874;217016.48286249625;198145.484352714;198145.484352714;207580.98360760513;217016.48286249625;188709.98509782285;217016.48286249625;207580.98360760513;198145.484352714;217016.48286249625;198145.484352714;188709.98509782285
DON FUAD;CONTROL FUSARIUM;832870.0917599999;760446.6055200001;760446.6055200001;796658.3486400001;832870.0917599999;724234.8624;832870.0917599999;796658.3486400001;760446.6055200001;832870.0917599999;760446.6055200001;724234.8624;187046.6498266762;170781.72375479137;170781.72375479137;178914.1867907338;187046.6498266762;162649.2607188489;187046.6498266762;178914.1867907338;170781.72375479137;187046.6498266762;170781.72375479137;162649.2607188489;401541.22116267437;366624.59323548543;366624.59323548543;384082.9071990799;401541.22116267437;349166.2792718908;401541.22116267437;384082.9071990799;366624.59323548543;401541.22116267437;366624.59323548543;349166.2792718908;1421457.9627493504;1297852.922510277;1297852.922510277;1359655.442629814;1421457.9627493504;1236050.4023907396;1421457.9627493504;1359655.442629814;1297852.922510277;1421457.9627493504;1297852.922510277;1236050.4023907396
EUFEMIA;CONTROL FUSARIUM;1169832.80064;1068108.20928;1068108.20928;1118970.50496;1169832.80064;1017245.9136;1169832.80064;1118970.50496;1068108.20928;1169832.80064;1068108.20928;1017245.9136;262722.01197029336;239876.61962505046;239876.61962505046;251299.3157976719;262722.01197029336;228453.92345242898;262722.01197029336;251299.3157976719;239876.61962505046;262722.01197029336;239876.61962505046;228453.92345242898;563996.8297246725;514953.62713991845;514953.62713991845;539475.2284322955;563996.8297246725;490432.0258475412;563996.8297246725;539475.2284322955;514953.62713991845;563996.8297246725;514953.62713991845;490432.0258475412;1996551.6423349658;1822938.4560449691;1822938.4560449691;1909745.0491899676;1996551.6423349658;1736131.86289997;1996551.6423349658;1909745.0491899676;1822938.4560449691;1996551.6423349658;1822938.4560449691;1736131.86289997
OLGA;CONTROL FUSARIUM;866248.1738399998;790922.24568;790922.24568;828585.2097600001;866248.1738399998;753259.2816;866248.1738399998;828585.2097600001;790922.24568;866248.1738399998;790922.24568;753259.2816;194542.7269369861;177625.96807290037;177625.96807290037;186084.34750494326;194542.7269369861;169167.5886408575;194542.7269369861;186084.34750494326;177625.96807290037;194542.7269369861;177625.96807290037;169167.5886408575;417633.37763589935;381317.4317545169;381317.4317545169;399475.4046952082;417633.37763589935;363159.45881382556;417633.37763589935;399475.4046952082;381317.4317545169;417633.37763589935;381317.4317545169;363159.45881382556;1478424.2784128855;1349865.6455074174;1349865.6455074174;1414144.9619601516;1478424.2784128855;1285586.329054683;1478424.2784128855;1414144.9619601516;1349865.6455074174;1478424.2784128855;1349865.6455074174;1285586.329054683
DON SAID;CONTROL FUSARIUM;7209728.66096;6582795.7339200005;6582795.7339200005;6896262.19744;7209728.66096;6269329.2704;7209728.66096;6896262.19744;6582795.7339200005;7209728.66096;6582795.7339200005;6269329.2704;1619166.7890753562;1478369.676981847;1478369.676981847;1548768.2330286016;1619166.7890753562;1407971.1209350922;1619166.7890753562;1548768.2330286016;1478369.676981847;1619166.7890753562;1478369.676981847;1407971.1209350922;3475936.1386789195;3173680.822272057;3173680.822272057;3324808.4804754886;3475936.1386789195;3022553.164068626;3475936.1386789195;3324808.4804754886;3173680.822272057;3475936.1386789195;3173680.822272057;3022553.164068626;12304831.588714276;11234846.233173905;11234846.233173905;11769838.910944091;12304831.588714276;10699853.555403719;12304831.588714276;11769838.910944091;11234846.233173905;12304831.588714276;11234846.233173905;10699853.555403719
ASUNTINA;CONTROL FUSARIUM;147940.76944202115;135076.3547079324;135076.3547079324;141508.56207497677;147940.76944202115;128644.14734088798;147940.76944202115;141508.56207497677;135076.3547079324;147940.76944202115;135076.3547079324;128644.14734088798;33224.6596086016;30335.558773071025;30335.558773071025;31780.10919083631;33224.6596086016;28891.008355305737;33224.6596086016;31780.10919083631;30335.558773071025;33224.6596086016;30335.558773071025;28891.008355305737;71324.82941723018;65122.670337471034;65122.670337471034;68223.74987735061;71324.82941723018;62021.59079759146;71324.82941723018;68223.74987735061;65122.670337471034;71324.82941723018;65122.670337471034;62021.59079759146;252490.25846785292;230534.58381847446;230534.58381847446;241512.4211431637;252490.25846785292;219556.74649378518;252490.25846785292;241512.4211431637;230534.58381847446;252490.25846785292;230534.58381847446;219556.74649378518
PORLAMAR;CONTROL FUSARIUM;2644838.5124;2414852.5548;2414852.5548;2529845.5336;2644838.5124;2299859.576;2644838.5124;2529845.5336;2414852.5548;2644838.5124;2414852.5548;2299859.576;593980.0071720493;542329.571765784;542329.571765784;568154.7894689166;593980.0071720493;516504.35406265146;593980.0071720493;568154.7894689166;542329.571765784;593980.0071720493;542329.571765784;516504.35406265146;1275122.8511555155;1164242.6032289492;1164242.6032289492;1219682.7271922324;1275122.8511555155;1108802.4792656659;1275122.8511555155;1219682.7271922324;1164242.6032289492;1275122.8511555155;1164242.6032289492;1108802.4792656659;4513941.370727565;4121424.729794733;4121424.729794733;4317683.050261149;4513941.370727565;3925166.4093283173;4513941.370727565;4317683.050261149;4121424.729794733;4513941.370727565;4121424.729794733;3925166.4093283173
EL MORRO;CONTROL FUSARIUM;63577.8696;58049.3592;58049.3592;60813.6144;63577.8696;55285.104;63577.8696;60813.6144;58049.3592;63577.8696;58049.3592;55285.104;14278.370215776811;13036.772805709263;13036.772805709263;13657.571510743037;14278.370215776811;12415.974100675488;14278.370215776811;13657.571510743037;13036.772805709263;14278.370215776811;13036.772805709263;12415.974100675488;30652.001615471327;27986.61017064774;27986.61017064774;29319.305893059533;30652.001615471327;26653.914448235937;30652.001615471327;29319.305893059533;27986.61017064774;30652.001615471327;27986.61017064774;26653.914448235937;108508.24143124813;99072.742176357;99072.742176357;103790.49180380256;108508.24143124813;94354.99254891142;108508.24143124813;103790.49180380256;99072.742176357;108508.24143124813;99072.742176357;94354.99254891142
LA PERLA;CONTROL FUSARIUM;127155.7392;116098.7184;116098.7184;121627.2288;127155.7392;110570.208;127155.7392;121627.2288;116098.7184;127155.7392;116098.7184;110570.208;28556.740431553622;26073.545611418525;26073.545611418525;27315.143021486074;28556.740431553622;24831.948201350977;28556.740431553622;27315.143021486074;26073.545611418525;28556.740431553622;26073.545611418525;24831.948201350977;61304.00323094265;55973.22034129548;55973.22034129548;58638.611786119065;61304.00323094265;53307.828896471874;61304.00323094265;58638.611786119065;55973.22034129548;61304.00323094265;55973.22034129548;53307.828896471874;217016.48286249625;198145.484352714;198145.484352714;207580.98360760513;217016.48286249625;188709.98509782285;217016.48286249625;207580.98360760513;198145.484352714;217016.48286249625;198145.484352714;188709.98509782285
ARACATACA;CONTROL FUSARIUM;1017245.9136;928789.7472;928789.7472;973017.8304;1017245.9136;884561.664;1017245.9136;973017.8304;928789.7472;1017245.9136;928789.7472;884561.664;228453.92345242898;208588.3648913482;208588.3648913482;218521.1441718886;228453.92345242898;198655.58561080782;228453.92345242898;218521.1441718886;208588.3648913482;228453.92345242898;208588.3648913482;198655.58561080782;490432.0258475412;447785.7627303638;447785.7627303638;469108.8942889525;490432.0258475412;426462.631171775;490432.0258475412;469108.8942889525;447785.7627303638;490432.0258475412;447785.7627303638;426462.631171775;1736131.86289997;1585163.874821712;1585163.874821712;1660647.868860841;1736131.86289997;1509679.8807825828;1736131.86289997;1660647.868860841;1585163.874821712;1736131.86289997;1585163.874821712;1509679.8807825828
BOCATOMA;CONTROL FUSARIUM;2053564.4281599997;1874993.60832;1874993.60832;1964279.0182400001;2053564.4281599997;1785708.1984;2053564.4281599997;1964279.0182400001;1874993.60832;2053564.4281599997;1874993.60832;1785708.1984;461191.1873061327;421087.6058012517;421087.6058012517;441139.3965536923;461191.1873061327;401035.81504881114;461191.1873061327;441139.3965536923;421087.6058012517;461191.1873061327;421087.6058012517;401035.81504881114;990059.2858090163;903967.1739995369;903967.1739995369;947013.2299042768;990059.2858090163;860921.1180947969;990059.2858090163;947013.2299042768;903967.1739995369;990059.2858090163;903967.1739995369;860921.1180947969;3504814.9012751486;3200048.3881207886;3200048.3881207886;3352431.6446979693;3504814.9012751486;3047665.131543608;3504814.9012751486;3352431.6446979693;3200048.3881207886;3504814.9012751486;3200048.3881207886;3047665.131543608
JOYA;CONTROL FUSARIUM;247953.69143999997;226392.50088;226392.50088;237173.09616000004;247953.69143999997;215611.9056;247953.69143999997;237173.09616000004;226392.50088;247953.69143999997;226392.50088;215611.9056;55685.643841529556;50843.413942266125;50843.413942266125;53264.528891897855;55685.643841529556;48422.29899263441;55685.643841529556;53264.528891897855;50843.413942266125;55685.643841529556;50843.413942266125;48422.29899263441;119542.80630033817;109147.77966552618;109147.77966552618;114345.2929829322;119542.80630033817;103950.26634812016;119542.80630033817;114345.2929829322;109147.77966552618;119542.80630033817;109147.77966552618;103950.26634812016;423182.1415818677;386383.6944877923;386383.6944877923;404782.9180348301;423182.1415818677;367984.4709407546;423182.1415818677;404782.9180348301;386383.6944877923;423182.1415818677;386383.6944877923;367984.4709407546
ESMERALDA;CONTROL FUSARIUM;0.0;0.0;0.0;0.0;0.0;0.0;0.0;0.0;0.0;0.0;0.0;0.0;0.0;0.0;0.0;0.0;0.0;0.0;0.0;0.0;0.0;0.0;0.0;0.0;0.0;0.0;0.0;0.0;0.0;0.0;0.0;0.0;0.0;0.0;0.0;0.0;0.0;0.0;0.0;0.0;0.0;0.0;0.0;0.0;0.0;0.0;0.0;0.0
NARANJOS;CONTROL FUSARIUM;495907.38287999993;452785.00176;452785.00176;474346.1923200001;495907.38287999993;431223.8112;495907.38287999993;474346.1923200001;452785.00176;495907.38287999993;452785.00176;431223.8112;111371.28768305911;101686.82788453225;101686.82788453225;106529.05778379571;111371.28768305911;96844.59798526882;111371.28768305911;106529.05778379571;101686.82788453225;111371.28768305911;101686.82788453225;96844.59798526882;239085.61260067634;218295.55933105235;218295.55933105235;228690.5859658644;239085.61260067634;207900.53269624032;239085.61260067634;228690.5859658644;218295.55933105235;239085.61260067634;218295.55933105235;207900.53269624032;846364.2831637354;772767.3889755846;772767.3889755846;809565.8360696601;846364.2831637354;735968.9418815091;846364.2831637354;809565.8360696601;772767.3889755846;846364.2831637354;772767.3889755846;735968.9418815091
YUNQUE;CONTROL FUSARIUM;247953.69143999997;226392.50088;226392.50088;237173.09616000004;247953.69143999997;215611.9056;247953.69143999997;237173.09616000004;226392.50088;247953.69143999997;226392.50088;215611.9056;55685.643841529556;50843.413942266125;50843.413942266125;53264.528891897855;55685.643841529556;48422.29899263441;55685.643841529556;53264.528891897855;50843.413942266125;55685.643841529556;50843.413942266125;48422.29899263441;119542.80630033817;109147.77966552618;109147.77966552618;114345.2929829322;119542.80630033817;103950.26634812016;119542.80630033817;114345.2929829322;109147.77966552618;119542.80630033817;109147.77966552618;103950.26634812016;423182.1415818677;386383.6944877923;386383.6944877923;404782.9180348301;423182.1415818677;367984.4709407546;423182.1415818677;404782.9180348301;386383.6944877923;423182.1415818677;386383.6944877923;367984.4709407546
DONAMA;CONTROL FUSARIUM;619884.2285999999;565981.2522;565981.2522;592932.7404000001;619884.2285999999;539029.764;619884.2285999999;592932.7404000001;565981.2522;619884.2285999999;565981.2522;539029.764;139214.1096038239;127108.53485566532;127108.53485566532;133161.32222974463;139214.1096038239;121055.747481586;139214.1096038239;133161.32222974463;127108.53485566532;139214.1096038239;127108.53485566532;121055.747481586;298857.0157508454;272869.4491638154;272869.4491638154;285863.2324573305;298857.0157508454;259875.66587030038;298857.0157508454;285863.2324573305;272869.4491638154;298857.0157508454;272869.4491638154;259875.66587030038;1057955.353954669;965959.2362194806;965959.2362194806;1011957.2950870753;1057955.353954669;919961.1773518863;1057955.353954669;1011957.2950870753;965959.2362194806;1057955.353954669;965959.2362194806;919961.1773518863
BURDEOS;CONTROL FUSARIUM;0.0;0.0;0.0;0.0;0.0;0.0;0.0;0.0;0.0;0.0;0.0;0.0;0.0;0.0;0.0;0.0;0.0;0.0;0.0;0.0;0.0;0.0;0.0;0.0;0.0;0.0;0.0;0.0;0.0;0.0;0.0;0.0;0.0;0.0;0.0;0.0;0.0;0.0;0.0;0.0;0.0;0.0;0.0;0.0;0.0;0.0;0.0;0.0
DON MARCE SUR 2;CONTROL FUSARIUM;101724.59135999999;92878.97472000001;92878.97472000001;97301.78304000001;101724.59135999999;88456.1664;101724.59135999999;97301.78304000001;92878.97472000001;101724.59135999999;92878.97472000001;88456.1664;22845.392345242897;20858.836489134825;20858.836489134825;21852.114417188863;22845.392345242897;19865.558561080783;22845.392345242897;21852.114417188863;20858.836489134825;22845.392345242897;20858.836489134825;19865.558561080783;49043.20258475412;44778.576273036386;44778.576273036386;46910.88942889526;49043.20258475412;42646.26311717751;49043.20258475412;46910.88942889526;44778.576273036386;49043.20258475412;44778.576273036386;42646.26311717751;173613.18628999701;158516.38748217124;158516.38748217124;166064.78688608413;173613.18628999701;150967.9880782583;173613.18628999701;166064.78688608413;158516.38748217124;173613.18628999701;158516.38748217124;150967.9880782583
LAS MARGARITAS;CONTROL FUSARIUM;762934.4352000001;696592.3104;696592.3104;729763.3728;762934.4352000001;663421.248;762934.4352000001;729763.3728;696592.3104;762934.4352000001;696592.3104;663421.248;171340.44258932176;156441.27366851116;156441.27366851116;163890.85812891644;171340.44258932176;148991.68920810588;171340.44258932176;163890.85812891644;156441.27366851116;171340.44258932176;156441.27366851116;148991.68920810588;367824.019385656;335839.3220477728;335839.3220477728;351831.6707167144;367824.019385656;319846.9733788313;367824.019385656;351831.6707167144;335839.3220477728;367824.019385656;335839.3220477728;319846.9733788313;1302098.8971749777;1188872.906116284;1188872.906116284;1245485.9016456308;1302098.8971749777;1132259.9105869373;1302098.8971749777;1245485.9016456308;1188872.906116284;1302098.8971749777;1188872.906116284;1132259.9105869373
LA CECILIA;CONTROL FUSARIUM;254311.4784;232197.4368;232197.4368;243254.4576;254311.4784;221140.416;254311.4784;243254.4576;232197.4368;254311.4784;232197.4368;221140.416;57113.480863107245;52147.09122283705;52147.09122283705;54630.28604297215;57113.480863107245;49663.896402701954;57113.480863107245;54630.28604297215;52147.09122283705;57113.480863107245;52147.09122283705;49663.896402701954;122608.0064618853;111946.44068259095;111946.44068259095;117277.22357223813;122608.0064618853;106615.65779294375;122608.0064618853;117277.22357223813;111946.44068259095;122608.0064618853;111946.44068259095;106615.65779294375;434032.9657249925;396290.968705428;396290.968705428;415161.96721521026;434032.9657249925;377419.9701956457;434032.9657249925;415161.96721521026;396290.968705428;434032.9657249925;396290.968705428;377419.9701956457
JOSEFINA;CONTROL FUSARIUM;247953.69143999997;226392.50088;226392.50088;237173.09616000004;247953.69143999997;215611.9056;247953.69143999997;237173.09616000004;226392.50088;247953.69143999997;226392.50088;215611.9056;55685.643841529556;50843.413942266125;50843.413942266125;53264.528891897855;55685.643841529556;48422.29899263441;55685.643841529556;53264.528891897855;50843.413942266125;55685.643841529556;50843.413942266125;48422.29899263441;119542.80630033817;109147.77966552618;109147.77966552618;114345.2929829322;119542.80630033817;103950.26634812016;119542.80630033817;114345.2929829322;109147.77966552618;119542.80630033817;109147.77966552618;103950.26634812016;423182.1415818677;386383.6944877923;386383.6944877923;404782.9180348301;423182.1415818677;367984.4709407546;423182.1415818677;404782.9180348301;386383.6944877923;423182.1415818677;386383.6944877923;367984.4709407546
SAN ALFREDO;CONTROL FUSARIUM;247953.69143999997;226392.50088;226392.50088;237173.09616000004;247953.69143999997;215611.9056;247953.69143999997;237173.09616000004;226392.50088;247953.69143999997;226392.50088;215611.9056;55685.643841529556;50843.413942266125;50843.413942266125;53264.528891897855;55685.643841529556;48422.29899263441;55685.643841529556;53264.528891897855;50843.413942266125;55685.643841529556;50843.413942266125;48422.29899263441;119542.80630033817;109147.77966552618;109147.77966552618;114345.2929829322;119542.80630033817;103950.26634812016;119542.80630033817;114345.2929829322;109147.77966552618;119542.80630033817;109147.77966552618;103950.26634812016;423182.1415818677;386383.6944877923;386383.6944877923;404782.9180348301;423182.1415818677;367984.4709407546;423182.1415818677;404782.9180348301;386383.6944877923;423182.1415818677;386383.6944877923;367984.4709407546
VICTORIA;CONTROL FUSARIUM;762934.4352000001;696592.3104;696592.3104;729763.3728;762934.4352000001;663421.248;762934.4352000001;729763.3728;696592.3104;762934.4352000001;696592.3104;663421.248;171340.44258932176;156441.27366851116;156441.27366851116;163890.85812891644;171340.44258932176;148991.68920810588;171340.44258932176;163890.85812891644;156441.27366851116;171340.44258932176;156441.27366851116;148991.68920810588;367824.019385656;335839.3220477728;335839.3220477728;351831.6707167144;367824.019385656;319846.9733788313;367824.019385656;351831.6707167144;335839.3220477728;367824.019385656;335839.3220477728;319846.9733788313;1302098.8971749777;1188872.906116284;1188872.906116284;1245485.9016456308;1302098.8971749777;1132259.9105869373;1302098.8971749777;1245485.9016456308;1188872.906116284;1302098.8971749777;1188872.906116284;1132259.9105869373
CIRCASIA;CONTROL FUSARIUM;1058571.409056;966521.721312;966521.721312;1012546.5651840001;1058571.409056;920496.8774400001;1058571.409056;1012546.5651840001;966521.721312;1058571.409056;966521.721312;920496.8774400001;237734.83719149476;217062.2426531039;217062.2426531039;227398.53992229933;237734.83719149476;206725.9453839085;237734.83719149476;227398.53992229933;217062.2426531039;237734.83719149476;217062.2426531039;206725.9453839085;510355.7691476387;465977.00661306136;465977.00661306136;488166.38788035006;510355.7691476387;443787.6253457728;510355.7691476387;488166.38788035006;465977.00661306136;510355.7691476387;465977.00661306136;443787.6253457728;1806662.0153951333;1649560.9705781653;1649560.9705781653;1728111.4929866493;1806662.0153951333;1571010.4481696815;1806662.0153951333;1728111.4929866493;1649560.9705781653;1806662.0153951333;1649560.9705781653;1571010.4481696815
CIENAGA;CONTROL FUSARIUM;403719.39596799994;368613.36153600004;368613.36153600004;386166.37875200005;403719.39596799994;351060.34432000003;403719.39596799994;386166.37875200005;368613.36153600004;403719.39596799994;368613.36153600004;351060.34432000003;90667.63380383691;82783.49173393806;82783.49173393806;86725.56276888752;90667.63380383691;78841.42069898863;90667.63380383691;86725.56276888752;82783.49173393806;90667.63380383691;82783.49173393806;78841.42069898863;194640.17362117217;177714.94113237463;177714.94113237463;186177.55737677345;194640.17362117217;169252.32488797582;194640.17362117217;186177.55737677345;177714.94113237463;194640.17362117217;177714.94113237463;169252.32488797582;689027.203393009;629111.7944023127;629111.7944023127;659069.498897661;689027.203393009;599154.0899069645;689027.203393009;659069.498897661;629111.7944023127;689027.203393009;629111.7944023127;599154.0899069645
MARIA;CONTROL FUSARIUM;403719.39596799994;368613.36153600004;368613.36153600004;386166.37875200005;403719.39596799994;351060.34432000003;403719.39596799994;386166.37875200005;368613.36153600004;403719.39596799994;368613.36153600004;351060.34432000003;90667.63380383691;82783.49173393806;82783.49173393806;86725.56276888752;90667.63380383691;78841.42069898863;90667.63380383691;86725.56276888752;82783.49173393806;90667.63380383691;82783.49173393806;78841.42069898863;194640.17362117217;177714.94113237463;177714.94113237463;186177.55737677345;194640.17362117217;169252.32488797582;194640.17362117217;186177.55737677345;177714.94113237463;194640.17362117217;177714.94113237463;169252.32488797582;689027.203393009;629111.7944023127;629111.7944023127;659069.498897661;689027.203393009;599154.0899069645;689027.203393009;659069.498897661;629111.7944023127;689027.203393009;629111.7944023127;599154.0899069645
REMANSO;CONTROL FUSARIUM;1900978.020256;1735675.583712;1735675.583712;1818326.801984;1900978.020256;1653024.36544;1900978.020256;1818326.801984;1735675.583712;1900978.020256;1735675.583712;1653024.36544;426923.2063930252;389799.4493153708;389799.4493153708;408361.327854198;426923.2063930252;371237.57077654364;426923.2063930252;408361.327854198;389799.4493153708;426923.2063930252;389799.4493153708;371237.57077654364;916494.7129317212;836799.5205028758;836799.5205028758;876647.1167172986;916494.7129317212;796951.9242884533;916494.7129317212;876647.1167172986;836799.5205028758;916494.7129317212;836799.5205028758;796951.9242884533;3244395.939580747;2962274.553530247;2962274.553530247;3103335.2465554965;3244395.939580747;2821213.860504997;3244395.939580747;3103335.2465554965;2962274.553530247;3244395.939580747;2962274.553530247;2821213.860504997
PIEDECUESTA;CONTROL FUSARIUM;743861.0743199999;679177.5026400001;679177.5026400001;711519.2884800001;743861.0743199999;646835.7168;743861.0743199999;711519.2884800001;679177.5026400001;743861.0743199999;679177.5026400001;646835.7168;167056.93152458867;152530.2418267984;152530.2418267984;159793.58667569357;167056.93152458867;145266.89697790323;167056.93152458867;159793.58667569357;152530.2418267984;167056.93152458867;152530.2418267984;145266.89697790323;358628.41890101455;327443.3389965786;327443.3389965786;343035.8789487966;358628.41890101455;311850.7990443605;358628.41890101455;343035.8789487966;327443.3389965786;358628.41890101455;327443.3389965786;311850.7990443605;1269546.4247456032;1159151.083463377;1159151.083463377;1214348.7541044902;1269546.4247456032;1103953.4128222638;1269546.4247456032;1214348.7541044902;1159151.083463377;1269546.4247456032;1159151.083463377;1103953.4128222638
NAUTICA;CONTROL FUSARIUM;2034491.8272;1857579.4944;1857579.4944;1946035.6608;2034491.8272;1769123.328;2034491.8272;1946035.6608;1857579.4944;2034491.8272;1857579.4944;1769123.328;456907.84690485796;417176.7297826964;417176.7297826964;437042.2883437772;456907.84690485796;397311.17122161563;456907.84690485796;437042.2883437772;417176.7297826964;456907.84690485796;417176.7297826964;397311.17122161563;980864.0516950825;895571.5254607276;895571.5254607276;938217.788577905;980864.0516950825;852925.26234355;980864.0516950825;938217.788577905;895571.5254607276;980864.0516950825;895571.5254607276;852925.26234355;3472263.72579994;3170327.749643424;3170327.749643424;3321295.737721682;3472263.72579994;3019359.7615651656;3472263.72579994;3321295.737721682;3170327.749643424;3472263.72579994;3170327.749643424;3019359.7615651656
LAS LINAS;CONTROL FUSARIUM;1482953.80842;1354001.30334;1354001.30334;1418477.5558800003;1482953.80842;1289525.0508;1482953.80842;1418477.5558800003;1354001.30334;1482953.80842;1354001.30334;1289525.0508;333042.9852829941;304082.7256931686;304082.7256931686;318562.8554880814;333042.9852829941;289602.5958982558;333042.9852829941;318562.8554880814;304082.7256931686;333042.9852829941;304082.7256931686;289602.5958982558;714957.9376808687;652787.6822303585;652787.6822303585;683872.8099556137;714957.9376808687;621702.5545051034;714957.9376808687;683872.8099556137;652787.6822303585;714957.9376808687;652787.6822303585;621702.5545051034;2530954.731383863;2310871.711263527;2310871.711263527;2420913.2213236955;2530954.731383863;2200830.2012033593;2530954.731383863;2420913.2213236955;2310871.711263527;2530954.731383863;2310871.711263527;2200830.2012033593
DON ALI;CONTROL FUSARIUM;4291506.198;3918331.746;3918331.746;4104918.9720000005;4291506.198;3731744.52;4291506.198;4104918.9720000005;3918331.746;4291506.198;3918331.746;3731744.52;963789.9895649347;879982.1643853752;879982.1643853752;921886.0769751552;963789.9895649347;838078.2517955955;963789.9895649347;921886.0769751552;879982.1643853752;963789.9895649347;879982.1643853752;838078.2517955955;2069010.1090443148;1889096.1865187222;1889096.1865187222;1979053.1477815188;2069010.1090443148;1799139.2252559257;2069010.1090443148;1979053.1477815188;1889096.1865187222;2069010.1090443148;1889096.1865187222;1799139.2252559257;7324306.296609249;6687410.096904097;6687410.096904097;7005858.196756674;7324306.296609249;6368961.99705152;7324306.296609249;7005858.196756674;6687410.096904097;7324306.296609249;6687410.096904097;6368961.99705152
DR4 DON ALI;CONTROL FUSARIUM;670746.123712;612420.373824;612420.373824;641583.2487680002;670746.123712;583257.4988800001;670746.123712;641583.2487680002;612420.373824;670746.123712;612420.373824;583257.4988800001;150636.71581655467;137537.8709629412;137537.8709629412;144087.29338974797;150636.71581655467;130988.4485361345;150636.71581655467;144087.29338974797;137537.8709629412;150636.71581655467;137537.8709629412;130988.4485361345;323378.42392239196;295258.5609726187;295258.5609726187;309318.4924475054;323378.42392239196;281198.62949773215;323378.42392239196;309318.4924475054;295258.5609726187;323378.42392239196;295258.5609726187;281198.62949773215;1144761.2634509467;1045216.8057595599;1045216.8057595599;1094989.0346052535;1144761.2634509467;995444.5769138668;1144761.2634509467;1094989.0346052535;1045216.8057595599;1144761.2634509467;1045216.8057595599;995444.5769138668
DON CARLOS;CONTROL FUSARIUM;484463.366352;442336.11710400006;442336.11710400006;463399.7417280001;484463.366352;421272.49248;484463.366352;463399.7417280001;442336.11710400006;484463.366352;442336.11710400006;421272.49248;108801.1810442193;99340.20877950458;99340.20877950458;104070.69491186197;108801.1810442193;94609.72264714722;108801.1810442193;104070.69491186197;99340.20877950458;108801.1810442193;99340.20877950458;94609.72264714722;233568.2523098915;213257.96950033578;213257.96950033578;223413.1109051137;233568.2523098915;203102.82809555787;233568.2523098915;223413.1109051137;213257.96950033578;233568.2523098915;213257.96950033578;203102.82809555787;826832.7997061108;754934.2953838405;754934.2953838405;790883.5475449758;826832.7997061108;718985.0432227051;826832.7997061108;790883.5475449758;754934.2953838405;826832.7997061108;754934.2953838405;718985.0432227051
EVA NORTE;CONTROL FUSARIUM;11278713.1912;10297955.5224;10297955.5224;10788334.356800001;11278713.1912;9807576.688000001;11278713.1912;10788334.356800001;10297955.5224;11278713.1912;10297955.5224;9807576.688000001;2532982.6795819392;2312723.3161400314;2312723.3161400314;2422852.997860986;2532982.6795819392;2202593.634419078;2532982.6795819392;2422852.997860986;2312723.3161400314;2532982.6795819392;2312723.3161400314;2202593.634419078;5437664.664326849;4964824.25873321;4964824.25873321;5201244.461530031;5437664.664326849;4728404.0559363905;5437664.664326849;5201244.461530031;4964824.25873321;5437664.664326849;4964824.25873321;4728404.0559363905;19249360.53510879;17575503.09727324;17575503.09727324;18412431.816191018;19249360.53510879;16738574.37835547;19249360.53510879;18412431.816191018;17575503.09727324;19249360.53510879;17575503.09727324;16738574.37835547
DON PEDRO;CONTROL FUSARIUM;2943655.3624799997;2687685.33096;2687685.33096;2815670.3467200003;2943655.3624799997;2559700.3152;2943655.3624799997;2815670.3467200003;2687685.33096;2943655.3624799997;2687685.33096;2559700.3152;661088.5409904664;603602.5809043389;603602.5809043389;632345.5609474027;661088.5409904664;574859.6008612751;661088.5409904664;632345.5609474027;603602.5809043389;661088.5409904664;603602.5809043389;574859.6008612751;1419187.6747963226;1295780.0509009901;1295780.0509009901;1357483.8628486567;1419187.6747963226;1234076.2389533238;1419187.6747963226;1357483.8628486567;1295780.0509009901;1419187.6747963226;1295780.0509009901;1234076.2389533238;5023931.578266788;4587067.962765329;4587067.962765329;4805499.77051606;5023931.578266788;4368636.155014599;5023931.578266788;4805499.77051606;4587067.962765329;5023931.578266788;4587067.962765329;4368636.155014599
LA VELA;CONTROL FUSARIUM;3534929.54976;3227544.37152;3227544.37152;3381236.96064;3534929.54976;3073851.7824;3534929.54976;3381236.96064;3227544.37152;3534929.54976;3227544.37152;3073851.7824;793877.3839971907;724844.5679974351;724844.5679974351;759360.9759973129;793877.3839971907;690328.1599975572;793877.3839971907;759360.9759973129;724844.5679974351;793877.3839971907;724844.5679974351;690328.1599975572;1704251.289820206;1556055.525488014;1556055.525488014;1630153.4076541099;1704251.289820206;1481957.643321918;1704251.289820206;1630153.4076541099;1556055.525488014;1704251.289820206;1556055.525488014;1481957.643321918;6033058.223577397;5508444.465005449;5508444.465005449;5770751.3442914225;6033058.223577397;5246137.5857194755;6033058.223577397;5770751.3442914225;5508444.465005449;6033058.223577397;5508444.465005449;5246137.5857194755
ESPERANZA;CONTROL FUSARIUM;495907.38287999993;452785.00176;452785.00176;474346.1923200001;495907.38287999993;431223.8112;495907.38287999993;474346.1923200001;452785.00176;495907.38287999993;452785.00176;431223.8112;111371.28768305911;101686.82788453225;101686.82788453225;106529.05778379571;111371.28768305911;96844.59798526882;111371.28768305911;106529.05778379571;101686.82788453225;111371.28768305911;101686.82788453225;96844.59798526882;239085.61260067634;218295.55933105235;218295.55933105235;228690.5859658644;239085.61260067634;207900.53269624032;239085.61260067634;228690.5859658644;218295.55933105235;239085.61260067634;218295.55933105235;207900.53269624032;846364.2831637354;772767.3889755846;772767.3889755846;809565.8360696601;846364.2831637354;735968.9418815091;846364.2831637354;809565.8360696601;772767.3889755846;846364.2831637354;772767.3889755846;735968.9418815091
LINA MARGARITA;CONTROL FUSARIUM;0.0;0.0;0.0;0.0;0.0;0.0;0.0;0.0;0.0;0.0;0.0;0.0;0.0;0.0;0.0;0.0;0.0;0.0;0.0;0.0;0.0;0.0;0.0;0.0;0.0;0.0;0.0;0.0;0.0;0.0;0.0;0.0;0.0;0.0;0.0;0.0;0.0;0.0;0.0;0.0;0.0;0.0;0.0;0.0;0.0;0.0;0.0;0.0
DON MARCE;CONTROL FUSARIUM;762934.4352000001;696592.3104;696592.3104;729763.3728;762934.4352000001;663421.248;762934.4352000001;729763.3728;696592.3104;762934.4352000001;696592.3104;663421.248;171340.44258932176;156441.27366851116;156441.27366851116;163890.85812891644;171340.44258932176;148991.68920810588;171340.44258932176;163890.85812891644;156441.27366851116;171340.44258932176;156441.27366851116;148991.68920810588;367824.019385656;335839.3220477728;335839.3220477728;351831.6707167144;367824.019385656;319846.9733788313;367824.019385656;351831.6707167144;335839.3220477728;367824.019385656;335839.3220477728;319846.9733788313;1302098.8971749777;1188872.906116284;1188872.906116284;1245485.9016456308;1302098.8971749777;1132259.9105869373;1302098.8971749777;1245485.9016456308;1188872.906116284;1302098.8971749777;1188872.906116284;1132259.9105869373
ENANO;PORTERO;0.0;0.0;0.0;0.0;0.0;0.0;0.0;0.0;0.0;0.0;0.0;0.0;0.0;0.0;0.0;0.0;0.0;0.0;0.0;0.0;0.0;0.0;0.0;0.0;0.0;0.0;0.0;0.0;0.0;0.0;0.0;0.0;0.0;0.0;0.0;0.0;0.0;0.0;0.0;0.0;0.0;0.0;0.0;0.0;0.0;0.0;0.0;0.0
EVA;PORTERO;0.0;0.0;0.0;0.0;0.0;0.0;0.0;0.0;0.0;0.0;0.0;0.0;0.0;0.0;0.0;0.0;0.0;0.0;0.0;0.0;0.0;0.0;0.0;0.0;0.0;0.0;0.0;0.0;0.0;0.0;0.0;0.0;0.0;0.0;0.0;0.0;0.0;0.0;0.0;0.0;0.0;0.0;0.0;0.0;0.0;0.0;0.0;0.0
SAMI;PORTERO;0.0;0.0;0.0;0.0;0.0;0.0;0.0;0.0;0.0;0.0;0.0;0.0;0.0;0.0;0.0;0.0;0.0;0.0;0.0;0.0;0.0;0.0;0.0;0.0;0.0;0.0;0.0;0.0;0.0;0.0;0.0;0.0;0.0;0.0;0.0;0.0;0.0;0.0;0.0;0.0;0.0;0.0;0.0;0.0;0.0;0.0;0.0;0.0
VEGA;PORTERO;0.0;0.0;0.0;0.0;0.0;0.0;0.0;0.0;0.0;0.0;0.0;0.0;0.0;0.0;0.0;0.0;0.0;0.0;0.0;0.0;0.0;0.0;0.0;0.0;0.0;0.0;0.0;0.0;0.0;0.0;0.0;0.0;0.0;0.0;0.0;0.0;0.0;0.0;0.0;0.0;0.0;0.0;0.0;0.0;0.0;0.0;0.0;0.0
FEDERICA;PORTERO;0.0;0.0;0.0;0.0;0.0;0.0;0.0;0.0;0.0;0.0;0.0;0.0;0.0;0.0;0.0;0.0;0.0;0.0;0.0;0.0;0.0;0.0;0.0;0.0;0.0;0.0;0.0;0.0;0.0;0.0;0.0;0.0;0.0;0.0;0.0;0.0;0.0;0.0;0.0;0.0;0.0;0.0;0.0;0.0;0.0;0.0;0.0;0.0
NEERLANDIA;PORTERO;0.0;0.0;0.0;0.0;0.0;0.0;0.0;0.0;0.0;0.0;0.0;0.0;0.0;0.0;0.0;0.0;0.0;0.0;0.0;0.0;0.0;0.0;0.0;0.0;0.0;0.0;0.0;0.0;0.0;0.0;0.0;0.0;0.0;0.0;0.0;0.0;0.0;0.0;0.0;0.0;0.0;0.0;0.0;0.0;0.0;0.0;0.0;0.0
SAN ANTONIO;PORTERO;0.0;0.0;0.0;0.0;0.0;0.0;0.0;0.0;0.0;0.0;0.0;0.0;0.0;0.0;0.0;0.0;0.0;0.0;0.0;0.0;0.0;0.0;0.0;0.0;0.0;0.0;0.0;0.0;0.0;0.0;0.0;0.0;0.0;0.0;0.0;0.0;0.0;0.0;0.0;0.0;0.0;0.0;0.0;0.0;0.0;0.0;0.0;0.0
MRS;PORTERO;631506.8020169999;576593.167059;576593.167059;604049.9845380001;631506.8020169999;549136.34958;631506.8020169999;604049.9845380001;576593.167059;631506.8020169999;576593.167059;549136.34958;141824.3166955691;129491.76741769355;129491.76741769355;135658.04205663136;141824.3166955691;123325.49277875577;141824.3166955691;135658.04205663136;129491.76741769355;141824.3166955691;129491.76741769355;123325.49277875577;304460.46143713844;277985.63870347425;277985.63870347425;291223.05007030634;304460.46143713844;264748.22733664216;304460.46143713844;291223.05007030634;277985.63870347425;304460.46143713844;277985.63870347425;264748.22733664216;1077791.5801497074;984070.5731801677;984070.5731801677;1030931.0766649377;1077791.5801497074;937210.069695398;1077791.5801497074;1030931.0766649377;984070.5731801677;1077791.5801497074;984070.5731801677;937210.069695398
DON FUAD;PORTERO;0.0;0.0;0.0;0.0;0.0;0.0;0.0;0.0;0.0;0.0;0.0;0.0;0.0;0.0;0.0;0.0;0.0;0.0;0.0;0.0;0.0;0.0;0.0;0.0;0.0;0.0;0.0;0.0;0.0;0.0;0.0;0.0;0.0;0.0;0.0;0.0;0.0;0.0;0.0;0.0;0.0;0.0;0.0;0.0;0.0;0.0;0.0;0.0
EUFEMIA;PORTERO;0.0;0.0;0.0;0.0;0.0;0.0;0.0;0.0;0.0;0.0;0.0;0.0;0.0;0.0;0.0;0.0;0.0;0.0;0.0;0.0;0.0;0.0;0.0;0.0;0.0;0.0;0.0;0.0;0.0;0.0;0.0;0.0;0.0;0.0;0.0;0.0;0.0;0.0;0.0;0.0;0.0;0.0;0.0;0.0;0.0;0.0;0.0;0.0
OLGA;PORTERO;631506.8020169999;576593.167059;576593.167059;604049.9845380001;631506.8020169999;549136.34958;631506.8020169999;604049.9845380001;576593.167059;631506.8020169999;576593.167059;549136.34958;141824.3166955691;129491.76741769355;129491.76741769355;135658.04205663136;141824.3166955691;123325.49277875577;141824.3166955691;135658.04205663136;129491.76741769355;141824.3166955691;129491.76741769355;123325.49277875577;304460.46143713844;277985.63870347425;277985.63870347425;291223.05007030634;304460.46143713844;264748.22733664216;304460.46143713844;291223.05007030634;277985.63870347425;304460.46143713844;277985.63870347425;264748.22733664216;1077791.5801497074;984070.5731801677;984070.5731801677;1030931.0766649377;1077791.5801497074;937210.069695398;1077791.5801497074;1030931.0766649377;984070.5731801677;1077791.5801497074;984070.5731801677;937210.069695398
DON SAID;PORTERO;0.0;0.0;0.0;0.0;0.0;0.0;0.0;0.0;0.0;0.0;0.0;0.0;0.0;0.0;0.0;0.0;0.0;0.0;0.0;0.0;0.0;0.0;0.0;0.0;0.0;0.0;0.0;0.0;0.0;0.0;0.0;0.0;0.0;0.0;0.0;0.0;0.0;0.0;0.0;0.0;0.0;0.0;0.0;0.0;0.0;0.0;0.0;0.0
ASUNTINA;PORTERO;0.0;0.0;0.0;0.0;0.0;0.0;0.0;0.0;0.0;0.0;0.0;0.0;0.0;0.0;0.0;0.0;0.0;0.0;0.0;0.0;0.0;0.0;0.0;0.0;0.0;0.0;0.0;0.0;0.0;0.0;0.0;0.0;0.0;0.0;0.0;0.0;0.0;0.0;0.0;0.0;0.0;0.0;0.0;0.0;0.0;0.0;0.0;0.0
PORLAMAR;PORTERO;0.0;0.0;0.0;0.0;0.0;0.0;0.0;0.0;0.0;0.0;0.0;0.0;0.0;0.0;0.0;0.0;0.0;0.0;0.0;0.0;0.0;0.0;0.0;0.0;0.0;0.0;0.0;0.0;0.0;0.0;0.0;0.0;0.0;0.0;0.0;0.0;0.0;0.0;0.0;0.0;0.0;0.0;0.0;0.0;0.0;0.0;0.0;0.0
EL MORRO;PORTERO;0.0;0.0;0.0;0.0;0.0;0.0;0.0;0.0;0.0;0.0;0.0;0.0;0.0;0.0;0.0;0.0;0.0;0.0;0.0;0.0;0.0;0.0;0.0;0.0;0.0;0.0;0.0;0.0;0.0;0.0;0.0;0.0;0.0;0.0;0.0;0.0;0.0;0.0;0.0;0.0;0.0;0.0;0.0;0.0;0.0;0.0;0.0;0.0
LA PERLA;PORTERO;0.0;0.0;0.0;0.0;0.0;0.0;0.0;0.0;0.0;0.0;0.0;0.0;0.0;0.0;0.0;0.0;0.0;0.0;0.0;0.0;0.0;0.0;0.0;0.0;0.0;0.0;0.0;0.0;0.0;0.0;0.0;0.0;0.0;0.0;0.0;0.0;0.0;0.0;0.0;0.0;0.0;0.0;0.0;0.0;0.0;0.0;0.0;0.0
ARACATACA;PORTERO;0.0;0.0;0.0;0.0;0.0;0.0;0.0;0.0;0.0;0.0;0.0;0.0;0.0;0.0;0.0;0.0;0.0;0.0;0.0;0.0;0.0;0.0;0.0;0.0;0.0;0.0;0.0;0.0;0.0;0.0;0.0;0.0;0.0;0.0;0.0;0.0;0.0;0.0;0.0;0.0;0.0;0.0;0.0;0.0;0.0;0.0;0.0;0.0
BOCATOMA;PORTERO;0.0;0.0;0.0;0.0;0.0;0.0;0.0;0.0;0.0;0.0;0.0;0.0;0.0;0.0;0.0;0.0;0.0;0.0;0.0;0.0;0.0;0.0;0.0;0.0;0.0;0.0;0.0;0.0;0.0;0.0;0.0;0.0;0.0;0.0;0.0;0.0;0.0;0.0;0.0;0.0;0.0;0.0;0.0;0.0;0.0;0.0;0.0;0.0
JOYA;PORTERO;315753.40100849996;288296.5835295;288296.5835295;302024.99226900004;315753.40100849996;274568.17479;315753.40100849996;302024.99226900004;288296.5835295;315753.40100849996;288296.5835295;274568.17479;70912.15834778456;64745.88370884678;64745.88370884678;67829.02102831568;70912.15834778456;61662.746389377884;70912.15834778456;67829.02102831568;64745.88370884678;70912.15834778456;64745.88370884678;61662.746389377884;152230.23071856922;138992.81935173713;138992.81935173713;145611.52503515317;152230.23071856922;132374.11366832108;152230.23071856922;145611.52503515317;138992.81935173713;152230.23071856922;138992.81935173713;132374.11366832108;538895.7900748537;492035.28659008385;492035.28659008385;515465.53833246883;538895.7900748537;468605.034847699;538895.7900748537;515465.53833246883;492035.28659008385;538895.7900748537;492035.28659008385;468605.034847699
ESMERALDA;PORTERO;0.0;0.0;0.0;0.0;0.0;0.0;0.0;0.0;0.0;0.0;0.0;0.0;0.0;0.0;0.0;0.0;0.0;0.0;0.0;0.0;0.0;0.0;0.0;0.0;0.0;0.0;0.0;0.0;0.0;0.0;0.0;0.0;0.0;0.0;0.0;0.0;0.0;0.0;0.0;0.0;0.0;0.0;0.0;0.0;0.0;0.0;0.0;0.0
NARANJOS;PORTERO;0.0;0.0;0.0;0.0;0.0;0.0;0.0;0.0;0.0;0.0;0.0;0.0;0.0;0.0;0.0;0.0;0.0;0.0;0.0;0.0;0.0;0.0;0.0;0.0;0.0;0.0;0.0;0.0;0.0;0.0;0.0;0.0;0.0;0.0;0.0;0.0;0.0;0.0;0.0;0.0;0.0;0.0;0.0;0.0;0.0;0.0;0.0;0.0
YUNQUE;PORTERO;631506.8020169999;576593.167059;576593.167059;604049.9845380001;631506.8020169999;549136.34958;631506.8020169999;604049.9845380001;576593.167059;631506.8020169999;576593.167059;549136.34958;141824.3166955691;129491.76741769355;129491.76741769355;135658.04205663136;141824.3166955691;123325.49277875577;141824.3166955691;135658.04205663136;129491.76741769355;141824.3166955691;129491.76741769355;123325.49277875577;304460.46143713844;277985.63870347425;277985.63870347425;291223.05007030634;304460.46143713844;264748.22733664216;304460.46143713844;291223.05007030634;277985.63870347425;304460.46143713844;277985.63870347425;264748.22733664216;1077791.5801497074;984070.5731801677;984070.5731801677;1030931.0766649377;1077791.5801497074;937210.069695398;1077791.5801497074;1030931.0766649377;984070.5731801677;1077791.5801497074;984070.5731801677;937210.069695398
DONAMA;PORTERO;631506.8020169999;576593.167059;576593.167059;604049.9845380001;631506.8020169999;549136.34958;631506.8020169999;604049.9845380001;576593.167059;631506.8020169999;576593.167059;549136.34958;141824.3166955691;129491.76741769355;129491.76741769355;135658.04205663136;141824.3166955691;123325.49277875577;141824.3166955691;135658.04205663136;129491.76741769355;141824.3166955691;129491.76741769355;123325.49277875577;304460.46143713844;277985.63870347425;277985.63870347425;291223.05007030634;304460.46143713844;264748.22733664216;304460.46143713844;291223.05007030634;277985.63870347425;304460.46143713844;277985.63870347425;264748.22733664216;1077791.5801497074;984070.5731801677;984070.5731801677;1030931.0766649377;1077791.5801497074;937210.069695398;1077791.5801497074;1030931.0766649377;984070.5731801677;1077791.5801497074;984070.5731801677;937210.069695398
BURDEOS;PORTERO;0.0;0.0;0.0;0.0;0.0;0.0;0.0;0.0;0.0;0.0;0.0;0.0;0.0;0.0;0.0;0.0;0.0;0.0;0.0;0.0;0.0;0.0;0.0;0.0;0.0;0.0;0.0;0.0;0.0;0.0;0.0;0.0;0.0;0.0;0.0;0.0;0.0;0.0;0.0;0.0;0.0;0.0;0.0;0.0;0.0;0.0;0.0;0.0
DON MARCE SUR 2;PORTERO;631506.8020169999;576593.167059;576593.167059;604049.9845380001;631506.8020169999;549136.34958;631506.8020169999;604049.9845380001;576593.167059;631506.8020169999;576593.167059;549136.34958;141824.3166955691;129491.76741769355;129491.76741769355;135658.04205663136;141824.3166955691;123325.49277875577;141824.3166955691;135658.04205663136;129491.76741769355;141824.3166955691;129491.76741769355;123325.49277875577;304460.46143713844;277985.63870347425;277985.63870347425;291223.05007030634;304460.46143713844;264748.22733664216;304460.46143713844;291223.05007030634;277985.63870347425;304460.46143713844;277985.63870347425;264748.22733664216;1077791.5801497074;984070.5731801677;984070.5731801677;1030931.0766649377;1077791.5801497074;937210.069695398;1077791.5801497074;1030931.0766649377;984070.5731801677;1077791.5801497074;984070.5731801677;937210.069695398
LAS MARGARITAS;PORTERO;0.0;0.0;0.0;0.0;0.0;0.0;0.0;0.0;0.0;0.0;0.0;0.0;0.0;0.0;0.0;0.0;0.0;0.0;0.0;0.0;0.0;0.0;0.0;0.0;0.0;0.0;0.0;0.0;0.0;0.0;0.0;0.0;0.0;0.0;0.0;0.0;0.0;0.0;0.0;0.0;0.0;0.0;0.0;0.0;0.0;0.0;0.0;0.0
LA CECILIA;PORTERO;631506.8020169999;576593.167059;576593.167059;604049.9845380001;631506.8020169999;549136.34958;631506.8020169999;604049.9845380001;576593.167059;631506.8020169999;576593.167059;549136.34958;141824.3166955691;129491.76741769355;129491.76741769355;135658.04205663136;141824.3166955691;123325.49277875577;141824.3166955691;135658.04205663136;129491.76741769355;141824.3166955691;129491.76741769355;123325.49277875577;304460.46143713844;277985.63870347425;277985.63870347425;291223.05007030634;304460.46143713844;264748.22733664216;304460.46143713844;291223.05007030634;277985.63870347425;304460.46143713844;277985.63870347425;264748.22733664216;1077791.5801497074;984070.5731801677;984070.5731801677;1030931.0766649377;1077791.5801497074;937210.069695398;1077791.5801497074;1030931.0766649377;984070.5731801677;1077791.5801497074;984070.5731801677;937210.069695398
JOSEFINA;PORTERO;315753.40100849996;288296.5835295;288296.5835295;302024.99226900004;315753.40100849996;274568.17479;315753.40100849996;302024.99226900004;288296.5835295;315753.40100849996;288296.5835295;274568.17479;70912.15834778456;64745.88370884678;64745.88370884678;67829.02102831568;70912.15834778456;61662.746389377884;70912.15834778456;67829.02102831568;64745.88370884678;70912.15834778456;64745.88370884678;61662.746389377884;152230.23071856922;138992.81935173713;138992.81935173713;145611.52503515317;152230.23071856922;132374.11366832108;152230.23071856922;145611.52503515317;138992.81935173713;152230.23071856922;138992.81935173713;132374.11366832108;538895.7900748537;492035.28659008385;492035.28659008385;515465.53833246883;538895.7900748537;468605.034847699;538895.7900748537;515465.53833246883;492035.28659008385;538895.7900748537;492035.28659008385;468605.034847699
SAN ALFREDO;PORTERO;473630.1015127499;432444.87529425;432444.87529425;453037.48840350006;473630.1015127499;411852.262185;473630.1015127499;453037.48840350006;432444.87529425;473630.1015127499;432444.87529425;411852.262185;106368.23752167683;97118.82556327016;97118.82556327016;101743.53154247352;106368.23752167683;92494.11958406682;106368.23752167683;101743.53154247352;97118.82556327016;106368.23752167683;97118.82556327016;92494.11958406682;228345.34607785378;208489.2290276057;208489.2290276057;218417.28755272977;228345.34607785378;198561.1705024816;228345.34607785378;218417.28755272977;208489.2290276057;228345.34607785378;208489.2290276057;198561.1705024816;808343.6851122805;738052.929885126;738052.929885126;773198.3074987032;808343.6851122805;702907.5522715484;808343.6851122805;773198.3074987032;738052.929885126;808343.6851122805;738052.929885126;702907.5522715484
VICTORIA;PORTERO;631506.8020169999;576593.167059;576593.167059;604049.9845380001;631506.8020169999;549136.34958;631506.8020169999;604049.9845380001;576593.167059;631506.8020169999;576593.167059;549136.34958;141824.3166955691;129491.76741769355;129491.76741769355;135658.04205663136;141824.3166955691;123325.49277875577;141824.3166955691;135658.04205663136;129491.76741769355;141824.3166955691;129491.76741769355;123325.49277875577;304460.46143713844;277985.63870347425;277985.63870347425;291223.05007030634;304460.46143713844;264748.22733664216;304460.46143713844;291223.05007030634;277985.63870347425;304460.46143713844;277985.63870347425;264748.22733664216;1077791.5801497074;984070.5731801677;984070.5731801677;1030931.0766649377;1077791.5801497074;937210.069695398;1077791.5801497074;1030931.0766649377;984070.5731801677;1077791.5801497074;984070.5731801677;937210.069695398
CIRCASIA;PORTERO;947260.2030254998;864889.7505885;864889.7505885;906074.9768070001;947260.2030254998;823704.52437;947260.2030254998;906074.9768070001;864889.7505885;947260.2030254998;864889.7505885;823704.52437;212736.47504335365;194237.65112654032;194237.65112654032;203487.06308494703;212736.47504335365;184988.23916813364;212736.47504335365;203487.06308494703;194237.65112654032;212736.47504335365;194237.65112654032;184988.23916813364;456690.69215570757;416978.4580552114;416978.4580552114;436834.57510545955;456690.69215570757;397122.3410049632;456690.69215570757;436834.57510545955;416978.4580552114;456690.69215570757;416978.4580552114;397122.3410049632;1616687.370224561;1476105.859770252;1476105.859770252;1546396.6149974065;1616687.370224561;1405815.1045430969;1616687.370224561;1546396.6149974065;1476105.859770252;1616687.370224561;1476105.859770252;1405815.1045430969
CIENAGA;PORTERO;631506.8020169999;576593.167059;576593.167059;604049.9845380001;631506.8020169999;549136.34958;631506.8020169999;604049.9845380001;576593.167059;631506.8020169999;576593.167059;549136.34958;141824.3166955691;129491.76741769355;129491.76741769355;135658.04205663136;141824.3166955691;123325.49277875577;141824.3166955691;135658.04205663136;129491.76741769355;141824.3166955691;129491.76741769355;123325.49277875577;304460.46143713844;277985.63870347425;277985.63870347425;291223.05007030634;304460.46143713844;264748.22733664216;304460.46143713844;291223.05007030634;277985.63870347425;304460.46143713844;277985.63870347425;264748.22733664216;1077791.5801497074;984070.5731801677;984070.5731801677;1030931.0766649377;1077791.5801497074;937210.069695398;1077791.5801497074;1030931.0766649377;984070.5731801677;1077791.5801497074;984070.5731801677;937210.069695398
MARIA;PORTERO;631506.8020169999;576593.167059;576593.167059;604049.9845380001;631506.8020169999;549136.34958;631506.8020169999;604049.9845380001;576593.167059;631506.8020169999;576593.167059;549136.34958;141824.3166955691;129491.76741769355;129491.76741769355;135658.04205663136;141824.3166955691;123325.49277875577;141824.3166955691;135658.04205663136;129491.76741769355;141824.3166955691;129491.76741769355;123325.49277875577;304460.46143713844;277985.63870347425;277985.63870347425;291223.05007030634;304460.46143713844;264748.22733664216;304460.46143713844;291223.05007030634;277985.63870347425;304460.46143713844;277985.63870347425;264748.22733664216;1077791.5801497074;984070.5731801677;984070.5731801677;1030931.0766649377;1077791.5801497074;937210.069695398;1077791.5801497074;1030931.0766649377;984070.5731801677;1077791.5801497074;984070.5731801677;937210.069695398
REMANSO;PORTERO;0.0;0.0;0.0;0.0;0.0;0.0;0.0;0.0;0.0;0.0;0.0;0.0;0.0;0.0;0.0;0.0;0.0;0.0;0.0;0.0;0.0;0.0;0.0;0.0;0.0;0.0;0.0;0.0;0.0;0.0;0.0;0.0;0.0;0.0;0.0;0.0;0.0;0.0;0.0;0.0;0.0;0.0;0.0;0.0;0.0;0.0;0.0;0.0
PIEDECUESTA;PORTERO;0.0;0.0;0.0;0.0;0.0;0.0;0.0;0.0;0.0;0.0;0.0;0.0;0.0;0.0;0.0;0.0;0.0;0.0;0.0;0.0;0.0;0.0;0.0;0.0;0.0;0.0;0.0;0.0;0.0;0.0;0.0;0.0;0.0;0.0;0.0;0.0;0.0;0.0;0.0;0.0;0.0;0.0;0.0;0.0;0.0;0.0;0.0;0.0
NAUTICA;PORTERO;0.0;0.0;0.0;0.0;0.0;0.0;0.0;0.0;0.0;0.0;0.0;0.0;0.0;0.0;0.0;0.0;0.0;0.0;0.0;0.0;0.0;0.0;0.0;0.0;0.0;0.0;0.0;0.0;0.0;0.0;0.0;0.0;0.0;0.0;0.0;0.0;0.0;0.0;0.0;0.0;0.0;0.0;0.0;0.0;0.0;0.0;0.0;0.0
LAS LINAS;PORTERO;0.0;0.0;0.0;0.0;0.0;0.0;0.0;0.0;0.0;0.0;0.0;0.0;0.0;0.0;0.0;0.0;0.0;0.0;0.0;0.0;0.0;0.0;0.0;0.0;0.0;0.0;0.0;0.0;0.0;0.0;0.0;0.0;0.0;0.0;0.0;0.0;0.0;0.0;0.0;0.0;0.0;0.0;0.0;0.0;0.0;0.0;0.0;0.0
DON ALI;PORTERO;0.0;0.0;0.0;0.0;0.0;0.0;0.0;0.0;0.0;0.0;0.0;0.0;0.0;0.0;0.0;0.0;0.0;0.0;0.0;0.0;0.0;0.0;0.0;0.0;0.0;0.0;0.0;0.0;0.0;0.0;0.0;0.0;0.0;0.0;0.0;0.0;0.0;0.0;0.0;0.0;0.0;0.0;0.0;0.0;0.0;0.0;0.0;0.0
DR4 DON ALI;PORTERO;0.0;0.0;0.0;0.0;0.0;0.0;0.0;0.0;0.0;0.0;0.0;0.0;0.0;0.0;0.0;0.0;0.0;0.0;0.0;0.0;0.0;0.0;0.0;0.0;0.0;0.0;0.0;0.0;0.0;0.0;0.0;0.0;0.0;0.0;0.0;0.0;0.0;0.0;0.0;0.0;0.0;0.0;0.0;0.0;0.0;0.0;0.0;0.0
DON CARLOS;PORTERO;947260.2030254998;864889.7505885;864889.7505885;906074.9768070001;947260.2030254998;823704.52437;947260.2030254998;906074.9768070001;864889.7505885;947260.2030254998;864889.7505885;823704.52437;212736.47504335365;194237.65112654032;194237.65112654032;203487.06308494703;212736.47504335365;184988.23916813364;212736.47504335365;203487.06308494703;194237.65112654032;212736.47504335365;194237.65112654032;184988.23916813364;456690.69215570757;416978.4580552114;416978.4580552114;436834.57510545955;456690.69215570757;397122.3410049632;456690.69215570757;436834.57510545955;416978.4580552114;456690.69215570757;416978.4580552114;397122.3410049632;1616687.370224561;1476105.859770252;1476105.859770252;1546396.6149974065;1616687.370224561;1405815.1045430969;1616687.370224561;1546396.6149974065;1476105.859770252;1616687.370224561;1476105.859770252;1405815.1045430969
EVA NORTE;PORTERO;0.0;0.0;0.0;0.0;0.0;0.0;0.0;0.0;0.0;0.0;0.0;0.0;0.0;0.0;0.0;0.0;0.0;0.0;0.0;0.0;0.0;0.0;0.0;0.0;0.0;0.0;0.0;0.0;0.0;0.0;0.0;0.0;0.0;0.0;0.0;0.0;0.0;0.0;0.0;0.0;0.0;0.0;0.0;0.0;0.0;0.0;0.0;0.0
DON PEDRO;PORTERO;0.0;0.0;0.0;0.0;0.0;0.0;0.0;0.0;0.0;0.0;0.0;0.0;0.0;0.0;0.0;0.0;0.0;0.0;0.0;0.0;0.0;0.0;0.0;0.0;0.0;0.0;0.0;0.0;0.0;0.0;0.0;0.0;0.0;0.0;0.0;0.0;0.0;0.0;0.0;0.0;0.0;0.0;0.0;0.0;0.0;0.0;0.0;0.0
LA VELA;PORTERO;0.0;0.0;0.0;0.0;0.0;0.0;0.0;0.0;0.0;0.0;0.0;0.0;0.0;0.0;0.0;0.0;0.0;0.0;0.0;0.0;0.0;0.0;0.0;0.0;0.0;0.0;0.0;0.0;0.0;0.0;0.0;0.0;0.0;0.0;0.0;0.0;0.0;0.0;0.0;0.0;0.0;0.0;0.0;0.0;0.0;0.0;0.0;0.0
ESPERANZA;PORTERO;0.0;0.0;0.0;0.0;0.0;0.0;0.0;0.0;0.0;0.0;0.0;0.0;0.0;0.0;0.0;0.0;0.0;0.0;0.0;0.0;0.0;0.0;0.0;0.0;0.0;0.0;0.0;0.0;0.0;0.0;0.0;0.0;0.0;0.0;0.0;0.0;0.0;0.0;0.0;0.0;0.0;0.0;0.0;0.0;0.0;0.0;0.0;0.0
LINA MARGARITA;PORTERO;1764818.2307609697;1611355.7759121899;1611355.7759121899;1688087.0033365798;1764818.2307609697;1534624.5484878;1764818.2307609697;1688087.0033365798;1611355.7759121899;1764818.2307609697;1611355.7759121899;1534624.5484878;396344.3289448843;361879.60468880745;361879.60468880745;379111.9668168458;396344.3289448843;344647.24256076897;396344.3289448843;379111.9668168458;361879.60468880745;396344.3289448843;361879.60468880745;344647.24256076897;850849.6997561947;776862.7693426126;776862.7693426126;813856.2345494037;850849.6997561947;739869.3041358216;850849.6997561947;813856.2345494037;776862.7693426126;850849.6997561947;776862.7693426126;739869.3041358216;3012012.2594620488;2750098.1499436097;2750098.1499436097;2881055.204702829;3012012.2594620488;2619141.0951843904;3012012.2594620488;2881055.204702829;2750098.1499436097;3012012.2594620488;2750098.1499436097;2619141.0951843904
DON MARCE;PORTERO;0.0;0.0;0.0;0.0;0.0;0.0;0.0;0.0;0.0;0.0;0.0;0.0;0.0;0.0;0.0;0.0;0.0;0.0;0.0;0.0;0.0;0.0;0.0;0.0;0.0;0.0;0.0;0.0;0.0;0.0;0.0;0.0;0.0;0.0;0.0;0.0;0.0;0.0;0.0;0.0;0.0;0.0;0.0;0.0;0.0;0.0;0.0;0.0
ENANO;TUMBAS & REPIQUES;2727490.60584;2490317.50968;2490317.50968;2608904.05776;2727490.60584;2371730.9616;2727490.60584;2608904.05776;2490317.50968;2727490.60584;2490317.50968;2371730.9616;612542.0822568252;559277.5533649274;559277.5533649274;585909.8178108764;612542.0822568252;532645.2889189784;612542.0822568252;585909.8178108764;559277.5533649274;612542.0822568252;559277.5533649274;532645.2889189784;1314970.86930372;1200625.576320788;1200625.576320788;1257798.222812254;1314970.86930372;1143452.9298293218;1314970.86930372;1257798.222812254;1200625.576320788;1314970.86930372;1200625.576320788;1143452.9298293218;4655003.557400545;4250220.639365716;4250220.639365716;4452612.0983831305;4655003.557400545;4047829.1803483004;4655003.557400545;4452612.0983831305;4250220.639365716;4655003.557400545;4250220.639365716;4047829.1803483004
EVA;TUMBAS & REPIQUES;1735675.84008;1584747.50616;1584747.50616;1660211.6731200002;1735675.84008;1509283.3392;1735675.84008;1660211.6731200002;1584747.50616;1735675.84008;1584747.50616;1509283.3392;389799.50689070695;355903.8975958629;355903.8975958629;372851.70224328496;389799.50689070695;338956.09294844087;389799.50689070695;372851.70224328496;355903.8975958629;389799.50689070695;355903.8975958629;338956.09294844087;836799.6441023675;764034.4576586832;764034.4576586832;800417.0508805254;836799.6441023675;727651.8644368412;836799.6441023675;800417.0508805254;764034.4576586832;836799.6441023675;764034.4576586832;727651.8644368412;2962274.9910730748;2704685.861414546;2704685.861414546;2833480.4262438104;2962274.9910730748;2575891.2965852823;2962274.9910730748;2833480.4262438104;2704685.861414546;2962274.9910730748;2704685.861414546;2575891.2965852823
SAMI;TUMBAS & REPIQUES;2479536.9143999997;2263925.0088;2263925.0088;2371730.9616000005;2479536.9143999997;2156119.056;2479536.9143999997;2371730.9616000005;2263925.0088;2479536.9143999997;2263925.0088;2156119.056;556856.4384152956;508434.1394226613;508434.1394226613;532645.2889189785;556856.4384152956;484222.989926344;556856.4384152956;532645.2889189785;508434.1394226613;556856.4384152956;508434.1394226613;484222.989926344;1195428.0630033817;1091477.7966552617;1091477.7966552617;1143452.929829322;1195428.0630033817;1039502.6634812015;1195428.0630033817;1143452.929829322;1091477.7966552617;1195428.0630033817;1091477.7966552617;1039502.6634812015;4231821.415818676;3863836.9448779225;3863836.9448779225;4047829.1803483013;4231821.415818676;3679844.709407545;4231821.415818676;4047829.1803483013;3863836.9448779225;4231821.415818676;3863836.9448779225;3679844.709407545
VEGA;TUMBAS & REPIQUES;991814.7657599999;905570.00352;905570.00352;948692.3846400002;991814.7657599999;862447.6224;991814.7657599999;948692.3846400002;905570.00352;991814.7657599999;905570.00352;862447.6224;222742.57536611822;203373.6557690645;203373.6557690645;213058.11556759142;222742.57536611822;193689.19597053764;222742.57536611822;213058.11556759142;203373.6557690645;222742.57536611822;203373.6557690645;193689.19597053764;478171.2252013527;436591.1186621047;436591.1186621047;457381.1719317288;478171.2252013527;415801.06539248064;478171.2252013527;457381.1719317288;436591.1186621047;478171.2252013527;436591.1186621047;415801.06539248064;1692728.5663274708;1545534.7779511693;1545534.7779511693;1619131.6721393203;1692728.5663274708;1471937.8837630183;1692728.5663274708;1619131.6721393203;1545534.7779511693;1692728.5663274708;1545534.7779511693;1471937.8837630183
FEDERICA;TUMBAS & REPIQUES;2727490.60584;2490317.50968;2490317.50968;2608904.05776;2727490.60584;2371730.9616;2727490.60584;2608904.05776;2490317.50968;2727490.60584;2490317.50968;2371730.9616;612542.0822568252;559277.5533649274;559277.5533649274;585909.8178108764;612542.0822568252;532645.2889189784;612542.0822568252;585909.8178108764;559277.5533649274;612542.0822568252;559277.5533649274;532645.2889189784;1314970.86930372;1200625.576320788;1200625.576320788;1257798.222812254;1314970.86930372;1143452.9298293218;1314970.86930372;1257798.222812254;1200625.576320788;1314970.86930372;1200625.576320788;1143452.9298293218;4655003.557400545;4250220.639365716;4250220.639365716;4452612.0983831305;4655003.557400545;4047829.1803483004;4655003.557400545;4452612.0983831305;4250220.639365716;4655003.557400545;4250220.639365716;4047829.1803483004
NEERLANDIA;TUMBAS & REPIQUES;1239768.4571999998;1131962.5044;1131962.5044;1185865.4808000003;1239768.4571999998;1078059.528;1239768.4571999998;1185865.4808000003;1131962.5044;1239768.4571999998;1131962.5044;1078059.528;278428.2192076478;254217.06971133064;254217.06971133064;266322.64445948927;278428.2192076478;242111.494963172;278428.2192076478;266322.64445948927;254217.06971133064;278428.2192076478;254217.06971133064;242111.494963172;597714.0315016909;545738.8983276308;545738.8983276308;571726.464914661;597714.0315016909;519751.33174060076;597714.0315016909;571726.464914661;545738.8983276308;597714.0315016909;545738.8983276308;519751.33174060076;2115910.707909338;1931918.4724389613;1931918.4724389613;2023914.5901741507;2115910.707909338;1839922.3547037726;2115910.707909338;2023914.5901741507;1931918.4724389613;2115910.707909338;1931918.4724389613;1839922.3547037726
SAN ANTONIO;TUMBAS & REPIQUES;1239768.4571999998;1131962.5044;1131962.5044;1185865.4808000003;1239768.4571999998;1078059.528;1239768.4571999998;1185865.4808000003;1131962.5044;1239768.4571999998;1131962.5044;1078059.528;278428.2192076478;254217.06971133064;254217.06971133064;266322.64445948927;278428.2192076478;242111.494963172;278428.2192076478;266322.64445948927;254217.06971133064;278428.2192076478;254217.06971133064;242111.494963172;597714.0315016909;545738.8983276308;545738.8983276308;571726.464914661;597714.0315016909;519751.33174060076;597714.0315016909;571726.464914661;545738.8983276308;597714.0315016909;545738.8983276308;519751.33174060076;2115910.707909338;1931918.4724389613;1931918.4724389613;2023914.5901741507;2115910.707909338;1839922.3547037726;2115910.707909338;2023914.5901741507;1931918.4724389613;2115910.707909338;1931918.4724389613;1839922.3547037726
MRS;TUMBAS & REPIQUES;371930.53715999995;339588.75132000004;339588.75132000004;355759.64424000005;371930.53715999995;323417.8584;371930.53715999995;355759.64424000005;339588.75132000004;371930.53715999995;339588.75132000004;323417.8584;83528.46576229433;76265.1209133992;76265.1209133992;79896.79333784679;83528.46576229433;72633.44848895162;83528.46576229433;79896.79333784679;76265.1209133992;83528.46576229433;76265.1209133992;72633.44848895162;179314.20945050727;163721.6694982893;163721.6694982893;171517.9394743983;179314.20945050727;155925.39952218026;179314.20945050727;171517.9394743983;163721.6694982893;179314.20945050727;163721.6694982893;155925.39952218026;634773.2123728016;579575.5417316885;579575.5417316885;607174.3770522451;634773.2123728016;551976.7064111319;634773.2123728016;607174.3770522451;579575.5417316885;634773.2123728016;579575.5417316885;551976.7064111319
DON FUAD;TUMBAS & REPIQUES;1983629.5315199997;1811140.00704;1811140.00704;1897384.7692800004;1983629.5315199997;1724895.2448;1983629.5315199997;1897384.7692800004;1811140.00704;1983629.5315199997;1811140.00704;1724895.2448;445485.15073223645;406747.311538129;406747.311538129;426116.23113518284;445485.15073223645;387378.3919410753;445485.15073223645;426116.23113518284;406747.311538129;445485.15073223645;406747.311538129;387378.3919410753;956342.4504027053;873182.2373242094;873182.2373242094;914762.3438634576;956342.4504027053;831602.1307849613;956342.4504027053;914762.3438634576;873182.2373242094;956342.4504027053;873182.2373242094;831602.1307849613;3385457.1326549416;3091069.5559023386;3091069.5559023386;3238263.3442786406;3385457.1326549416;2943875.7675260366;3385457.1326549416;3238263.3442786406;3091069.5559023386;3385457.1326549416;3091069.5559023386;2943875.7675260366
EUFEMIA;TUMBAS & REPIQUES;2479536.9143999997;2263925.0088;2263925.0088;2371730.9616000005;2479536.9143999997;2156119.056;2479536.9143999997;2371730.9616000005;2263925.0088;2479536.9143999997;2263925.0088;2156119.056;556856.4384152956;508434.1394226613;508434.1394226613;532645.2889189785;556856.4384152956;484222.989926344;556856.4384152956;532645.2889189785;508434.1394226613;556856.4384152956;508434.1394226613;484222.989926344;1195428.0630033817;1091477.7966552617;1091477.7966552617;1143452.929829322;1195428.0630033817;1039502.6634812015;1195428.0630033817;1143452.929829322;1091477.7966552617;1195428.0630033817;1091477.7966552617;1039502.6634812015;4231821.415818676;3863836.9448779225;3863836.9448779225;4047829.1803483013;4231821.415818676;3679844.709407545;4231821.415818676;4047829.1803483013;3863836.9448779225;4231821.415818676;3863836.9448779225;3679844.709407545
OLGA;TUMBAS & REPIQUES;495907.38287999993;452785.00176;452785.00176;474346.1923200001;495907.38287999993;431223.8112;495907.38287999993;474346.1923200001;452785.00176;495907.38287999993;452785.00176;431223.8112;111371.28768305911;101686.82788453225;101686.82788453225;106529.05778379571;111371.28768305911;96844.59798526882;111371.28768305911;106529.05778379571;101686.82788453225;111371.28768305911;101686.82788453225;96844.59798526882;239085.61260067634;218295.55933105235;218295.55933105235;228690.5859658644;239085.61260067634;207900.53269624032;239085.61260067634;228690.5859658644;218295.55933105235;239085.61260067634;218295.55933105235;207900.53269624032;846364.2831637354;772767.3889755846;772767.3889755846;809565.8360696601;846364.2831637354;735968.9418815091;846364.2831637354;809565.8360696601;772767.3889755846;846364.2831637354;772767.3889755846;735968.9418815091
DON SAID;TUMBAS & REPIQUES;6446795.97744;5886205.02288;5886205.02288;6166500.50016;6446795.97744;5605909.5456;6446795.97744;6166500.50016;5886205.02288;6446795.97744;5886205.02288;5605909.5456;1447826.7398797686;1321928.7624989194;1321928.7624989194;1384877.751189344;1447826.7398797686;1258979.7738084944;1447826.7398797686;1384877.751189344;1321928.7624989194;1447826.7398797686;1321928.7624989194;1258979.7738084944;3108112.9638087926;2837842.2713036807;2837842.2713036807;2972977.617556237;3108112.9638087926;2702706.9250511243;3108112.9638087926;2972977.617556237;2837842.2713036807;3108112.9638087926;2837842.2713036807;2702706.9250511243;11002735.681128561;10045976.056682602;10045976.056682602;10524355.868905582;11002735.681128561;9567596.244459618;11002735.681128561;10524355.868905582;10045976.056682602;11002735.681128561;10045976.056682602;9567596.244459618
ASUNTINA;TUMBAS & REPIQUES;516447.92542484106;471539.41017050715;471539.41017050715;493993.66779767413;516447.92542484106;449085.1525433401;516447.92542484106;493993.66779767413;471539.41017050715;516447.92542484106;471539.41017050715;449085.1525433401;115984.2996121055;105898.70834148767;105898.70834148767;110941.5039767966;115984.2996121055;100855.91270617871;115984.2996121055;110941.5039767966;105898.70834148767;115984.2996121055;105898.70834148767;100855.91270617871;248988.56699704585;227337.38725817236;227337.38725817236;238162.9771276091;248988.56699704585;216511.79738873558;248988.56699704585;238162.9771276091;227337.38725817236;248988.56699704585;227337.38725817236;216511.79738873558;881420.7920339925;804775.5057701672;804775.5057701672;843098.1489020798;881420.7920339925;766452.8626382544;881420.7920339925;843098.1489020798;804775.5057701672;881420.7920339925;804775.5057701672;766452.8626382544
PORLAMAR;TUMBAS & REPIQUES;2479536.9143999997;2263925.0088;2263925.0088;2371730.9616000005;2479536.9143999997;2156119.056;2479536.9143999997;2371730.9616000005;2263925.0088;2479536.9143999997;2263925.0088;2156119.056;556856.4384152956;508434.1394226613;508434.1394226613;532645.2889189785;556856.4384152956;484222.989926344;556856.4384152956;532645.2889189785;508434.1394226613;556856.4384152956;508434.1394226613;484222.989926344;1195428.0630033817;1091477.7966552617;1091477.7966552617;1143452.929829322;1195428.0630033817;1039502.6634812015;1195428.0630033817;1143452.929829322;1091477.7966552617;1195428.0630033817;1091477.7966552617;1039502.6634812015;4231821.415818676;3863836.9448779225;3863836.9448779225;4047829.1803483013;4231821.415818676;3679844.709407545;4231821.415818676;4047829.1803483013;3863836.9448779225;4231821.415818676;3863836.9448779225;3679844.709407545
EL MORRO;TUMBAS & REPIQUES;371930.53715999995;339588.75132000004;339588.75132000004;355759.64424000005;371930.53715999995;323417.8584;371930.53715999995;355759.64424000005;339588.75132000004;371930.53715999995;339588.75132000004;323417.8584;83528.46576229433;76265.1209133992;76265.1209133992;79896.79333784679;83528.46576229433;72633.44848895162;83528.46576229433;79896.79333784679;76265.1209133992;83528.46576229433;76265.1209133992;72633.44848895162;179314.20945050727;163721.6694982893;163721.6694982893;171517.9394743983;179314.20945050727;155925.39952218026;179314.20945050727;171517.9394743983;163721.6694982893;179314.20945050727;163721.6694982893;155925.39952218026;634773.2123728016;579575.5417316885;579575.5417316885;607174.3770522451;634773.2123728016;551976.7064111319;634773.2123728016;607174.3770522451;579575.5417316885;634773.2123728016;579575.5417316885;551976.7064111319
LA PERLA;TUMBAS & REPIQUES;371930.53715999995;339588.75132000004;339588.75132000004;355759.64424000005;371930.53715999995;323417.8584;371930.53715999995;355759.64424000005;339588.75132000004;371930.53715999995;339588.75132000004;323417.8584;83528.46576229433;76265.1209133992;76265.1209133992;79896.79333784679;83528.46576229433;72633.44848895162;83528.46576229433;79896.79333784679;76265.1209133992;83528.46576229433;76265.1209133992;72633.44848895162;179314.20945050727;163721.6694982893;163721.6694982893;171517.9394743983;179314.20945050727;155925.39952218026;179314.20945050727;171517.9394743983;163721.6694982893;179314.20945050727;163721.6694982893;155925.39952218026;634773.2123728016;579575.5417316885;579575.5417316885;607174.3770522451;634773.2123728016;551976.7064111319;634773.2123728016;607174.3770522451;579575.5417316885;634773.2123728016;579575.5417316885;551976.7064111319
ARACATACA;TUMBAS & REPIQUES;1735675.84008;1584747.50616;1584747.50616;1660211.6731200002;1735675.84008;1509283.3392;1735675.84008;1660211.6731200002;1584747.50616;1735675.84008;1584747.50616;1509283.3392;389799.50689070695;355903.8975958629;355903.8975958629;372851.70224328496;389799.50689070695;338956.09294844087;389799.50689070695;372851.70224328496;355903.8975958629;389799.50689070695;355903.8975958629;338956.09294844087;836799.6441023675;764034.4576586832;764034.4576586832;800417.0508805254;836799.6441023675;727651.8644368412;836799.6441023675;800417.0508805254;764034.4576586832;836799.6441023675;764034.4576586832;727651.8644368412;2962274.9910730748;2704685.861414546;2704685.861414546;2833480.4262438104;2962274.9910730748;2575891.2965852823;2962274.9910730748;2833480.4262438104;2704685.861414546;2962274.9910730748;2704685.861414546;2575891.2965852823
BOCATOMA;TUMBAS & REPIQUES;2231583.22296;2037532.50792;2037532.50792;2134557.8654400003;2231583.22296;1940507.1504;2231583.22296;2134557.8654400003;2037532.50792;2231583.22296;2037532.50792;1940507.1504;501170.79457376606;457590.72548039514;457590.72548039514;479380.7600270807;501170.79457376606;435800.6909337096;501170.79457376606;479380.7600270807;457590.72548039514;501170.79457376606;457590.72548039514;435800.6909337096;1075885.2567030436;982330.0169897355;982330.0169897355;1029107.6368463899;1075885.2567030436;935552.3971330815;1075885.2567030436;1029107.6368463899;982330.0169897355;1075885.2567030436;982330.0169897355;935552.3971330815;3808639.2742368095;3477453.2503901306;3477453.2503901306;3643046.262313471;3808639.2742368095;3311860.238466791;3808639.2742368095;3643046.262313471;3477453.2503901306;3808639.2742368095;3477453.2503901306;3311860.238466791
JOYA;TUMBAS & REPIQUES;2231583.22296;2037532.50792;2037532.50792;2134557.8654400003;2231583.22296;1940507.1504;2231583.22296;2134557.8654400003;2037532.50792;2231583.22296;2037532.50792;1940507.1504;501170.79457376606;457590.72548039514;457590.72548039514;479380.7600270807;501170.79457376606;435800.6909337096;501170.79457376606;479380.7600270807;457590.72548039514;501170.79457376606;457590.72548039514;435800.6909337096;1075885.2567030436;982330.0169897355;982330.0169897355;1029107.6368463899;1075885.2567030436;935552.3971330815;1075885.2567030436;1029107.6368463899;982330.0169897355;1075885.2567030436;982330.0169897355;935552.3971330815;3808639.2742368095;3477453.2503901306;3477453.2503901306;3643046.262313471;3808639.2742368095;3311860.238466791;3808639.2742368095;3643046.262313471;3477453.2503901306;3808639.2742368095;3477453.2503901306;3311860.238466791
ESMERALDA;TUMBAS & REPIQUES;0.0;0.0;0.0;0.0;0.0;0.0;0.0;0.0;0.0;0.0;0.0;0.0;0.0;0.0;0.0;0.0;0.0;0.0;0.0;0.0;0.0;0.0;0.0;0.0;0.0;0.0;0.0;0.0;0.0;0.0;0.0;0.0;0.0;0.0;0.0;0.0;0.0;0.0;0.0;0.0;0.0;0.0;0.0;0.0;0.0;0.0;0.0;0.0
NARANJOS;TUMBAS & REPIQUES;1239768.4571999998;1131962.5044;1131962.5044;1185865.4808000003;1239768.4571999998;1078059.528;1239768.4571999998;1185865.4808000003;1131962.5044;1239768.4571999998;1131962.5044;1078059.528;278428.2192076478;254217.06971133064;254217.06971133064;266322.64445948927;278428.2192076478;242111.494963172;278428.2192076478;266322.64445948927;254217.06971133064;278428.2192076478;254217.06971133064;242111.494963172;597714.0315016909;545738.8983276308;545738.8983276308;571726.464914661;597714.0315016909;519751.33174060076;597714.0315016909;571726.464914661;545738.8983276308;597714.0315016909;545738.8983276308;519751.33174060076;2115910.707909338;1931918.4724389613;1931918.4724389613;2023914.5901741507;2115910.707909338;1839922.3547037726;2115910.707909338;2023914.5901741507;1931918.4724389613;2115910.707909338;1931918.4724389613;1839922.3547037726
YUNQUE;TUMBAS & REPIQUES;743861.0743199999;679177.5026400001;679177.5026400001;711519.2884800001;743861.0743199999;646835.7168;743861.0743199999;711519.2884800001;679177.5026400001;743861.0743199999;679177.5026400001;646835.7168;167056.93152458867;152530.2418267984;152530.2418267984;159793.58667569357;167056.93152458867;145266.89697790323;167056.93152458867;159793.58667569357;152530.2418267984;167056.93152458867;152530.2418267984;145266.89697790323;358628.41890101455;327443.3389965786;327443.3389965786;343035.8789487966;358628.41890101455;311850.7990443605;358628.41890101455;343035.8789487966;327443.3389965786;358628.41890101455;327443.3389965786;311850.7990443605;1269546.4247456032;1159151.083463377;1159151.083463377;1214348.7541044902;1269546.4247456032;1103953.4128222638;1269546.4247456032;1214348.7541044902;1159151.083463377;1269546.4247456032;1159151.083463377;1103953.4128222638
DONAMA;TUMBAS & REPIQUES;1239768.4571999998;1131962.5044;1131962.5044;1185865.4808000003;1239768.4571999998;1078059.528;1239768.4571999998;1185865.4808000003;1131962.5044;1239768.4571999998;1131962.5044;1078059.528;278428.2192076478;254217.06971133064;254217.06971133064;266322.64445948927;278428.2192076478;242111.494963172;278428.2192076478;266322.64445948927;254217.06971133064;278428.2192076478;254217.06971133064;242111.494963172;597714.0315016909;545738.8983276308;545738.8983276308;571726.464914661;597714.0315016909;519751.33174060076;597714.0315016909;571726.464914661;545738.8983276308;597714.0315016909;545738.8983276308;519751.33174060076;2115910.707909338;1931918.4724389613;1931918.4724389613;2023914.5901741507;2115910.707909338;1839922.3547037726;2115910.707909338;2023914.5901741507;1931918.4724389613;2115910.707909338;1931918.4724389613;1839922.3547037726
BURDEOS;TUMBAS & REPIQUES;0.0;0.0;0.0;0.0;0.0;0.0;0.0;0.0;0.0;0.0;0.0;0.0;0.0;0.0;0.0;0.0;0.0;0.0;0.0;0.0;0.0;0.0;0.0;0.0;0.0;0.0;0.0;0.0;0.0;0.0;0.0;0.0;0.0;0.0;0.0;0.0;0.0;0.0;0.0;0.0;0.0;0.0;0.0;0.0;0.0;0.0;0.0;0.0
DON MARCE SUR 2;TUMBAS & REPIQUES;495907.38287999993;452785.00176;452785.00176;474346.1923200001;495907.38287999993;431223.8112;495907.38287999993;474346.1923200001;452785.00176;495907.38287999993;452785.00176;431223.8112;111371.28768305911;101686.82788453225;101686.82788453225;106529.05778379571;111371.28768305911;96844.59798526882;111371.28768305911;106529.05778379571;101686.82788453225;111371.28768305911;101686.82788453225;96844.59798526882;239085.61260067634;218295.55933105235;218295.55933105235;228690.5859658644;239085.61260067634;207900.53269624032;239085.61260067634;228690.5859658644;218295.55933105235;239085.61260067634;218295.55933105235;207900.53269624032;846364.2831637354;772767.3889755846;772767.3889755846;809565.8360696601;846364.2831637354;735968.9418815091;846364.2831637354;809565.8360696601;772767.3889755846;846364.2831637354;772767.3889755846;735968.9418815091
LAS MARGARITAS;TUMBAS & REPIQUES;991814.7657599999;905570.00352;905570.00352;948692.3846400002;991814.7657599999;862447.6224;991814.7657599999;948692.3846400002;905570.00352;991814.7657599999;905570.00352;862447.6224;222742.57536611822;203373.6557690645;203373.6557690645;213058.11556759142;222742.57536611822;193689.19597053764;222742.57536611822;213058.11556759142;203373.6557690645;222742.57536611822;203373.6557690645;193689.19597053764;478171.2252013527;436591.1186621047;436591.1186621047;457381.1719317288;478171.2252013527;415801.06539248064;478171.2252013527;457381.1719317288;436591.1186621047;478171.2252013527;436591.1186621047;415801.06539248064;1692728.5663274708;1545534.7779511693;1545534.7779511693;1619131.6721393203;1692728.5663274708;1471937.8837630183;1692728.5663274708;1619131.6721393203;1545534.7779511693;1692728.5663274708;1545534.7779511693;1471937.8837630183
LA CECILIA;TUMBAS & REPIQUES;743861.0743199999;679177.5026400001;679177.5026400001;711519.2884800001;743861.0743199999;646835.7168;743861.0743199999;711519.2884800001;679177.5026400001;743861.0743199999;679177.5026400001;646835.7168;167056.93152458867;152530.2418267984;152530.2418267984;159793.58667569357;167056.93152458867;145266.89697790323;167056.93152458867;159793.58667569357;152530.2418267984;167056.93152458867;152530.2418267984;145266.89697790323;358628.41890101455;327443.3389965786;327443.3389965786;343035.8789487966;358628.41890101455;311850.7990443605;358628.41890101455;343035.8789487966;327443.3389965786;358628.41890101455;327443.3389965786;311850.7990443605;1269546.4247456032;1159151.083463377;1159151.083463377;1214348.7541044902;1269546.4247456032;1103953.4128222638;1269546.4247456032;1214348.7541044902;1159151.083463377;1269546.4247456032;1159151.083463377;1103953.4128222638
JOSEFINA;TUMBAS & REPIQUES;743861.0743199999;679177.5026400001;679177.5026400001;711519.2884800001;743861.0743199999;646835.7168;743861.0743199999;711519.2884800001;679177.5026400001;743861.0743199999;679177.5026400001;646835.7168;167056.93152458867;152530.2418267984;152530.2418267984;159793.58667569357;167056.93152458867;145266.89697790323;167056.93152458867;159793.58667569357;152530.2418267984;167056.93152458867;152530.2418267984;145266.89697790323;358628.41890101455;327443.3389965786;327443.3389965786;343035.8789487966;358628.41890101455;311850.7990443605;358628.41890101455;343035.8789487966;327443.3389965786;358628.41890101455;327443.3389965786;311850.7990443605;1269546.4247456032;1159151.083463377;1159151.083463377;1214348.7541044902;1269546.4247456032;1103953.4128222638;1269546.4247456032;1214348.7541044902;1159151.083463377;1269546.4247456032;1159151.083463377;1103953.4128222638
SAN ALFREDO;TUMBAS & REPIQUES;495907.38287999993;452785.00176;452785.00176;474346.1923200001;495907.38287999993;431223.8112;495907.38287999993;474346.1923200001;452785.00176;495907.38287999993;452785.00176;431223.8112;111371.28768305911;101686.82788453225;101686.82788453225;106529.05778379571;111371.28768305911;96844.59798526882;111371.28768305911;106529.05778379571;101686.82788453225;111371.28768305911;101686.82788453225;96844.59798526882;239085.61260067634;218295.55933105235;218295.55933105235;228690.5859658644;239085.61260067634;207900.53269624032;239085.61260067634;228690.5859658644;218295.55933105235;239085.61260067634;218295.55933105235;207900.53269624032;846364.2831637354;772767.3889755846;772767.3889755846;809565.8360696601;846364.2831637354;735968.9418815091;846364.2831637354;809565.8360696601;772767.3889755846;846364.2831637354;772767.3889755846;735968.9418815091
VICTORIA;TUMBAS & REPIQUES;1735675.84008;1584747.50616;1584747.50616;1660211.6731200002;1735675.84008;1509283.3392;1735675.84008;1660211.6731200002;1584747.50616;1735675.84008;1584747.50616;1509283.3392;389799.50689070695;355903.8975958629;355903.8975958629;372851.70224328496;389799.50689070695;338956.09294844087;389799.50689070695;372851.70224328496;355903.8975958629;389799.50689070695;355903.8975958629;338956.09294844087;836799.6441023675;764034.4576586832;764034.4576586832;800417.0508805254;836799.6441023675;727651.8644368412;836799.6441023675;800417.0508805254;764034.4576586832;836799.6441023675;764034.4576586832;727651.8644368412;2962274.9910730748;2704685.861414546;2704685.861414546;2833480.4262438104;2962274.9910730748;2575891.2965852823;2962274.9910730748;2833480.4262438104;2704685.861414546;2962274.9910730748;2704685.861414546;2575891.2965852823
CIRCASIA;TUMBAS & REPIQUES;991814.7657599999;905570.00352;905570.00352;948692.3846400002;991814.7657599999;862447.6224;991814.7657599999;948692.3846400002;905570.00352;991814.7657599999;905570.00352;862447.6224;222742.57536611822;203373.6557690645;203373.6557690645;213058.11556759142;222742.57536611822;193689.19597053764;222742.57536611822;213058.11556759142;203373.6557690645;222742.57536611822;203373.6557690645;193689.19597053764;478171.2252013527;436591.1186621047;436591.1186621047;457381.1719317288;478171.2252013527;415801.06539248064;478171.2252013527;457381.1719317288;436591.1186621047;478171.2252013527;436591.1186621047;415801.06539248064;1692728.5663274708;1545534.7779511693;1545534.7779511693;1619131.6721393203;1692728.5663274708;1471937.8837630183;1692728.5663274708;1619131.6721393203;1545534.7779511693;1692728.5663274708;1545534.7779511693;1471937.8837630183
CIENAGA;TUMBAS & REPIQUES;619884.2285999999;565981.2522;565981.2522;592932.7404000001;619884.2285999999;539029.764;619884.2285999999;592932.7404000001;565981.2522;619884.2285999999;565981.2522;539029.764;139214.1096038239;127108.53485566532;127108.53485566532;133161.32222974463;139214.1096038239;121055.747481586;139214.1096038239;133161.32222974463;127108.53485566532;139214.1096038239;127108.53485566532;121055.747481586;298857.0157508454;272869.4491638154;272869.4491638154;285863.2324573305;298857.0157508454;259875.66587030038;298857.0157508454;285863.2324573305;272869.4491638154;298857.0157508454;272869.4491638154;259875.66587030038;1057955.353954669;965959.2362194806;965959.2362194806;1011957.2950870753;1057955.353954669;919961.1773518863;1057955.353954669;1011957.2950870753;965959.2362194806;1057955.353954669;965959.2362194806;919961.1773518863
MARIA;TUMBAS & REPIQUES;619884.2285999999;565981.2522;565981.2522;592932.7404000001;619884.2285999999;539029.764;619884.2285999999;592932.7404000001;565981.2522;619884.2285999999;565981.2522;539029.764;139214.1096038239;127108.53485566532;127108.53485566532;133161.32222974463;139214.1096038239;121055.747481586;139214.1096038239;133161.32222974463;127108.53485566532;139214.1096038239;127108.53485566532;121055.747481586;298857.0157508454;272869.4491638154;272869.4491638154;285863.2324573305;298857.0157508454;259875.66587030038;298857.0157508454;285863.2324573305;272869.4491638154;298857.0157508454;272869.4491638154;259875.66587030038;1057955.353954669;965959.2362194806;965959.2362194806;1011957.2950870753;1057955.353954669;919961.1773518863;1057955.353954669;1011957.2950870753;965959.2362194806;1057955.353954669;965959.2362194806;919961.1773518863
REMANSO;TUMBAS & REPIQUES;2727490.60584;2490317.50968;2490317.50968;2608904.05776;2727490.60584;2371730.9616;2727490.60584;2608904.05776;2490317.50968;2727490.60584;2490317.50968;2371730.9616;612542.0822568252;559277.5533649274;559277.5533649274;585909.8178108764;612542.0822568252;532645.2889189784;612542.0822568252;585909.8178108764;559277.5533649274;612542.0822568252;559277.5533649274;532645.2889189784;1314970.86930372;1200625.576320788;1200625.576320788;1257798.222812254;1314970.86930372;1143452.9298293218;1314970.86930372;1257798.222812254;1200625.576320788;1314970.86930372;1200625.576320788;1143452.9298293218;4655003.557400545;4250220.639365716;4250220.639365716;4452612.0983831305;4655003.557400545;4047829.1803483004;4655003.557400545;4452612.0983831305;4250220.639365716;4655003.557400545;4250220.639365716;4047829.1803483004
PIEDECUESTA;TUMBAS & REPIQUES;1735675.84008;1584747.50616;1584747.50616;1660211.6731200002;1735675.84008;1509283.3392;1735675.84008;1660211.6731200002;1584747.50616;1735675.84008;1584747.50616;1509283.3392;389799.50689070695;355903.8975958629;355903.8975958629;372851.70224328496;389799.50689070695;338956.09294844087;389799.50689070695;372851.70224328496;355903.8975958629;389799.50689070695;355903.8975958629;338956.09294844087;836799.6441023675;764034.4576586832;764034.4576586832;800417.0508805254;836799.6441023675;727651.8644368412;836799.6441023675;800417.0508805254;764034.4576586832;836799.6441023675;764034.4576586832;727651.8644368412;2962274.9910730748;2704685.861414546;2704685.861414546;2833480.4262438104;2962274.9910730748;2575891.2965852823;2962274.9910730748;2833480.4262438104;2704685.861414546;2962274.9910730748;2704685.861414546;2575891.2965852823
NAUTICA;TUMBAS & REPIQUES;3719305.3716;3395887.5132;3395887.5132;3557596.4424;3719305.3716;3234178.5840000003;3719305.3716;3557596.4424;3395887.5132;3719305.3716;3395887.5132;3234178.5840000003;835284.6576229435;762651.2091339919;762651.2091339919;798967.9333784677;835284.6576229435;726334.4848895161;835284.6576229435;798967.9333784677;762651.2091339919;835284.6576229435;762651.2091339919;726334.4848895161;1793142.094505073;1637216.6949828926;1637216.6949828926;1715179.3947439827;1793142.094505073;1559253.9952218025;1793142.094505073;1715179.3947439827;1637216.6949828926;1793142.094505073;1637216.6949828926;1559253.9952218025;6347732.123728016;5795755.417316885;5795755.417316885;6071743.77052245;6347732.123728016;5519767.064111318;6347732.123728016;6071743.77052245;5795755.417316885;6347732.123728016;5795755.417316885;5519767.064111318
LAS LINAS;TUMBAS & REPIQUES;2727490.60584;2490317.50968;2490317.50968;2608904.05776;2727490.60584;2371730.9616;2727490.60584;2608904.05776;2490317.50968;2727490.60584;2490317.50968;2371730.9616;612542.0822568252;559277.5533649274;559277.5533649274;585909.8178108764;612542.0822568252;532645.2889189784;612542.0822568252;585909.8178108764;559277.5533649274;612542.0822568252;559277.5533649274;532645.2889189784;1314970.86930372;1200625.576320788;1200625.576320788;1257798.222812254;1314970.86930372;1143452.9298293218;1314970.86930372;1257798.222812254;1200625.576320788;1314970.86930372;1200625.576320788;1143452.9298293218;4655003.557400545;4250220.639365716;4250220.639365716;4452612.0983831305;4655003.557400545;4047829.1803483004;4655003.557400545;4452612.0983831305;4250220.639365716;4655003.557400545;4250220.639365716;4047829.1803483004
DON ALI;TUMBAS & REPIQUES;1735675.84008;1584747.50616;1584747.50616;1660211.6731200002;1735675.84008;1509283.3392;1735675.84008;1660211.6731200002;1584747.50616;1735675.84008;1584747.50616;1509283.3392;389799.50689070695;355903.8975958629;355903.8975958629;372851.70224328496;389799.50689070695;338956.09294844087;389799.50689070695;372851.70224328496;355903.8975958629;389799.50689070695;355903.8975958629;338956.09294844087;836799.6441023675;764034.4576586832;764034.4576586832;800417.0508805254;836799.6441023675;727651.8644368412;836799.6441023675;800417.0508805254;764034.4576586832;836799.6441023675;764034.4576586832;727651.8644368412;2962274.9910730748;2704685.861414546;2704685.861414546;2833480.4262438104;2962274.9910730748;2575891.2965852823;2962274.9910730748;2833480.4262438104;2704685.861414546;2962274.9910730748;2704685.861414546;2575891.2965852823
DR4 DON ALI;TUMBAS & REPIQUES;247953.69143999997;226392.50088;226392.50088;237173.09616000004;247953.69143999997;215611.9056;247953.69143999997;237173.09616000004;226392.50088;247953.69143999997;226392.50088;215611.9056;55685.643841529556;50843.413942266125;50843.413942266125;53264.528891897855;55685.643841529556;48422.29899263441;55685.643841529556;53264.528891897855;50843.413942266125;55685.643841529556;50843.413942266125;48422.29899263441;119542.80630033817;109147.77966552618;109147.77966552618;114345.2929829322;119542.80630033817;103950.26634812016;119542.80630033817;114345.2929829322;109147.77966552618;119542.80630033817;109147.77966552618;103950.26634812016;423182.1415818677;386383.6944877923;386383.6944877923;404782.9180348301;423182.1415818677;367984.4709407546;423182.1415818677;404782.9180348301;386383.6944877923;423182.1415818677;386383.6944877923;367984.4709407546
DON CARLOS;TUMBAS & REPIQUES;743861.0743199999;679177.5026400001;679177.5026400001;711519.2884800001;743861.0743199999;646835.7168;743861.0743199999;711519.2884800001;679177.5026400001;743861.0743199999;679177.5026400001;646835.7168;167056.93152458867;152530.2418267984;152530.2418267984;159793.58667569357;167056.93152458867;145266.89697790323;167056.93152458867;159793.58667569357;152530.2418267984;167056.93152458867;152530.2418267984;145266.89697790323;358628.41890101455;327443.3389965786;327443.3389965786;343035.8789487966;358628.41890101455;311850.7990443605;358628.41890101455;343035.8789487966;327443.3389965786;358628.41890101455;327443.3389965786;311850.7990443605;1269546.4247456032;1159151.083463377;1159151.083463377;1214348.7541044902;1269546.4247456032;1103953.4128222638;1269546.4247456032;1214348.7541044902;1159151.083463377;1269546.4247456032;1159151.083463377;1103953.4128222638
EVA NORTE;TUMBAS & REPIQUES;4959073.828799999;4527850.0176;4527850.0176;4743461.923200001;4959073.828799999;4312238.112;4959073.828799999;4743461.923200001;4527850.0176;4959073.828799999;4527850.0176;4312238.112;1113712.8768305911;1016868.2788453226;1016868.2788453226;1065290.577837957;1113712.8768305911;968445.979852688;1113712.8768305911;1065290.577837957;1016868.2788453226;1113712.8768305911;1016868.2788453226;968445.979852688;2390856.1260067634;2182955.5933105233;2182955.5933105233;2286905.859658644;2390856.1260067634;2079005.326962403;2390856.1260067634;2286905.859658644;2182955.5933105233;2390856.1260067634;2182955.5933105233;2079005.326962403;8463642.831637353;7727673.889755845;7727673.889755845;8095658.360696603;8463642.831637353;7359689.41881509;8463642.831637353;8095658.360696603;7727673.889755845;8463642.831637353;7727673.889755845;7359689.41881509
DON PEDRO;TUMBAS & REPIQUES;1983629.5315199997;1811140.00704;1811140.00704;1897384.7692800004;1983629.5315199997;1724895.2448;1983629.5315199997;1897384.7692800004;1811140.00704;1983629.5315199997;1811140.00704;1724895.2448;445485.15073223645;406747.311538129;406747.311538129;426116.23113518284;445485.15073223645;387378.3919410753;445485.15073223645;426116.23113518284;406747.311538129;445485.15073223645;406747.311538129;387378.3919410753;956342.4504027053;873182.2373242094;873182.2373242094;914762.3438634576;956342.4504027053;831602.1307849613;956342.4504027053;914762.3438634576;873182.2373242094;956342.4504027053;873182.2373242094;831602.1307849613;3385457.1326549416;3091069.5559023386;3091069.5559023386;3238263.3442786406;3385457.1326549416;2943875.7675260366;3385457.1326549416;3238263.3442786406;3091069.5559023386;3385457.1326549416;3091069.5559023386;2943875.7675260366
LA VELA;TUMBAS & REPIQUES;1487722.1486399998;1358355.0052800002;1358355.0052800002;1423038.5769600002;1487722.1486399998;1293671.4336;1487722.1486399998;1423038.5769600002;1358355.0052800002;1487722.1486399998;1358355.0052800002;1293671.4336;334113.86304917734;305060.4836535968;305060.4836535968;319587.17335138714;334113.86304917734;290533.79395580647;334113.86304917734;319587.17335138714;305060.4836535968;334113.86304917734;305060.4836535968;290533.79395580647;717256.8378020291;654886.6779931572;654886.6779931572;686071.7578975932;717256.8378020291;623701.598088721;717256.8378020291;686071.7578975932;654886.6779931572;717256.8378020291;654886.6779931572;623701.598088721;2539092.8494912065;2318302.166926754;2318302.166926754;2428697.5082089803;2539092.8494912065;2207906.8256445276;2539092.8494912065;2428697.5082089803;2318302.166926754;2539092.8494912065;2318302.166926754;2207906.8256445276
ESPERANZA;TUMBAS & REPIQUES;1239768.4571999998;1131962.5044;1131962.5044;1185865.4808000003;1239768.4571999998;1078059.528;1239768.4571999998;1185865.4808000003;1131962.5044;1239768.4571999998;1131962.5044;1078059.528;278428.2192076478;254217.06971133064;254217.06971133064;266322.64445948927;278428.2192076478;242111.494963172;278428.2192076478;266322.64445948927;254217.06971133064;278428.2192076478;254217.06971133064;242111.494963172;597714.0315016909;545738.8983276308;545738.8983276308;571726.464914661;597714.0315016909;519751.33174060076;597714.0315016909;571726.464914661;545738.8983276308;597714.0315016909;545738.8983276308;519751.33174060076;2115910.707909338;1931918.4724389613;1931918.4724389613;2023914.5901741507;2115910.707909338;1839922.3547037726;2115910.707909338;2023914.5901741507;1931918.4724389613;2115910.707909338;1931918.4724389613;1839922.3547037726
LINA MARGARITA;TUMBAS & REPIQUES;991814.7657599999;905570.00352;905570.00352;948692.3846400002;991814.7657599999;862447.6224;991814.7657599999;948692.3846400002;905570.00352;991814.7657599999;905570.00352;862447.6224;222742.57536611822;203373.6557690645;203373.6557690645;213058.11556759142;222742.57536611822;193689.19597053764;222742.57536611822;213058.11556759142;203373.6557690645;222742.57536611822;203373.6557690645;193689.19597053764;478171.2252013527;436591.1186621047;436591.1186621047;457381.1719317288;478171.2252013527;415801.06539248064;478171.2252013527;457381.1719317288;436591.1186621047;478171.2252013527;436591.1186621047;415801.06539248064;1692728.5663274708;1545534.7779511693;1545534.7779511693;1619131.6721393203;1692728.5663274708;1471937.8837630183;1692728.5663274708;1619131.6721393203;1545534.7779511693;1692728.5663274708;1545534.7779511693;1471937.8837630183
DON MARCE;TUMBAS & REPIQUES;1735675.84008;1584747.50616;1584747.50616;1660211.6731200002;1735675.84008;1509283.3392;1735675.84008;1660211.6731200002;1584747.50616;1735675.84008;1584747.50616;1509283.3392;389799.50689070695;355903.8975958629;355903.8975958629;372851.70224328496;389799.50689070695;338956.09294844087;389799.50689070695;372851.70224328496;355903.8975958629;389799.50689070695;355903.8975958629;338956.09294844087;836799.6441023675;764034.4576586832;764034.4576586832;800417.0508805254;836799.6441023675;727651.8644368412;836799.6441023675;800417.0508805254;764034.4576586832;836799.6441023675;764034.4576586832;727651.8644368412;2962274.9910730748;2704685.861414546;2704685.861414546;2833480.4262438104;2962274.9910730748;2575891.2965852823;2962274.9910730748;2833480.4262438104;2704685.861414546;2962274.9910730748;2704685.861414546;2575891.2965852823
ENANO;RIEGO;6373360.95582912;5819155.65532224;5819155.65532224;6096258.305575681;6373360.95582912;5542053.0050688;6373360.95582912;6096258.305575681;5819155.65532224;6373360.95582912;5819155.65532224;5542053.0050688;1431334.6423628097;1306870.7604182174;1306870.7604182174;1369102.7013905137;1431334.6423628097;1244638.8194459213;1431334.6423628097;1369102.7013905137;1306870.7604182174;1431334.6423628097;1306870.7604182174;1244638.8194459213;3072708.6570081627;2805516.5998770185;2805516.5998770185;2939112.628442591;3072708.6570081627;2671920.571311446;3072708.6570081627;2939112.628442591;2805516.5998770185;3072708.6570081627;2805516.5998770185;2671920.571311446;10877404.255200092;9931543.015617475;9931543.015617475;10404473.635408785;10877404.255200092;9458612.395826168;10877404.255200092;10404473.635408785;9931543.015617475;10877404.255200092;9931543.015617475;9458612.395826168
EVA;RIEGO;4780020.716871839;4364366.74149168;4364366.74149168;4572193.72918176;4780020.716871839;4156539.7538015996;4780020.716871839;4572193.72918176;4364366.74149168;4780020.716871839;4364366.74149168;4156539.7538015996;1073500.9817721068;980153.0703136631;980153.0703136631;1026827.0260428851;1073500.9817721068;933479.1145844408;1073500.9817721068;1026827.0260428851;980153.0703136631;1073500.9817721068;980153.0703136631;933479.1145844408;2304531.4927561213;2104137.4499077634;2104137.4499077634;2204334.471331943;2304531.4927561213;2003940.428483584;2304531.4927561213;2204334.471331943;2104137.4499077634;2304531.4927561213;2104137.4499077634;2003940.428483584;8158053.191400068;7448657.261713106;7448657.261713106;7803355.226556588;8158053.191400068;7093959.296869624;8158053.191400068;7803355.226556588;7448657.261713106;8158053.191400068;7448657.261713106;7093959.296869624
SAMI;RIEGO;6373360.95582912;5819155.65532224;5819155.65532224;6096258.305575681;6373360.95582912;5542053.0050688;6373360.95582912;6096258.305575681;5819155.65532224;6373360.95582912;5819155.65532224;5542053.0050688;1431334.6423628097;1306870.7604182174;1306870.7604182174;1369102.7013905137;1431334.6423628097;1244638.8194459213;1431334.6423628097;1369102.7013905137;1306870.7604182174;1431334.6423628097;1306870.7604182174;1244638.8194459213;3072708.6570081627;2805516.5998770185;2805516.5998770185;2939112.628442591;3072708.6570081627;2671920.571311446;3072708.6570081627;2939112.628442591;2805516.5998770185;3072708.6570081627;2805516.5998770185;2671920.571311446;10877404.255200092;9931543.015617475;9931543.015617475;10404473.635408785;10877404.255200092;9458612.395826168;10877404.255200092;10404473.635408785;9931543.015617475;10877404.255200092;9931543.015617475;9458612.395826168
VEGA;RIEGO;1593340.23895728;1454788.91383056;1454788.91383056;1524064.5763939202;1593340.23895728;1385513.2512672;1593340.23895728;1524064.5763939202;1454788.91383056;1593340.23895728;1454788.91383056;1385513.2512672;357833.66059070244;326717.69010455435;326717.69010455435;342275.6753476284;357833.66059070244;311159.70486148034;357833.66059070244;342275.6753476284;326717.69010455435;357833.66059070244;326717.69010455435;311159.70486148034;768177.1642520407;701379.1499692546;701379.1499692546;734778.1571106478;768177.1642520407;667980.1428278615;768177.1642520407;734778.1571106478;701379.1499692546;768177.1642520407;701379.1499692546;667980.1428278615;2719351.063800023;2482885.7539043687;2482885.7539043687;2601118.4088521963;2719351.063800023;2364653.098956542;2719351.063800023;2601118.4088521963;2482885.7539043687;2719351.063800023;2482885.7539043687;2364653.098956542
FEDERICA;RIEGO;6373360.95582912;5819155.65532224;5819155.65532224;6096258.305575681;6373360.95582912;5542053.0050688;6373360.95582912;6096258.305575681;5819155.65532224;6373360.95582912;5819155.65532224;5542053.0050688;1431334.6423628097;1306870.7604182174;1306870.7604182174;1369102.7013905137;1431334.6423628097;1244638.8194459213;1431334.6423628097;1369102.7013905137;1306870.7604182174;1431334.6423628097;1306870.7604182174;1244638.8194459213;3072708.6570081627;2805516.5998770185;2805516.5998770185;2939112.628442591;3072708.6570081627;2671920.571311446;3072708.6570081627;2939112.628442591;2805516.5998770185;3072708.6570081627;2805516.5998770185;2671920.571311446;10877404.255200092;9931543.015617475;9931543.015617475;10404473.635408785;10877404.255200092;9458612.395826168;10877404.255200092;10404473.635408785;9931543.015617475;10877404.255200092;9931543.015617475;9458612.395826168
NEERLANDIA;RIEGO;7369198.60517742;6728398.72646634;6728398.72646634;7048798.665821881;7369198.60517742;6407998.7871108;7369198.60517742;7048798.665821881;6728398.72646634;7369198.60517742;6728398.72646634;6407998.7871108;1654980.6802319987;1511069.3167335638;1511069.3167335638;1583024.9984827815;1654980.6802319987;1439113.6349843466;1654980.6802319987;1583024.9984827815;1511069.3167335638;1654980.6802319987;1511069.3167335638;1439113.6349843466;3552819.384665688;3243878.5686078025;3243878.5686078025;3398348.9766367455;3552819.384665688;3089408.160578859;3552819.384665688;3398348.9766367455;3243878.5686078025;3552819.384665688;3243878.5686078025;3089408.160578859;12576998.670075107;11483346.611807708;11483346.611807708;12030172.640941408;12576998.670075107;10936520.582674004;12576998.670075107;12030172.640941408;11483346.611807708;12576998.670075107;11483346.611807708;10936520.582674004
SAN ANTONIO;RIEGO;5775858.366220139;5273609.812635779;5273609.812635779;5524734.08942796;5775858.366220139;5022485.5358436;5775858.366220139;5524734.08942796;5273609.812635779;5775858.366220139;5273609.812635779;5022485.5358436;1297147.0196412958;1184351.6266290096;1184351.6266290096;1240749.323135153;1297147.0196412958;1127953.930122866;1297147.0196412958;1240749.323135153;1184351.6266290096;1297147.0196412958;1184351.6266290096;1127953.930122866;2784642.2204136467;2542499.4186385474;2542499.4186385474;2663570.8195260977;2784642.2204136467;2421428.017750997;2784642.2204136467;2663570.8195260977;2542499.4186385474;2784642.2204136467;2542499.4186385474;2421428.017750997;9857647.606275082;9000460.857903337;9000460.857903337;9429054.23208921;9857647.606275082;8571867.483717464;9857647.606275082;9429054.23208921;9000460.857903337;9857647.606275082;9000460.857903337;8571867.483717464
MRS;RIEGO;2390010.3584359195;2182183.37074584;2182183.37074584;2286096.86459088;2390010.3584359195;2078269.8769007998;2390010.3584359195;2286096.86459088;2182183.37074584;2390010.3584359195;2182183.37074584;2078269.8769007998;536750.4908860534;490076.53515683155;490076.53515683155;513413.5130214426;536750.4908860534;466739.5572922204;536750.4908860534;513413.5130214426;490076.53515683155;536750.4908860534;490076.53515683155;466739.5572922204;1152265.7463780607;1052068.7249538817;1052068.7249538817;1102167.2356659714;1152265.7463780607;1001970.214241792;1152265.7463780607;1102167.2356659714;1052068.7249538817;1152265.7463780607;1052068.7249538817;1001970.214241792;4079026.595700034;3724328.630856553;3724328.630856553;3901677.613278294;4079026.595700034;3546979.648434812;4079026.595700034;3901677.613278294;3724328.630856553;4079026.595700034;3724328.630856553;3546979.648434812
DON FUAD;RIEGO;6373360.95582912;5819155.65532224;5819155.65532224;6096258.305575681;6373360.95582912;5542053.0050688;6373360.95582912;6096258.305575681;5819155.65532224;6373360.95582912;5819155.65532224;5542053.0050688;1431334.6423628097;1306870.7604182174;1306870.7604182174;1369102.7013905137;1431334.6423628097;1244638.8194459213;1431334.6423628097;1369102.7013905137;1306870.7604182174;1431334.6423628097;1306870.7604182174;1244638.8194459213;3072708.6570081627;2805516.5998770185;2805516.5998770185;2939112.628442591;3072708.6570081627;2671920.571311446;3072708.6570081627;2939112.628442591;2805516.5998770185;3072708.6570081627;2805516.5998770185;2671920.571311446;10877404.255200092;9931543.015617475;9931543.015617475;10404473.635408785;10877404.255200092;9458612.395826168;10877404.255200092;10404473.635408785;9931543.015617475;10877404.255200092;9931543.015617475;9458612.395826168
EUFEMIA;RIEGO;9560041.433743678;8728733.48298336;8728733.48298336;9144387.45836352;9560041.433743678;8313079.5076032;9560041.433743678;9144387.45836352;8728733.48298336;9560041.433743678;8728733.48298336;8313079.5076032;2147001.963544214;1960306.1406273262;1960306.1406273262;2053654.0520857703;2147001.963544214;1866958.229168882;2147001.963544214;2053654.0520857703;1960306.1406273262;2147001.963544214;1960306.1406273262;1866958.229168882;4609062.985512244;4208274.899815528;4208274.899815528;4408668.942663887;4609062.985512244;4007880.8569671684;4609062.985512244;4408668.942663887;4208274.899815528;4609062.985512244;4208274.899815528;4007880.8569671684;16316106.382800136;14897314.523426214;14897314.523426214;15606710.453113176;16316106.382800136;14187918.59373925;16316106.382800136;15606710.453113176;14897314.523426214;16316106.382800136;14897314.523426214;14187918.59373925
OLGA;RIEGO;1593340.23895728;1454788.91383056;1454788.91383056;1524064.5763939202;1593340.23895728;1385513.2512672;1593340.23895728;1524064.5763939202;1454788.91383056;1593340.23895728;1454788.91383056;1385513.2512672;357833.66059070244;326717.69010455435;326717.69010455435;342275.6753476284;357833.66059070244;311159.70486148034;357833.66059070244;342275.6753476284;326717.69010455435;357833.66059070244;326717.69010455435;311159.70486148034;768177.1642520407;701379.1499692546;701379.1499692546;734778.1571106478;768177.1642520407;667980.1428278615;768177.1642520407;734778.1571106478;701379.1499692546;768177.1642520407;701379.1499692546;667980.1428278615;2719351.063800023;2482885.7539043687;2482885.7539043687;2601118.4088521963;2719351.063800023;2364653.098956542;2719351.063800023;2601118.4088521963;2482885.7539043687;2719351.063800023;2482885.7539043687;2364653.098956542
DON SAID;RIEGO;17526742.628530078;16002678.05213616;16002678.05213616;16764710.340333119;17526742.628530078;15240645.763939198;17526742.628530078;16764710.340333119;16002678.05213616;17526742.628530078;16002678.05213616;15240645.763939198;3936170.2664977256;3593894.5911500985;3593894.5911500985;3765032.428823912;3936170.2664977256;3422756.7534762835;3936170.2664977256;3765032.428823912;3593894.5911500985;3936170.2664977256;3593894.5911500985;3422756.7534762835;8449948.806772446;7715170.649661801;7715170.649661801;8082559.728217123;8449948.806772446;7347781.571106476;8449948.806772446;8082559.728217123;7715170.649661801;8449948.806772446;7715170.649661801;7347781.571106476;29912861.70180025;27311743.29294806;27311743.29294806;28612302.497374155;29912861.70180025;26011184.088521957;29912861.70180025;28612302.497374155;27311743.29294806;29912861.70180025;27311743.29294806;26011184.088521957
ASUNTINA;RIEGO;993346.4981113342;906968.5417538269;906968.5417538269;950157.5199325806;993346.4981113342;863779.5635750733;993346.4981113342;950157.5199325806;906968.5417538269;993346.4981113342;906968.5417538269;863779.5635750733;223086.57307666488;203687.74063521577;203687.74063521577;213387.15685594038;223086.57307666488;193988.32441449122;223086.57307666488;213387.15685594038;203687.74063521577;223086.57307666488;203687.74063521577;193988.32441449122;478909.7001267152;437265.3783765661;437265.3783765661;458087.5392516408;478909.7001267152;416443.21750149154;478909.7001267152;458087.5392516408;437265.3783765661;478909.7001267152;437265.3783765661;416443.21750149154;1695342.7713147143;1547921.6607656088;1547921.6607656088;1621632.216040162;1695342.7713147143;1474211.105491056;1695342.7713147143;1621632.216040162;1547921.6607656088;1695342.7713147143;1547921.6607656088;1474211.105491056
PORLAMAR;RIEGO;12746721.91165824;11638311.31064448;11638311.31064448;12192516.611151362;12746721.91165824;11084106.0101376;12746721.91165824;12192516.611151362;11638311.31064448;12746721.91165824;11638311.31064448;11084106.0101376;2862669.2847256195;2613741.520836435;2613741.520836435;2738205.4027810274;2862669.2847256195;2489277.6388918427;2862669.2847256195;2738205.4027810274;2613741.520836435;2862669.2847256195;2613741.520836435;2489277.6388918427;6145417.314016325;5611033.199754037;5611033.199754037;5878225.256885182;6145417.314016325;5343841.142622892;6145417.314016325;5878225.256885182;5611033.199754037;6145417.314016325;5611033.199754037;5343841.142622892;21754808.510400183;19863086.03123495;19863086.03123495;20808947.27081757;21754808.510400183;18917224.791652337;21754808.510400183;20808947.27081757;19863086.03123495;21754808.510400183;19863086.03123495;18917224.791652337
EL MORRO;RIEGO;1593340.23895728;1454788.91383056;1454788.91383056;1524064.5763939202;1593340.23895728;1385513.2512672;1593340.23895728;1524064.5763939202;1454788.91383056;1593340.23895728;1454788.91383056;1385513.2512672;357833.66059070244;326717.69010455435;326717.69010455435;342275.6753476284;357833.66059070244;311159.70486148034;357833.66059070244;342275.6753476284;326717.69010455435;357833.66059070244;326717.69010455435;311159.70486148034;768177.1642520407;701379.1499692546;701379.1499692546;734778.1571106478;768177.1642520407;667980.1428278615;768177.1642520407;734778.1571106478;701379.1499692546;768177.1642520407;701379.1499692546;667980.1428278615;2719351.063800023;2482885.7539043687;2482885.7539043687;2601118.4088521963;2719351.063800023;2364653.098956542;2719351.063800023;2601118.4088521963;2482885.7539043687;2719351.063800023;2482885.7539043687;2364653.098956542
LA PERLA;RIEGO;1593340.23895728;1454788.91383056;1454788.91383056;1524064.5763939202;1593340.23895728;1385513.2512672;1593340.23895728;1524064.5763939202;1454788.91383056;1593340.23895728;1454788.91383056;1385513.2512672;357833.66059070244;326717.69010455435;326717.69010455435;342275.6753476284;357833.66059070244;311159.70486148034;357833.66059070244;342275.6753476284;326717.69010455435;357833.66059070244;326717.69010455435;311159.70486148034;768177.1642520407;701379.1499692546;701379.1499692546;734778.1571106478;768177.1642520407;667980.1428278615;768177.1642520407;734778.1571106478;701379.1499692546;768177.1642520407;701379.1499692546;667980.1428278615;2719351.063800023;2482885.7539043687;2482885.7539043687;2601118.4088521963;2719351.063800023;2364653.098956542;2719351.063800023;2601118.4088521963;2482885.7539043687;2719351.063800023;2482885.7539043687;2364653.098956542
ARACATACA;RIEGO;7966701.194786399;7273944.5691528;7273944.5691528;7620322.881969601;7966701.194786399;6927566.256336;7966701.194786399;7620322.881969601;7273944.5691528;7966701.194786399;7273944.5691528;6927566.256336;1789168.3029535115;1633588.450522772;1633588.450522772;1711378.376738142;1789168.3029535115;1555798.5243074016;1789168.3029535115;1711378.376738142;1633588.450522772;1789168.3029535115;1633588.450522772;1555798.5243074016;3840885.8212602027;3506895.749846273;3506895.749846273;3673890.7855532384;3840885.8212602027;3339900.714139307;3840885.8212602027;3673890.7855532384;3506895.749846273;3840885.8212602027;3506895.749846273;3339900.714139307;13596755.319000114;12414428.769521844;12414428.769521844;13005592.044260982;13596755.319000114;11823265.494782709;13596755.319000114;13005592.044260982;12414428.769521844;13596755.319000114;12414428.769521844;11823265.494782709
BOCATOMA;RIEGO;4780020.716871839;4364366.74149168;4364366.74149168;4572193.72918176;4780020.716871839;4156539.7538015996;4780020.716871839;4572193.72918176;4364366.74149168;4780020.716871839;4364366.74149168;4156539.7538015996;1073500.9817721068;980153.0703136631;980153.0703136631;1026827.0260428851;1073500.9817721068;933479.1145844408;1073500.9817721068;1026827.0260428851;980153.0703136631;1073500.9817721068;980153.0703136631;933479.1145844408;2304531.4927561213;2104137.4499077634;2104137.4499077634;2204334.471331943;2304531.4927561213;2003940.428483584;2304531.4927561213;2204334.471331943;2104137.4499077634;2304531.4927561213;2104137.4499077634;2003940.428483584;8158053.191400068;7448657.261713106;7448657.261713106;7803355.226556588;8158053.191400068;7093959.296869624;8158053.191400068;7803355.226556588;7448657.261713106;8158053.191400068;7448657.261713106;7093959.296869624
JOYA;RIEGO;9560041.433743678;8728733.48298336;8728733.48298336;9144387.45836352;9560041.433743678;8313079.507603199;9560041.433743678;9144387.45836352;8728733.48298336;9560041.433743678;8728733.48298336;8313079.507603199;2147001.9635442137;1960306.1406273262;1960306.1406273262;2053654.0520857703;2147001.9635442137;1866958.2291688817;2147001.9635442137;2053654.0520857703;1960306.1406273262;2147001.9635442137;1960306.1406273262;1866958.2291688817;4609062.985512243;4208274.899815527;4208274.899815527;4408668.942663886;4609062.985512243;4007880.856967168;4609062.985512243;4408668.942663886;4208274.899815527;4609062.985512243;4208274.899815527;4007880.856967168;16316106.382800136;14897314.523426212;14897314.523426212;15606710.453113176;16316106.382800136;14187918.593739249;16316106.382800136;15606710.453113176;14897314.523426212;16316106.382800136;14897314.523426212;14187918.593739249
ESMERALDA;RIEGO;0.0;0.0;0.0;0.0;0.0;0.0;0.0;0.0;0.0;0.0;0.0;0.0;0.0;0.0;0.0;0.0;0.0;0.0;0.0;0.0;0.0;0.0;0.0;0.0;0.0;0.0;0.0;0.0;0.0;0.0;0.0;0.0;0.0;0.0;0.0;0.0;0.0;0.0;0.0;0.0;0.0;0.0;0.0;0.0;0.0;0.0;0.0;0.0
NARANJOS;RIEGO;4780020.716871839;4364366.74149168;4364366.74149168;4572193.72918176;4780020.716871839;4156539.7538015996;4780020.716871839;4572193.72918176;4364366.74149168;4780020.716871839;4364366.74149168;4156539.7538015996;1073500.9817721068;980153.0703136631;980153.0703136631;1026827.0260428851;1073500.9817721068;933479.1145844408;1073500.9817721068;1026827.0260428851;980153.0703136631;1073500.9817721068;980153.0703136631;933479.1145844408;2304531.4927561213;2104137.4499077634;2104137.4499077634;2204334.471331943;2304531.4927561213;2003940.428483584;2304531.4927561213;2204334.471331943;2104137.4499077634;2304531.4927561213;2104137.4499077634;2003940.428483584;8158053.191400068;7448657.261713106;7448657.261713106;7803355.226556588;8158053.191400068;7093959.296869624;8158053.191400068;7803355.226556588;7448657.261713106;8158053.191400068;7448657.261713106;7093959.296869624
YUNQUE;RIEGO;3186680.47791456;2909577.82766112;2909577.82766112;3048129.1527878405;3186680.47791456;2771026.5025344;3186680.47791456;3048129.1527878405;2909577.82766112;3186680.47791456;2909577.82766112;2771026.5025344;715667.3211814049;653435.3802091087;653435.3802091087;684551.3506952568;715667.3211814049;622319.4097229607;715667.3211814049;684551.3506952568;653435.3802091087;715667.3211814049;653435.3802091087;622319.4097229607;1536354.3285040813;1402758.2999385092;1402758.2999385092;1469556.3142212955;1536354.3285040813;1335960.285655723;1536354.3285040813;1469556.3142212955;1402758.2999385092;1536354.3285040813;1402758.2999385092;1335960.285655723;5438702.127600046;4965771.507808737;4965771.507808737;5202236.817704393;5438702.127600046;4729306.197913084;5438702.127600046;5202236.817704393;4965771.507808737;5438702.127600046;4965771.507808737;4729306.197913084
DONAMA;RIEGO;4780020.716871839;4364366.74149168;4364366.74149168;4572193.72918176;4780020.716871839;4156539.7538015996;4780020.716871839;4572193.72918176;4364366.74149168;4780020.716871839;4364366.74149168;4156539.7538015996;1073500.9817721068;980153.0703136631;980153.0703136631;1026827.0260428851;1073500.9817721068;933479.1145844408;1073500.9817721068;1026827.0260428851;980153.0703136631;1073500.9817721068;980153.0703136631;933479.1145844408;2304531.4927561213;2104137.4499077634;2104137.4499077634;2204334.471331943;2304531.4927561213;2003940.428483584;2304531.4927561213;2204334.471331943;2104137.4499077634;2304531.4927561213;2104137.4499077634;2003940.428483584;8158053.191400068;7448657.261713106;7448657.261713106;7803355.226556588;8158053.191400068;7093959.296869624;8158053.191400068;7803355.226556588;7448657.261713106;8158053.191400068;7448657.261713106;7093959.296869624
BURDEOS;RIEGO;0.0;0.0;0.0;0.0;0.0;0.0;0.0;0.0;0.0;0.0;0.0;0.0;0.0;0.0;0.0;0.0;0.0;0.0;0.0;0.0;0.0;0.0;0.0;0.0;0.0;0.0;0.0;0.0;0.0;0.0;0.0;0.0;0.0;0.0;0.0;0.0;0.0;0.0;0.0;0.0;0.0;0.0;0.0;0.0;0.0;0.0;0.0;0.0
DON MARCE SUR 2;RIEGO;1632202.19600448;1490271.57026496;1490271.57026496;1561236.88313472;1632202.19600448;1419306.2573952;1632202.19600448;1561236.88313472;1490271.57026496;1632202.19600448;1490271.57026496;1419306.2573952;366561.31084889127;334686.4142533355;334686.4142533355;350623.86255111336;366561.31084889127;318748.9659555576;366561.31084889127;350623.86255111336;334686.4142533355;366561.31084889127;334686.4142533355;318748.9659555576;786913.1926481723;718485.9585048528;718485.9585048528;752699.5755765126;786913.1926481723;684272.3414331933;786913.1926481723;752699.5755765126;718485.9585048528;786913.1926481723;718485.9585048528;684272.3414331933;2785676.6995015433;2543443.943023148;2543443.943023148;2664560.3212623456;2785676.6995015433;2422327.564783951;2785676.6995015433;2664560.3212623456;2543443.943023148;2785676.6995015433;2543443.943023148;2422327.564783951
LAS MARGARITAS;RIEGO;4896606.588013439;4470814.71079488;4470814.71079488;4683710.649404161;4896606.588013439;4257918.772185599;4896606.588013439;4683710.649404161;4470814.71079488;4896606.588013439;4470814.71079488;4257918.772185599;1099683.9325466736;1004059.2427600066;1004059.2427600066;1051871.5876533403;1099683.9325466736;956246.8978666727;1099683.9325466736;1051871.5876533403;1004059.2427600066;1099683.9325466736;1004059.2427600066;956246.8978666727;2360739.577944516;2155457.8755145585;2155457.8755145585;2258098.7267295383;2360739.577944516;2052817.0242995797;2360739.577944516;2258098.7267295383;2155457.8755145585;2360739.577944516;2155457.8755145585;2052817.0242995797;8357030.098504629;7630331.829069445;7630331.829069445;7993680.96378704;8357030.098504629;7266982.694351852;8357030.098504629;7993680.96378704;7630331.829069445;8357030.098504629;7630331.829069445;7266982.694351852
LA CECILIA;RIEGO;3186680.47791456;2909577.82766112;2909577.82766112;3048129.1527878405;3186680.47791456;2771026.5025344;3186680.47791456;3048129.1527878405;2909577.82766112;3186680.47791456;2909577.82766112;2771026.5025344;715667.3211814049;653435.3802091087;653435.3802091087;684551.3506952568;715667.3211814049;622319.4097229607;715667.3211814049;684551.3506952568;653435.3802091087;715667.3211814049;653435.3802091087;622319.4097229607;1536354.3285040813;1402758.2999385092;1402758.2999385092;1469556.3142212955;1536354.3285040813;1335960.285655723;1536354.3285040813;1469556.3142212955;1402758.2999385092;1536354.3285040813;1402758.2999385092;1335960.285655723;5438702.127600046;4965771.507808737;4965771.507808737;5202236.817704393;5438702.127600046;4729306.197913084;5438702.127600046;5202236.817704393;4965771.507808737;5438702.127600046;4965771.507808737;4729306.197913084
JOSEFINA;RIEGO;2390010.3584359195;2182183.37074584;2182183.37074584;2286096.86459088;2390010.3584359195;2078269.8769007998;2390010.3584359195;2286096.86459088;2182183.37074584;2390010.3584359195;2182183.37074584;2078269.8769007998;536750.4908860534;490076.53515683155;490076.53515683155;513413.5130214426;536750.4908860534;466739.5572922204;536750.4908860534;513413.5130214426;490076.53515683155;536750.4908860534;490076.53515683155;466739.5572922204;1152265.7463780607;1052068.7249538817;1052068.7249538817;1102167.2356659714;1152265.7463780607;1001970.214241792;1152265.7463780607;1102167.2356659714;1052068.7249538817;1152265.7463780607;1052068.7249538817;1001970.214241792;4079026.595700034;3724328.630856553;3724328.630856553;3901677.613278294;4079026.595700034;3546979.648434812;4079026.595700034;3901677.613278294;3724328.630856553;4079026.595700034;3724328.630856553;3546979.648434812
SAN ALFREDO;RIEGO;816101.09800224;745135.78513248;745135.78513248;780618.44156736;816101.09800224;709653.1286976;816101.09800224;780618.44156736;745135.78513248;816101.09800224;745135.78513248;709653.1286976;183280.65542444563;167343.20712666775;167343.20712666775;175311.93127555668;183280.65542444563;159374.4829777788;183280.65542444563;175311.93127555668;167343.20712666775;183280.65542444563;167343.20712666775;159374.4829777788;393456.59632408613;359242.9792524264;359242.9792524264;376349.7877882563;393456.59632408613;342136.17071659665;393456.59632408613;376349.7877882563;359242.9792524264;393456.59632408613;359242.9792524264;342136.17071659665;1392838.3497507717;1271721.971511574;1271721.971511574;1332280.1606311728;1392838.3497507717;1211163.7823919754;1392838.3497507717;1332280.1606311728;1271721.971511574;1392838.3497507717;1271721.971511574;1211163.7823919754
VICTORIA;RIEGO;7966701.1947864005;7273944.5691528;7273944.5691528;7620322.881969602;7966701.1947864005;6927566.256336;7966701.1947864005;7620322.881969602;7273944.5691528;7966701.1947864005;7273944.5691528;6927566.256336;1789168.302953512;1633588.4505227716;1633588.4505227716;1711378.3767381422;1789168.302953512;1555798.5243074019;1789168.302953512;1711378.3767381422;1633588.4505227716;1789168.302953512;1633588.4505227716;1555798.5243074019;3840885.821260203;3506895.7498462726;3506895.7498462726;3673890.7855532384;3840885.821260203;3339900.714139307;3840885.821260203;3673890.7855532384;3506895.7498462726;3840885.821260203;3506895.7498462726;3339900.714139307;13596755.319000116;12414428.769521844;12414428.769521844;13005592.044260982;13596755.319000116;11823265.494782709;13596755.319000116;13005592.044260982;12414428.769521844;13596755.319000116;12414428.769521844;11823265.494782709
CIRCASIA;RIEGO;3186680.47791456;2909577.82766112;2909577.82766112;3048129.1527878405;3186680.47791456;2771026.5025344;3186680.47791456;3048129.1527878405;2909577.82766112;3186680.47791456;2909577.82766112;2771026.5025344;715667.3211814049;653435.3802091087;653435.3802091087;684551.3506952568;715667.3211814049;622319.4097229607;715667.3211814049;684551.3506952568;653435.3802091087;715667.3211814049;653435.3802091087;622319.4097229607;1536354.3285040813;1402758.2999385092;1402758.2999385092;1469556.3142212955;1536354.3285040813;1335960.285655723;1536354.3285040813;1469556.3142212955;1402758.2999385092;1536354.3285040813;1402758.2999385092;1335960.285655723;5438702.127600046;4965771.507808737;4965771.507808737;5202236.817704393;5438702.127600046;4729306.197913084;5438702.127600046;5202236.817704393;4965771.507808737;5438702.127600046;4965771.507808737;4729306.197913084
CIENAGA;RIEGO;1593340.23895728;1454788.91383056;1454788.91383056;1524064.5763939202;1593340.23895728;1385513.2512672;1593340.23895728;1524064.5763939202;1454788.91383056;1593340.23895728;1454788.91383056;1385513.2512672;357833.66059070244;326717.69010455435;326717.69010455435;342275.6753476284;357833.66059070244;311159.70486148034;357833.66059070244;342275.6753476284;326717.69010455435;357833.66059070244;326717.69010455435;311159.70486148034;768177.1642520407;701379.1499692546;701379.1499692546;734778.1571106478;768177.1642520407;667980.1428278615;768177.1642520407;734778.1571106478;701379.1499692546;768177.1642520407;701379.1499692546;667980.1428278615;2719351.063800023;2482885.7539043687;2482885.7539043687;2601118.4088521963;2719351.063800023;2364653.098956542;2719351.063800023;2601118.4088521963;2482885.7539043687;2719351.063800023;2482885.7539043687;2364653.098956542
MARIA;RIEGO;1593340.23895728;1454788.91383056;1454788.91383056;1524064.5763939202;1593340.23895728;1385513.2512672;1593340.23895728;1524064.5763939202;1454788.91383056;1593340.23895728;1454788.91383056;1385513.2512672;357833.66059070244;326717.69010455435;326717.69010455435;342275.6753476284;357833.66059070244;311159.70486148034;357833.66059070244;342275.6753476284;326717.69010455435;357833.66059070244;326717.69010455435;311159.70486148034;768177.1642520407;701379.1499692546;701379.1499692546;734778.1571106478;768177.1642520407;667980.1428278615;768177.1642520407;734778.1571106478;701379.1499692546;768177.1642520407;701379.1499692546;667980.1428278615;2719351.063800023;2482885.7539043687;2482885.7539043687;2601118.4088521963;2719351.063800023;2364653.098956542;2719351.063800023;2601118.4088521963;2482885.7539043687;2719351.063800023;2482885.7539043687;2364653.098956542
REMANSO;RIEGO;12746721.91165824;11638311.31064448;11638311.31064448;12192516.611151362;12746721.91165824;11084106.0101376;12746721.91165824;12192516.611151362;11638311.31064448;12746721.91165824;11638311.31064448;11084106.0101376;2862669.2847256195;2613741.520836435;2613741.520836435;2738205.4027810274;2862669.2847256195;2489277.6388918427;2862669.2847256195;2738205.4027810274;2613741.520836435;2862669.2847256195;2613741.520836435;2489277.6388918427;6145417.314016325;5611033.199754037;5611033.199754037;5878225.256885182;6145417.314016325;5343841.142622892;6145417.314016325;5878225.256885182;5611033.199754037;6145417.314016325;5611033.199754037;5343841.142622892;21754808.510400183;19863086.03123495;19863086.03123495;20808947.27081757;21754808.510400183;18917224.791652337;21754808.510400183;20808947.27081757;19863086.03123495;21754808.510400183;19863086.03123495;18917224.791652337
PIEDECUESTA;RIEGO;5377523.306480819;4909912.58417814;4909912.58417814;5143717.945329481;5377523.306480819;4676107.2230268;5377523.306480819;5143717.945329481;4909912.58417814;5377523.306480819;4909912.58417814;4676107.2230268;1207688.6044936206;1102672.204102871;1102672.204102871;1155180.404298246;1207688.6044936206;1050164.003907496;1207688.6044936206;1155180.404298246;1102672.204102871;1207688.6044936206;1102672.204102871;1050164.003907496;2592597.929350637;2367154.6311462345;2367154.6311462345;2479876.2802484357;2592597.929350637;2254432.9820440323;2592597.929350637;2479876.2802484357;2367154.6311462345;2592597.929350637;2367154.6311462345;2254432.9820440323;9177809.840325076;8379739.419427246;8379739.419427246;8778774.629876163;9177809.840325076;7980704.208978329;9177809.840325076;8778774.629876163;8379739.419427246;9177809.840325076;8379739.419427246;7980704.208978329
NAUTICA;RIEGO;12746721.91165824;11638311.31064448;11638311.31064448;12192516.611151362;12746721.91165824;11084106.0101376;12746721.91165824;12192516.611151362;11638311.31064448;12746721.91165824;11638311.31064448;11084106.0101376;2862669.2847256195;2613741.520836435;2613741.520836435;2738205.4027810274;2862669.2847256195;2489277.6388918427;2862669.2847256195;2738205.4027810274;2613741.520836435;2862669.2847256195;2613741.520836435;2489277.6388918427;6145417.314016325;5611033.199754037;5611033.199754037;5878225.256885182;6145417.314016325;5343841.142622892;6145417.314016325;5878225.256885182;5611033.199754037;6145417.314016325;5611033.199754037;5343841.142622892;21754808.510400183;19863086.03123495;19863086.03123495;20808947.27081757;21754808.510400183;18917224.791652337;21754808.510400183;20808947.27081757;19863086.03123495;21754808.510400183;19863086.03123495;18917224.791652337
LAS LINAS;RIEGO;6373360.95582912;5819155.65532224;5819155.65532224;6096258.305575681;6373360.95582912;5542053.0050688;6373360.95582912;6096258.305575681;5819155.65532224;6373360.95582912;5819155.65532224;5542053.0050688;1431334.6423628097;1306870.7604182174;1306870.7604182174;1369102.7013905137;1431334.6423628097;1244638.8194459213;1431334.6423628097;1369102.7013905137;1306870.7604182174;1431334.6423628097;1306870.7604182174;1244638.8194459213;3072708.6570081627;2805516.5998770185;2805516.5998770185;2939112.628442591;3072708.6570081627;2671920.571311446;3072708.6570081627;2939112.628442591;2805516.5998770185;3072708.6570081627;2805516.5998770185;2671920.571311446;10877404.255200092;9931543.015617475;9931543.015617475;10404473.635408785;10877404.255200092;9458612.395826168;10877404.255200092;10404473.635408785;9931543.015617475;10877404.255200092;9931543.015617475;9458612.395826168
DON ALI;RIEGO;6373360.95582912;5819155.65532224;5819155.65532224;6096258.305575681;6373360.95582912;5542053.0050688;6373360.95582912;6096258.305575681;5819155.65532224;6373360.95582912;5819155.65532224;5542053.0050688;1431334.6423628097;1306870.7604182174;1306870.7604182174;1369102.7013905137;1431334.6423628097;1244638.8194459213;1431334.6423628097;1369102.7013905137;1306870.7604182174;1431334.6423628097;1306870.7604182174;1244638.8194459213;3072708.6570081627;2805516.5998770185;2805516.5998770185;2939112.628442591;3072708.6570081627;2671920.571311446;3072708.6570081627;2939112.628442591;2805516.5998770185;3072708.6570081627;2805516.5998770185;2671920.571311446;10877404.255200092;9931543.015617475;9931543.015617475;10404473.635408785;10877404.255200092;9458612.395826168;10877404.255200092;10404473.635408785;9931543.015617475;10877404.255200092;9931543.015617475;9458612.395826168
DR4 DON ALI;RIEGO;956004.143374368;872873.3482983359;872873.3482983359;914438.7458363521;956004.143374368;831307.95076032;956004.143374368;914438.7458363521;872873.3482983359;956004.143374368;872873.3482983359;831307.95076032;214700.19635442144;196030.6140627326;196030.6140627326;205365.40520857705;214700.19635442144;186695.82291688817;214700.19635442144;205365.40520857705;196030.6140627326;214700.19635442144;196030.6140627326;186695.82291688817;460906.29855122435;420827.4899815527;420827.4899815527;440866.89426638855;460906.29855122435;400788.0856967168;460906.29855122435;440866.89426638855;420827.4899815527;460906.29855122435;420827.4899815527;400788.0856967168;1631610.6382800138;1489731.452342621;1489731.452342621;1560671.0453113178;1631610.6382800138;1418791.8593739248;1631610.6382800138;1560671.0453113178;1489731.452342621;1631610.6382800138;1489731.452342621;1418791.8593739248
DON CARLOS;RIEGO;1593340.23895728;1454788.91383056;1454788.91383056;1524064.5763939202;1593340.23895728;1385513.2512672;1593340.23895728;1524064.5763939202;1454788.91383056;1593340.23895728;1454788.91383056;1385513.2512672;357833.66059070244;326717.69010455435;326717.69010455435;342275.6753476284;357833.66059070244;311159.70486148034;357833.66059070244;342275.6753476284;326717.69010455435;357833.66059070244;326717.69010455435;311159.70486148034;768177.1642520407;701379.1499692546;701379.1499692546;734778.1571106478;768177.1642520407;667980.1428278615;768177.1642520407;734778.1571106478;701379.1499692546;768177.1642520407;701379.1499692546;667980.1428278615;2719351.063800023;2482885.7539043687;2482885.7539043687;2601118.4088521963;2719351.063800023;2364653.098956542;2719351.063800023;2601118.4088521963;2482885.7539043687;2719351.063800023;2482885.7539043687;2364653.098956542
EVA NORTE;RIEGO;14340062.150615519;13093100.224475041;13093100.224475041;13716581.187545283;14340062.150615519;12469619.261404801;14340062.150615519;13716581.187545283;13093100.224475041;14340062.150615519;13093100.224475041;12469619.261404801;3220502.945316321;2940459.2109409897;2940459.2109409897;3080481.078128656;3220502.945316321;2800437.343753323;3220502.945316321;3080481.078128656;2940459.2109409897;3220502.945316321;2940459.2109409897;2800437.343753323;6913594.478268364;6312412.349723291;6312412.349723291;6613003.413995829;6913594.478268364;6011821.285450754;6913594.478268364;6613003.413995829;6312412.349723291;6913594.478268364;6312412.349723291;6011821.285450754;24474159.574200206;22345971.785139322;22345971.785139322;23410065.679669768;24474159.574200206;21281877.890608877;24474159.574200206;23410065.679669768;22345971.785139322;24474159.574200206;22345971.785139322;21281877.890608877
DON PEDRO;RIEGO;6373360.95582912;5819155.65532224;5819155.65532224;6096258.305575681;6373360.95582912;5542053.0050688;6373360.95582912;6096258.305575681;5819155.65532224;6373360.95582912;5819155.65532224;5542053.0050688;1431334.6423628097;1306870.7604182174;1306870.7604182174;1369102.7013905137;1431334.6423628097;1244638.8194459213;1431334.6423628097;1369102.7013905137;1306870.7604182174;1431334.6423628097;1306870.7604182174;1244638.8194459213;3072708.6570081627;2805516.5998770185;2805516.5998770185;2939112.628442591;3072708.6570081627;2671920.571311446;3072708.6570081627;2939112.628442591;2805516.5998770185;3072708.6570081627;2805516.5998770185;2671920.571311446;10877404.255200092;9931543.015617475;9931543.015617475;10404473.635408785;10877404.255200092;9458612.395826168;10877404.255200092;10404473.635408785;9931543.015617475;10877404.255200092;9931543.015617475;9458612.395826168
LA VELA;RIEGO;4780020.716871839;4364366.74149168;4364366.74149168;4572193.72918176;4780020.716871839;4156539.7538015996;4780020.716871839;4572193.72918176;4364366.74149168;4780020.716871839;4364366.74149168;4156539.7538015996;1073500.9817721068;980153.0703136631;980153.0703136631;1026827.0260428851;1073500.9817721068;933479.1145844408;1073500.9817721068;1026827.0260428851;980153.0703136631;1073500.9817721068;980153.0703136631;933479.1145844408;2304531.4927561213;2104137.4499077634;2104137.4499077634;2204334.471331943;2304531.4927561213;2003940.428483584;2304531.4927561213;2204334.471331943;2104137.4499077634;2304531.4927561213;2104137.4499077634;2003940.428483584;8158053.191400068;7448657.261713106;7448657.261713106;7803355.226556588;8158053.191400068;7093959.296869624;8158053.191400068;7803355.226556588;7448657.261713106;8158053.191400068;7448657.261713106;7093959.296869624
ESPERANZA;RIEGO;3186680.47791456;2909577.82766112;2909577.82766112;3048129.1527878405;3186680.47791456;2771026.5025344;3186680.47791456;3048129.1527878405;2909577.82766112;3186680.47791456;2909577.82766112;2771026.5025344;715667.3211814049;653435.3802091087;653435.3802091087;684551.3506952568;715667.3211814049;622319.4097229607;715667.3211814049;684551.3506952568;653435.3802091087;715667.3211814049;653435.3802091087;622319.4097229607;1536354.3285040813;1402758.2999385092;1402758.2999385092;1469556.3142212955;1536354.3285040813;1335960.285655723;1536354.3285040813;1469556.3142212955;1402758.2999385092;1536354.3285040813;1402758.2999385092;1335960.285655723;5438702.127600046;4965771.507808737;4965771.507808737;5202236.817704393;5438702.127600046;4729306.197913084;5438702.127600046;5202236.817704393;4965771.507808737;5438702.127600046;4965771.507808737;4729306.197913084
LINA MARGARITA;RIEGO;3186680.47791456;2909577.82766112;2909577.82766112;3048129.1527878405;3186680.47791456;2771026.5025344;3186680.47791456;3048129.1527878405;2909577.82766112;3186680.47791456;2909577.82766112;2771026.5025344;715667.3211814049;653435.3802091087;653435.3802091087;684551.3506952568;715667.3211814049;622319.4097229607;715667.3211814049;684551.3506952568;653435.3802091087;715667.3211814049;653435.3802091087;622319.4097229607;1536354.3285040813;1402758.2999385092;1402758.2999385092;1469556.3142212955;1536354.3285040813;1335960.285655723;1536354.3285040813;1469556.3142212955;1402758.2999385092;1536354.3285040813;1402758.2999385092;1335960.285655723;5438702.127600046;4965771.507808737;4965771.507808737;5202236.817704393;5438702.127600046;4729306.197913084;5438702.127600046;5202236.817704393;4965771.507808737;5438702.127600046;4965771.507808737;4729306.197913084
DON MARCE;RIEGO;5576690.836350479;5091761.198406961;5091761.198406961;5334226.01737872;5576690.836350479;4849296.379435199;5576690.836350479;5334226.01737872;5091761.198406961;5576690.836350479;5091761.198406961;4849296.379435199;1252417.8120674582;1143511.9153659402;1143511.9153659402;1197964.8637166994;1252417.8120674582;1089058.967015181;1252417.8120674582;1197964.8637166994;1143511.9153659402;1252417.8120674582;1143511.9153659402;1089058.967015181;2688620.0748821422;2454827.0248923907;2454827.0248923907;2571723.549887267;2688620.0748821422;2337930.499897515;2688620.0748821422;2571723.549887267;2454827.0248923907;2688620.0748821422;2454827.0248923907;2337930.499897515;9517728.72330008;8690100.138665292;8690100.138665292;9103914.430982687;9517728.72330008;8276285.8463478945;9517728.72330008;9103914.430982687;8690100.138665292;9517728.72330008;8690100.138665292;8276285.8463478945
ENANO;MOTOR;2589143.99545728;2364001.0393305602;2364001.0393305602;2476572.5173939206;2589143.99545728;2251429.5612672;2589143.99545728;2476572.5173939206;2364001.0393305602;2589143.99545728;2364001.0393305602;2251429.5612672;581472.0867761603;530909.2966217115;530909.2966217115;556190.6916989359;581472.0867761603;505627.90154448716;581472.0867761603;556190.6916989359;530909.2966217115;581472.0867761603;530909.2966217115;505627.90154448716;1248271.5515753054;1139726.1992644093;1139726.1992644093;1193998.8754198574;1248271.5515753054;1085453.5231089613;1248271.5515753054;1193998.8754198574;1139726.1992644093;1248271.5515753054;1139726.1992644093;1085453.5231089613;4418887.633808745;4034636.5352166807;4034636.5352166807;4226762.084512714;4418887.633808745;3842510.985920648;4418887.633808745;4226762.084512714;4034636.5352166807;4418887.633808745;4034636.5352166807;3842510.985920648
EVA;MOTOR;2589143.99545728;2364001.0393305602;2364001.0393305602;2476572.5173939206;2589143.99545728;2251429.5612672;2589143.99545728;2476572.5173939206;2364001.0393305602;2589143.99545728;2364001.0393305602;2251429.5612672;581472.0867761603;530909.2966217115;530909.2966217115;556190.6916989359;581472.0867761603;505627.90154448716;581472.0867761603;556190.6916989359;530909.2966217115;581472.0867761603;530909.2966217115;505627.90154448716;1248271.5515753054;1139726.1992644093;1139726.1992644093;1193998.8754198574;1248271.5515753054;1085453.5231089613;1248271.5515753054;1193998.8754198574;1139726.1992644093;1248271.5515753054;1139726.1992644093;1085453.5231089613;4418887.633808745;4034636.5352166807;4034636.5352166807;4226762.084512714;4418887.633808745;3842510.985920648;4418887.633808745;4226762.084512714;4034636.5352166807;4418887.633808745;4034636.5352166807;3842510.985920648
SAMI;MOTOR;3186680.47791456;2909577.82766112;2909577.82766112;3048129.1527878405;3186680.47791456;2771026.5025344;3186680.47791456;3048129.1527878405;2909577.82766112;3186680.47791456;2909577.82766112;2771026.5025344;715667.3211814049;653435.3802091087;653435.3802091087;684551.3506952568;715667.3211814049;622319.4097229607;715667.3211814049;684551.3506952568;653435.3802091087;715667.3211814049;653435.3802091087;622319.4097229607;1536354.3285040813;1402758.2999385092;1402758.2999385092;1469556.3142212955;1536354.3285040813;1335960.285655723;1536354.3285040813;1469556.3142212955;1402758.2999385092;1536354.3285040813;1402758.2999385092;1335960.285655723;5438702.127600046;4965771.507808737;4965771.507808737;5202236.817704393;5438702.127600046;4729306.197913084;5438702.127600046;5202236.817704393;4965771.507808737;5438702.127600046;4965771.507808737;4729306.197913084
VEGA;MOTOR;1593340.23895728;1454788.91383056;1454788.91383056;1524064.5763939202;1593340.23895728;1385513.2512672;1593340.23895728;1524064.5763939202;1454788.91383056;1593340.23895728;1454788.91383056;1385513.2512672;357833.66059070244;326717.69010455435;326717.69010455435;342275.6753476284;357833.66059070244;311159.70486148034;357833.66059070244;342275.6753476284;326717.69010455435;357833.66059070244;326717.69010455435;311159.70486148034;768177.1642520407;701379.1499692546;701379.1499692546;734778.1571106478;768177.1642520407;667980.1428278615;768177.1642520407;734778.1571106478;701379.1499692546;768177.1642520407;701379.1499692546;667980.1428278615;2719351.063800023;2482885.7539043687;2482885.7539043687;2601118.4088521963;2719351.063800023;2364653.098956542;2719351.063800023;2601118.4088521963;2482885.7539043687;2719351.063800023;2482885.7539043687;2364653.098956542
FEDERICA;MOTOR;3186680.47791456;2909577.82766112;2909577.82766112;3048129.1527878405;3186680.47791456;2771026.5025344;3186680.47791456;3048129.1527878405;2909577.82766112;3186680.47791456;2909577.82766112;2771026.5025344;715667.3211814049;653435.3802091087;653435.3802091087;684551.3506952568;715667.3211814049;622319.4097229607;715667.3211814049;684551.3506952568;653435.3802091087;715667.3211814049;653435.3802091087;622319.4097229607;1536354.3285040813;1402758.2999385092;1402758.2999385092;1469556.3142212955;1536354.3285040813;1335960.285655723;1536354.3285040813;1469556.3142212955;1402758.2999385092;1536354.3285040813;1402758.2999385092;1335960.285655723;5438702.127600046;4965771.507808737;4965771.507808737;5202236.817704393;5438702.127600046;4729306.197913084;5438702.127600046;5202236.817704393;4965771.507808737;5438702.127600046;4965771.507808737;4729306.197913084
NEERLANDIA;MOTOR;3186680.47791456;2909577.82766112;2909577.82766112;3048129.1527878405;3186680.47791456;2771026.5025344;3186680.47791456;3048129.1527878405;2909577.82766112;3186680.47791456;2909577.82766112;2771026.5025344;715667.3211814049;653435.3802091087;653435.3802091087;684551.3506952568;715667.3211814049;622319.4097229607;715667.3211814049;684551.3506952568;653435.3802091087;715667.3211814049;653435.3802091087;622319.4097229607;1536354.3285040813;1402758.2999385092;1402758.2999385092;1469556.3142212955;1536354.3285040813;1335960.285655723;1536354.3285040813;1469556.3142212955;1402758.2999385092;1536354.3285040813;1402758.2999385092;1335960.285655723;5438702.127600046;4965771.507808737;4965771.507808737;5202236.817704393;5438702.127600046;4729306.197913084;5438702.127600046;5202236.817704393;4965771.507808737;5438702.127600046;4965771.507808737;4729306.197913084
SAN ANTONIO;MOTOR;4780020.716871839;4364366.74149168;4364366.74149168;4572193.72918176;4780020.716871839;4156539.7538015996;4780020.716871839;4572193.72918176;4364366.74149168;4780020.716871839;4364366.74149168;4156539.7538015996;1073500.9817721068;980153.0703136631;980153.0703136631;1026827.0260428851;1073500.9817721068;933479.1145844408;1073500.9817721068;1026827.0260428851;980153.0703136631;1073500.9817721068;980153.0703136631;933479.1145844408;2304531.4927561213;2104137.4499077634;2104137.4499077634;2204334.471331943;2304531.4927561213;2003940.428483584;2304531.4927561213;2204334.471331943;2104137.4499077634;2304531.4927561213;2104137.4499077634;2003940.428483584;8158053.191400068;7448657.261713106;7448657.261713106;7803355.226556588;8158053.191400068;7093959.296869624;8158053.191400068;7803355.226556588;7448657.261713106;8158053.191400068;7448657.261713106;7093959.296869624
MRS;MOTOR;1593340.23895728;1454788.91383056;1454788.91383056;1524064.5763939202;1593340.23895728;1385513.2512672;1593340.23895728;1524064.5763939202;1454788.91383056;1593340.23895728;1454788.91383056;1385513.2512672;357833.66059070244;326717.69010455435;326717.69010455435;342275.6753476284;357833.66059070244;311159.70486148034;357833.66059070244;342275.6753476284;326717.69010455435;357833.66059070244;326717.69010455435;311159.70486148034;768177.1642520407;701379.1499692546;701379.1499692546;734778.1571106478;768177.1642520407;667980.1428278615;768177.1642520407;734778.1571106478;701379.1499692546;768177.1642520407;701379.1499692546;667980.1428278615;2719351.063800023;2482885.7539043687;2482885.7539043687;2601118.4088521963;2719351.063800023;2364653.098956542;2719351.063800023;2601118.4088521963;2482885.7539043687;2719351.063800023;2482885.7539043687;2364653.098956542
DON FUAD;MOTOR;1593340.23895728;1454788.91383056;1454788.91383056;1524064.5763939202;1593340.23895728;1385513.2512672;1593340.23895728;1524064.5763939202;1454788.91383056;1593340.23895728;1454788.91383056;1385513.2512672;357833.66059070244;326717.69010455435;326717.69010455435;342275.6753476284;357833.66059070244;311159.70486148034;357833.66059070244;342275.6753476284;326717.69010455435;357833.66059070244;326717.69010455435;311159.70486148034;768177.1642520407;701379.1499692546;701379.1499692546;734778.1571106478;768177.1642520407;667980.1428278615;768177.1642520407;734778.1571106478;701379.1499692546;768177.1642520407;701379.1499692546;667980.1428278615;2719351.063800023;2482885.7539043687;2482885.7539043687;2601118.4088521963;2719351.063800023;2364653.098956542;2719351.063800023;2601118.4088521963;2482885.7539043687;2719351.063800023;2482885.7539043687;2364653.098956542
EUFEMIA;MOTOR;7966701.194786399;7273944.5691528;7273944.5691528;7620322.881969601;7966701.194786399;6927566.256336;7966701.194786399;7620322.881969601;7273944.5691528;7966701.194786399;7273944.5691528;6927566.256336;1789168.3029535115;1633588.450522772;1633588.450522772;1711378.376738142;1789168.3029535115;1555798.5243074016;1789168.3029535115;1711378.376738142;1633588.450522772;1789168.3029535115;1633588.450522772;1555798.5243074016;3840885.8212602027;3506895.749846273;3506895.749846273;3673890.7855532384;3840885.8212602027;3339900.714139307;3840885.8212602027;3673890.7855532384;3506895.749846273;3840885.8212602027;3506895.749846273;3339900.714139307;13596755.319000114;12414428.769521844;12414428.769521844;13005592.044260982;13596755.319000114;11823265.494782709;13596755.319000114;13005592.044260982;12414428.769521844;13596755.319000114;12414428.769521844;11823265.494782709
OLGA;MOTOR;1593340.23895728;1454788.91383056;1454788.91383056;1524064.5763939202;1593340.23895728;1385513.2512672;1593340.23895728;1524064.5763939202;1454788.91383056;1593340.23895728;1454788.91383056;1385513.2512672;357833.66059070244;326717.69010455435;326717.69010455435;342275.6753476284;357833.66059070244;311159.70486148034;357833.66059070244;342275.6753476284;326717.69010455435;357833.66059070244;326717.69010455435;311159.70486148034;768177.1642520407;701379.1499692546;701379.1499692546;734778.1571106478;768177.1642520407;667980.1428278615;768177.1642520407;734778.1571106478;701379.1499692546;768177.1642520407;701379.1499692546;667980.1428278615;2719351.063800023;2482885.7539043687;2482885.7539043687;2601118.4088521963;2719351.063800023;2364653.098956542;2719351.063800023;2601118.4088521963;2482885.7539043687;2719351.063800023;2482885.7539043687;2364653.098956542
DON SAID;MOTOR;9758750.375036398;8910163.3859028;8910163.3859028;9334456.8804696;9758750.375036398;8485869.891336;9758750.375036398;9334456.8804696;8910163.3859028;9758750.375036398;8910163.3859028;8485869.891336;2191628.1809184826;2001051.8173603544;2001051.8173603544;2096339.9991394188;2191628.1809184826;1905763.6355812894;2191628.1809184826;2096339.9991394188;2001051.8173603544;2191628.1809184826;2001051.8173603544;1905763.6355812894;4704864.037479437;4295745.425524704;4295745.425524704;4500304.731502071;4704864.037479437;4091186.119547337;4704864.037479437;4500304.731502071;4295745.425524704;4704864.037479437;4295745.425524704;4091186.119547337;16655242.593434319;15206960.628787858;15206960.628787858;15931101.61111109;16655242.593434319;14482819.646464627;16655242.593434319;15931101.61111109;15206960.628787858;16655242.593434319;15206960.628787858;14482819.646464627
ASUNTINA;MOTOR;210657.26483738923;192339.24180805107;192339.24180805107;201498.25332272018;210657.26483738923;183180.23029338196;210657.26483738923;201498.25332272018;192339.24180805107;210657.26483738923;192339.24180805107;183180.23029338196;47309.58169745257;43195.70502810888;43195.70502810888;45252.64336278073;47309.58169745257;41138.76669343702;47309.58169745257;45252.64336278073;43195.70502810888;47309.58169745257;43195.70502810888;41138.76669343702;101561.54748076721;92730.10856939618;92730.10856939618;97145.8280250817;101561.54748076721;88314.38911371064;101561.54748076721;97145.8280250817;92730.10856939618;101561.54748076721;92730.10856939618;88314.38911371064;359528.39401560905;328265.0554055561;328265.0554055561;343896.72471058264;359528.39401560905;312633.3861005296;359528.39401560905;343896.72471058264;328265.0554055561;359528.39401560905;328265.0554055561;312633.3861005296
PORLAMAR;MOTOR;3186680.47791456;2909577.82766112;2909577.82766112;3048129.1527878405;3186680.47791456;2771026.5025344;3186680.47791456;3048129.1527878405;2909577.82766112;3186680.47791456;2909577.82766112;2771026.5025344;715667.3211814049;653435.3802091087;653435.3802091087;684551.3506952568;715667.3211814049;622319.4097229607;715667.3211814049;684551.3506952568;653435.3802091087;715667.3211814049;653435.3802091087;622319.4097229607;1536354.3285040813;1402758.2999385092;1402758.2999385092;1469556.3142212955;1536354.3285040813;1335960.285655723;1536354.3285040813;1469556.3142212955;1402758.2999385092;1536354.3285040813;1402758.2999385092;1335960.285655723;5438702.127600046;4965771.507808737;4965771.507808737;5202236.817704393;5438702.127600046;4729306.197913084;5438702.127600046;5202236.817704393;4965771.507808737;5438702.127600046;4965771.507808737;4729306.197913084
EL MORRO;MOTOR;1593340.23895728;1454788.91383056;1454788.91383056;1524064.5763939202;1593340.23895728;1385513.2512672;1593340.23895728;1524064.5763939202;1454788.91383056;1593340.23895728;1454788.91383056;1385513.2512672;357833.66059070244;326717.69010455435;326717.69010455435;342275.6753476284;357833.66059070244;311159.70486148034;357833.66059070244;342275.6753476284;326717.69010455435;357833.66059070244;326717.69010455435;311159.70486148034;768177.1642520407;701379.1499692546;701379.1499692546;734778.1571106478;768177.1642520407;667980.1428278615;768177.1642520407;734778.1571106478;701379.1499692546;768177.1642520407;701379.1499692546;667980.1428278615;2719351.063800023;2482885.7539043687;2482885.7539043687;2601118.4088521963;2719351.063800023;2364653.098956542;2719351.063800023;2601118.4088521963;2482885.7539043687;2719351.063800023;2482885.7539043687;2364653.098956542
LA PERLA;MOTOR;1593340.23895728;1454788.91383056;1454788.91383056;1524064.5763939202;1593340.23895728;1385513.2512672;1593340.23895728;1524064.5763939202;1454788.91383056;1593340.23895728;1454788.91383056;1385513.2512672;357833.66059070244;326717.69010455435;326717.69010455435;342275.6753476284;357833.66059070244;311159.70486148034;357833.66059070244;342275.6753476284;326717.69010455435;357833.66059070244;326717.69010455435;311159.70486148034;768177.1642520407;701379.1499692546;701379.1499692546;734778.1571106478;768177.1642520407;667980.1428278615;768177.1642520407;734778.1571106478;701379.1499692546;768177.1642520407;701379.1499692546;667980.1428278615;2719351.063800023;2482885.7539043687;2482885.7539043687;2601118.4088521963;2719351.063800023;2364653.098956542;2719351.063800023;2601118.4088521963;2482885.7539043687;2719351.063800023;2482885.7539043687;2364653.098956542
ARACATACA;MOTOR;3671589.0164572797;3352320.4063305603;3352320.4063305603;3511954.7113939202;3671589.0164572797;3192686.1012672;3671589.0164572797;3511954.7113939202;3352320.4063305603;3671589.0164572797;3352320.4063305603;3192686.1012672;824568.4793621474;752866.8724610913;752866.8724610913;788717.6759116194;824568.4793621474;717016.069010563;824568.4793621474;788717.6759116194;752866.8724610913;824568.4793621474;752866.8724610913;717016.069010563;1770137.2061041084;1616212.2316602732;1616212.2316602732;1693174.718882191;1770137.2061041084;1539249.7444383553;1770137.2061041084;1693174.718882191;1616212.2316602732;1770137.2061041084;1616212.2316602732;1539249.7444383553;6266294.701923535;5721399.510451925;5721399.510451925;5993847.106187731;6266294.701923535;5448951.914716119;6266294.701923535;5993847.106187731;5721399.510451925;6266294.701923535;5721399.510451925;5448951.914716119
BOCATOMA;MOTOR;2390010.3584359195;2182183.37074584;2182183.37074584;2286096.86459088;2390010.3584359195;2078269.8769007998;2390010.3584359195;2286096.86459088;2182183.37074584;2390010.3584359195;2182183.37074584;2078269.8769007998;536750.4908860534;490076.53515683155;490076.53515683155;513413.5130214426;536750.4908860534;466739.5572922204;536750.4908860534;513413.5130214426;490076.53515683155;536750.4908860534;490076.53515683155;466739.5572922204;1152265.7463780607;1052068.7249538817;1052068.7249538817;1102167.2356659714;1152265.7463780607;1001970.214241792;1152265.7463780607;1102167.2356659714;1052068.7249538817;1152265.7463780607;1052068.7249538817;1001970.214241792;4079026.595700034;3724328.630856553;3724328.630856553;3901677.613278294;4079026.595700034;3546979.648434812;4079026.595700034;3901677.613278294;3724328.630856553;4079026.595700034;3724328.630856553;3546979.648434812
JOYA;MOTOR;3186680.47791456;2909577.82766112;2909577.82766112;3048129.1527878405;3186680.47791456;2771026.5025344;3186680.47791456;3048129.1527878405;2909577.82766112;3186680.47791456;2909577.82766112;2771026.5025344;715667.3211814049;653435.3802091087;653435.3802091087;684551.3506952568;715667.3211814049;622319.4097229607;715667.3211814049;684551.3506952568;653435.3802091087;715667.3211814049;653435.3802091087;622319.4097229607;1536354.3285040813;1402758.2999385092;1402758.2999385092;1469556.3142212955;1536354.3285040813;1335960.285655723;1536354.3285040813;1469556.3142212955;1402758.2999385092;1536354.3285040813;1402758.2999385092;1335960.285655723;5438702.127600046;4965771.507808737;4965771.507808737;5202236.817704393;5438702.127600046;4729306.197913084;5438702.127600046;5202236.817704393;4965771.507808737;5438702.127600046;4965771.507808737;4729306.197913084
ESMERALDA;MOTOR;0.0;0.0;0.0;0.0;0.0;0.0;0.0;0.0;0.0;0.0;0.0;0.0;0.0;0.0;0.0;0.0;0.0;0.0;0.0;0.0;0.0;0.0;0.0;0.0;0.0;0.0;0.0;0.0;0.0;0.0;0.0;0.0;0.0;0.0;0.0;0.0;0.0;0.0;0.0;0.0;0.0;0.0;0.0;0.0;0.0;0.0;0.0;0.0
NARANJOS;MOTOR;1593340.23895728;1454788.91383056;1454788.91383056;1524064.5763939202;1593340.23895728;1385513.2512672;1593340.23895728;1524064.5763939202;1454788.91383056;1593340.23895728;1454788.91383056;1385513.2512672;357833.66059070244;326717.69010455435;326717.69010455435;342275.6753476284;357833.66059070244;311159.70486148034;357833.66059070244;342275.6753476284;326717.69010455435;357833.66059070244;326717.69010455435;311159.70486148034;768177.1642520407;701379.1499692546;701379.1499692546;734778.1571106478;768177.1642520407;667980.1428278615;768177.1642520407;734778.1571106478;701379.1499692546;768177.1642520407;701379.1499692546;667980.1428278615;2719351.063800023;2482885.7539043687;2482885.7539043687;2601118.4088521963;2719351.063800023;2364653.098956542;2719351.063800023;2601118.4088521963;2482885.7539043687;2719351.063800023;2482885.7539043687;2364653.098956542
YUNQUE;MOTOR;1593340.23895728;1454788.91383056;1454788.91383056;1524064.5763939202;1593340.23895728;1385513.2512672;1593340.23895728;1524064.5763939202;1454788.91383056;1593340.23895728;1454788.91383056;1385513.2512672;357833.66059070244;326717.69010455435;326717.69010455435;342275.6753476284;357833.66059070244;311159.70486148034;357833.66059070244;342275.6753476284;326717.69010455435;357833.66059070244;326717.69010455435;311159.70486148034;768177.1642520407;701379.1499692546;701379.1499692546;734778.1571106478;768177.1642520407;667980.1428278615;768177.1642520407;734778.1571106478;701379.1499692546;768177.1642520407;701379.1499692546;667980.1428278615;2719351.063800023;2482885.7539043687;2482885.7539043687;2601118.4088521963;2719351.063800023;2364653.098956542;2719351.063800023;2601118.4088521963;2482885.7539043687;2719351.063800023;2482885.7539043687;2364653.098956542
DONAMA;MOTOR;3983350.5973931993;3636972.2845764;3636972.2845764;3810161.4409848005;3983350.5973931993;3463783.128168;3983350.5973931993;3810161.4409848005;3636972.2845764;3983350.5973931993;3636972.2845764;3463783.128168;894584.1514767557;816794.225261386;816794.225261386;855689.188369071;894584.1514767557;777899.2621537008;894584.1514767557;855689.188369071;816794.225261386;894584.1514767557;816794.225261386;777899.2621537008;1920442.9106301013;1753447.8749231366;1753447.8749231366;1836945.3927766192;1920442.9106301013;1669950.3570696535;1920442.9106301013;1836945.3927766192;1753447.8749231366;1920442.9106301013;1753447.8749231366;1669950.3570696535;6798377.659500057;6207214.384760922;6207214.384760922;6502796.022130491;6798377.659500057;5911632.747391354;6798377.659500057;6502796.022130491;6207214.384760922;6798377.659500057;6207214.384760922;5911632.747391354
BURDEOS;MOTOR;0.0;0.0;0.0;0.0;0.0;0.0;0.0;0.0;0.0;0.0;0.0;0.0;0.0;0.0;0.0;0.0;0.0;0.0;0.0;0.0;0.0;0.0;0.0;0.0;0.0;0.0;0.0;0.0;0.0;0.0;0.0;0.0;0.0;0.0;0.0;0.0;0.0;0.0;0.0;0.0;0.0;0.0;0.0;0.0;0.0;0.0;0.0;0.0
DON MARCE SUR 2;MOTOR;1632202.19600448;1490271.57026496;1490271.57026496;1561236.88313472;1632202.19600448;1419306.2573952;1632202.19600448;1561236.88313472;1490271.57026496;1632202.19600448;1490271.57026496;1419306.2573952;366561.31084889127;334686.4142533355;334686.4142533355;350623.86255111336;366561.31084889127;318748.9659555576;366561.31084889127;350623.86255111336;334686.4142533355;366561.31084889127;334686.4142533355;318748.9659555576;786913.1926481723;718485.9585048528;718485.9585048528;752699.5755765126;786913.1926481723;684272.3414331933;786913.1926481723;752699.5755765126;718485.9585048528;786913.1926481723;718485.9585048528;684272.3414331933;2785676.6995015433;2543443.943023148;2543443.943023148;2664560.3212623456;2785676.6995015433;2422327.564783951;2785676.6995015433;2664560.3212623456;2543443.943023148;2785676.6995015433;2543443.943023148;2422327.564783951
LAS MARGARITAS;MOTOR;3264404.39200896;2980543.14052992;2980543.14052992;3122473.76626944;3264404.39200896;2838612.5147904;3264404.39200896;3122473.76626944;2980543.14052992;3264404.39200896;2980543.14052992;2838612.5147904;733122.6216977825;669372.828506671;669372.828506671;701247.7251022267;733122.6216977825;637497.9319111152;733122.6216977825;701247.7251022267;669372.828506671;733122.6216977825;669372.828506671;637497.9319111152;1573826.3852963445;1436971.9170097057;1436971.9170097057;1505399.1511530252;1573826.3852963445;1368544.6828663866;1573826.3852963445;1505399.1511530252;1436971.9170097057;1573826.3852963445;1436971.9170097057;1368544.6828663866;5571353.399003087;5086887.886046296;5086887.886046296;5329120.642524691;5571353.399003087;4844655.129567902;5571353.399003087;5329120.642524691;5086887.886046296;5571353.399003087;5086887.886046296;4844655.129567902
LA CECILIA;MOTOR;0.0;0.0;0.0;0.0;0.0;0.0;0.0;0.0;0.0;0.0;0.0;0.0;0.0;0.0;0.0;0.0;0.0;0.0;0.0;0.0;0.0;0.0;0.0;0.0;0.0;0.0;0.0;0.0;0.0;0.0;0.0;0.0;0.0;0.0;0.0;0.0;0.0;0.0;0.0;0.0;0.0;0.0;0.0;0.0;0.0;0.0;0.0;0.0
JOSEFINA;MOTOR;1593340.23895728;1454788.91383056;1454788.91383056;1524064.5763939202;1593340.23895728;1385513.2512672;1593340.23895728;1524064.5763939202;1454788.91383056;1593340.23895728;1454788.91383056;1385513.2512672;357833.66059070244;326717.69010455435;326717.69010455435;342275.6753476284;357833.66059070244;311159.70486148034;357833.66059070244;342275.6753476284;326717.69010455435;357833.66059070244;326717.69010455435;311159.70486148034;768177.1642520407;701379.1499692546;701379.1499692546;734778.1571106478;768177.1642520407;667980.1428278615;768177.1642520407;734778.1571106478;701379.1499692546;768177.1642520407;701379.1499692546;667980.1428278615;2719351.063800023;2482885.7539043687;2482885.7539043687;2601118.4088521963;2719351.063800023;2364653.098956542;2719351.063800023;2601118.4088521963;2482885.7539043687;2719351.063800023;2482885.7539043687;2364653.098956542
SAN ALFREDO;MOTOR;796670.11947864;727394.45691528;727394.45691528;762032.2881969601;796670.11947864;692756.6256336;796670.11947864;762032.2881969601;727394.45691528;796670.11947864;727394.45691528;692756.6256336;178916.83029535122;163358.84505227717;163358.84505227717;171137.8376738142;178916.83029535122;155579.85243074017;178916.83029535122;171137.8376738142;163358.84505227717;178916.83029535122;163358.84505227717;155579.85243074017;384088.58212602034;350689.5749846273;350689.5749846273;367389.0785553239;384088.58212602034;333990.07141393074;384088.58212602034;367389.0785553239;350689.5749846273;384088.58212602034;350689.5749846273;333990.07141393074;1359675.5319000115;1241442.8769521844;1241442.8769521844;1300559.2044260981;1359675.5319000115;1182326.549478271;1359675.5319000115;1300559.2044260981;1241442.8769521844;1359675.5319000115;1241442.8769521844;1182326.549478271
VICTORIA;MOTOR;2632464.6277072798;2403554.66008056;2403554.66008056;2518009.6438939204;2632464.6277072798;2289099.6762672;2632464.6277072798;2518009.6438939204;2403554.66008056;2632464.6277072798;2403554.66008056;2289099.6762672;591201.0699764249;539792.2812828228;539792.2812828228;565496.6756296239;591201.0699764249;514087.8869360217;591201.0699764249;565496.6756296239;539792.2812828228;591201.0699764249;539792.2812828228;514087.8869360217;1269157.1851780745;1158795.6908147638;1158795.6908147638;1213976.4379964194;1269157.1851780745;1103614.9436331084;1269157.1851780745;1213976.4379964194;1158795.6908147638;1269157.1851780745;1158795.6908147638;1103614.9436331084;4492822.882861779;4102142.632178147;4102142.632178147;4297482.757519963;4492822.882861779;3906802.50683633;4492822.882861779;4297482.757519963;4102142.632178147;4492822.882861779;4102142.632178147;3906802.50683633
CIRCASIA;MOTOR;2868012.430123104;2618620.0448950077;2618620.0448950077;2743316.237509056;2868012.430123104;2493923.85228096;2868012.430123104;2743316.237509056;2618620.0448950077;2868012.430123104;2618620.0448950077;2493923.85228096;644100.5890632642;588091.8421881979;588091.8421881979;616096.2156257312;644100.5890632642;560087.4687506645;644100.5890632642;616096.2156257312;588091.8421881979;644100.5890632642;588091.8421881979;560087.4687506645;1382718.895653673;1262482.4699446582;1262482.4699446582;1322600.6827991658;1382718.895653673;1202364.2570901504;1382718.895653673;1322600.6827991658;1262482.4699446582;1382718.895653673;1262482.4699446582;1202364.2570901504;4894831.914840041;4469194.357027864;4469194.357027864;4682013.135933953;4894831.914840041;4256375.578121775;4894831.914840041;4682013.135933953;4469194.357027864;4894831.914840041;4469194.357027864;4256375.578121775
CIENAGA;MOTOR;1394172.7090876198;1272940.2996017402;1272940.2996017402;1333556.50434468;1394172.7090876198;1212324.0948587998;1394172.7090876198;1333556.50434468;1272940.2996017402;1394172.7090876198;1272940.2996017402;1212324.0948587998;313104.45301686454;285877.97884148505;285877.97884148505;299491.21592917485;313104.45301686454;272264.74175379524;313104.45301686454;299491.21592917485;285877.97884148505;313104.45301686454;285877.97884148505;272264.74175379524;672155.0187205356;613706.7562230977;613706.7562230977;642930.8874718167;672155.0187205356;584482.6249743787;672155.0187205356;642930.8874718167;613706.7562230977;672155.0187205356;613706.7562230977;584482.6249743787;2379432.18082502;2172525.034666323;2172525.034666323;2275978.6077456716;2379432.18082502;2069071.4615869736;2379432.18082502;2275978.6077456716;2172525.034666323;2379432.18082502;2172525.034666323;2069071.4615869736
MARIA;MOTOR;1593340.23895728;1454788.91383056;1454788.91383056;1524064.5763939202;1593340.23895728;1385513.2512672;1593340.23895728;1524064.5763939202;1454788.91383056;1593340.23895728;1454788.91383056;1385513.2512672;357833.66059070244;326717.69010455435;326717.69010455435;342275.6753476284;357833.66059070244;311159.70486148034;357833.66059070244;342275.6753476284;326717.69010455435;357833.66059070244;326717.69010455435;311159.70486148034;768177.1642520407;701379.1499692546;701379.1499692546;734778.1571106478;768177.1642520407;667980.1428278615;768177.1642520407;734778.1571106478;701379.1499692546;768177.1642520407;701379.1499692546;667980.1428278615;2719351.063800023;2482885.7539043687;2482885.7539043687;2601118.4088521963;2719351.063800023;2364653.098956542;2719351.063800023;2601118.4088521963;2482885.7539043687;2719351.063800023;2482885.7539043687;2364653.098956542
REMANSO;MOTOR;7966646.96622912;7273895.05612224;7273895.05612224;7620271.011175682;7966646.96622912;6927519.1010688;7966646.96622912;7620271.011175682;7273895.05612224;7966646.96622912;7273895.05612224;6927519.1010688;1789156.1242595422;1633577.330845669;1633577.330845669;1711366.7275526058;1789156.1242595422;1555787.9341387323;1789156.1242595422;1711366.7275526058;1633577.330845669;1789156.1242595422;1633577.330845669;1555787.9341387323;3840859.676725386;3506871.878749266;3506871.878749266;3673865.7777373265;3840859.676725386;3339877.979761205;3840859.676725386;3673865.7777373265;3506871.878749266;3840859.676725386;3506871.878749266;3339877.979761205;13596662.767214049;12414344.265717175;12414344.265717175;13005503.516465615;13596662.767214049;11823185.014968738;13596662.767214049;13005503.516465615;12414344.265717175;13596662.767214049;12414344.265717175;11823185.014968738
PIEDECUESTA;MOTOR;4620319.82211456;4218552.88106112;4218552.88106112;4419436.351587841;4620319.82211456;4017669.4105344;4620319.82211456;4419436.351587841;4218552.88106112;4620319.82211456;4218552.88106112;4017669.4105344;1037635.2235533817;947406.0736791745;947406.0736791745;992520.6486162783;1037635.2235533817;902291.4987420711;1037635.2235533817;992520.6486162783;947406.0736791745;1037635.2235533817;947406.0736791745;902291.4987420711;2227536.9014794687;2033838.040481254;2033838.040481254;2130687.4709803616;2227536.9014794687;1936988.6099821466;2227536.9014794687;2130687.4709803616;2033838.040481254;2227536.9014794687;2033838.040481254;1936988.6099821466;7885491.94714741;7199796.995221548;7199796.995221548;7542644.471184481;7885491.94714741;6856949.519258618;7885491.94714741;7542644.471184481;7199796.995221548;7885491.94714741;7199796.995221548;6856949.519258618
NAUTICA;MOTOR;12427320.122143678;11346683.58978336;11346683.58978336;11887001.85596352;12427320.122143678;10806365.3236032;12427320.122143678;11887001.85596352;11346683.58978336;12427320.122143678;11346683.58978336;10806365.3236032;2790937.7682881677;2548247.527567458;2548247.527567458;2669592.647927813;2790937.7682881677;2426902.4072071025;2790937.7682881677;2669592.647927813;2548247.527567458;2790937.7682881677;2548247.527567458;2426902.4072071025;5991428.131463017;5470434.380901016;5470434.380901016;5730931.256182019;5991428.131463017;5209937.505620016;5991428.131463017;5730931.256182019;5470434.380901016;5991428.131463017;5470434.380901016;5209937.505620016;21209686.021894865;19365365.498251833;19365365.498251833;20287525.760073353;21209686.021894865;18443205.236430317;21209686.021894865;20287525.760073353;19365365.498251833;21209686.021894865;19365365.498251833;18443205.236430317
LAS LINAS;MOTOR;12107918.33262912;11055055.868922241;11055055.868922241;11581487.100775681;12107918.33262912;10528624.6370688;12107918.33262912;11581487.100775681;11055055.868922241;12107918.33262912;11055055.868922241;10528624.6370688;2719206.2518507177;2482753.534298481;2482753.534298481;2600979.8930745996;2719206.2518507177;2364527.175522363;2719206.2518507177;2600979.8930745996;2482753.534298481;2719206.2518507177;2482753.534298481;2364527.175522363;5837438.948909712;5329835.562047998;5329835.562047998;5583637.255478855;5837438.948909712;5076033.868617141;5837438.948909712;5583637.255478855;5329835.562047998;5837438.948909712;5329835.562047998;5076033.868617141;20664563.53338955;18867644.96526872;18867644.96526872;19766104.249329135;20664563.53338955;17969185.681208305;20664563.53338955;19766104.249329135;18867644.96526872;20664563.53338955;18867644.96526872;17969185.681208305
DON ALI;MOTOR;5576663.722071839;5091736.44189168;5091736.44189168;5334200.08198176;5576663.722071839;4849272.8018016;5576663.722071839;5334200.08198176;5091736.44189168;5576663.722071839;5091736.44189168;4849272.8018016;1252411.7227204733;1143506.3555273889;1143506.3555273889;1197959.0391239312;1252411.7227204733;1089053.6719308463;1252411.7227204733;1197959.0391239312;1143506.3555273889;1252411.7227204733;1143506.3555273889;1089053.6719308463;2688607.0026147333;2454815.0893438873;2454815.0893438873;2571711.0459793108;2688607.0026147333;2337919.132708464;2688607.0026147333;2571711.0459793108;2454815.0893438873;2688607.0026147333;2454815.0893438873;2337919.132708464;9517682.447407044;8690057.886762956;8690057.886762956;9103870.167085003;9517682.447407044;8276245.606440909;9517682.447407044;9103870.167085003;8690057.886762956;9517682.447407044;8690057.886762956;8276245.606440909
DR4 DON ALI;MOTOR;0.0;0.0;0.0;0.0;0.0;0.0;0.0;0.0;0.0;0.0;0.0;0.0;0.0;0.0;0.0;0.0;0.0;0.0;0.0;0.0;0.0;0.0;0.0;0.0;0.0;0.0;0.0;0.0;0.0;0.0;0.0;0.0;0.0;0.0;0.0;0.0;0.0;0.0;0.0;0.0;0.0;0.0;0.0;0.0;0.0;0.0;0.0;0.0
DON CARLOS;MOTOR;0.0;0.0;0.0;0.0;0.0;0.0;0.0;0.0;0.0;0.0;0.0;0.0;0.0;0.0;0.0;0.0;0.0;0.0;0.0;0.0;0.0;0.0;0.0;0.0;0.0;0.0;0.0;0.0;0.0;0.0;0.0;0.0;0.0;0.0;0.0;0.0;0.0;0.0;0.0;0.0;0.0;0.0;0.0;0.0;0.0;0.0;0.0;0.0
EVA NORTE;MOTOR;7010303.066271839;6400711.49529168;6400711.49529168;6705507.280781761;7010303.066271839;6095915.709801599;7010303.066271839;6705507.280781761;6400711.49529168;7010303.066271839;6400711.49529168;6095915.709801599;1574379.62509245;1437477.0489974548;1437477.0489974548;1505928.3370449527;1574379.62509245;1369025.7609499567;1574379.62509245;1505928.3370449527;1437477.0489974548;1574379.62509245;1437477.0489974548;1369025.7609499567;3379789.5755901206;3085894.829886632;3085894.829886632;3232842.2027383773;3379789.5755901206;2938947.4570348877;3379789.5755901206;3232842.2027383773;3085894.829886632;3379789.5755901206;3085894.829886632;2938947.4570348877;11964472.266954409;10924083.374175766;10924083.374175766;11444277.82056509;11964472.266954409;10403888.927786443;11964472.266954409;11444277.82056509;10924083.374175766;11964472.266954409;10924083.374175766;10403888.927786443
DON PEDRO;MOTOR;6373360.95582912;5819155.65532224;5819155.65532224;6096258.305575681;6373360.95582912;5542053.0050688;6373360.95582912;6096258.305575681;5819155.65532224;6373360.95582912;5819155.65532224;5542053.0050688;1431334.6423628097;1306870.7604182174;1306870.7604182174;1369102.7013905137;1431334.6423628097;1244638.8194459213;1431334.6423628097;1369102.7013905137;1306870.7604182174;1431334.6423628097;1306870.7604182174;1244638.8194459213;3072708.6570081627;2805516.5998770185;2805516.5998770185;2939112.628442591;3072708.6570081627;2671920.571311446;3072708.6570081627;2939112.628442591;2805516.5998770185;3072708.6570081627;2805516.5998770185;2671920.571311446;10877404.255200092;9931543.015617475;9931543.015617475;10404473.635408785;10877404.255200092;9458612.395826168;10877404.255200092;10404473.635408785;9931543.015617475;10877404.255200092;9931543.015617475;9458612.395826168
LA VELA;MOTOR;1593340.23895728;1454788.91383056;1454788.91383056;1524064.5763939202;1593340.23895728;1385513.2512672;1593340.23895728;1524064.5763939202;1454788.91383056;1593340.23895728;1454788.91383056;1385513.2512672;357833.66059070244;326717.69010455435;326717.69010455435;342275.6753476284;357833.66059070244;311159.70486148034;357833.66059070244;342275.6753476284;326717.69010455435;357833.66059070244;326717.69010455435;311159.70486148034;768177.1642520407;701379.1499692546;701379.1499692546;734778.1571106478;768177.1642520407;667980.1428278615;768177.1642520407;734778.1571106478;701379.1499692546;768177.1642520407;701379.1499692546;667980.1428278615;2719351.063800023;2482885.7539043687;2482885.7539043687;2601118.4088521963;2719351.063800023;2364653.098956542;2719351.063800023;2601118.4088521963;2482885.7539043687;2719351.063800023;2482885.7539043687;2364653.098956542
ESPERANZA;MOTOR;2230336.57795728;2036394.26683056;2036394.26683056;2133365.4223939204;2230336.57795728;1939423.1112672;2230336.57795728;2133365.4223939204;2036394.26683056;2230336.57795728;2036394.26683056;1939423.1112672;500890.8220143131;457335.0983608945;457335.0983608945;479112.96018760384;500890.8220143131;435557.23653418524;500890.8220143131;479112.96018760384;457335.0983608945;500890.8220143131;457335.0983608945;435557.23653418524;1075284.2273688163;981781.2510758757;981781.2510758757;1028532.7392223461;1075284.2273688163;935029.7629294053;1075284.2273688163;1028532.7392223461;981781.2510758757;1075284.2273688163;981781.2510758757;935029.7629294053;3806511.6273404094;3475510.61626733;3475510.61626733;3641011.1218038704;3806511.6273404094;3310010.1107307905;3806511.6273404094;3641011.1218038704;3475510.61626733;3806511.6273404094;3475510.61626733;3310010.1107307905
LINA MARGARITA;MOTOR;1632202.19600448;1490271.57026496;1490271.57026496;1561236.88313472;1632202.19600448;1419306.2573952;1632202.19600448;1561236.88313472;1490271.57026496;1632202.19600448;1490271.57026496;1419306.2573952;366561.31084889127;334686.4142533355;334686.4142533355;350623.86255111336;366561.31084889127;318748.9659555576;366561.31084889127;350623.86255111336;334686.4142533355;366561.31084889127;334686.4142533355;318748.9659555576;786913.1926481723;718485.9585048528;718485.9585048528;752699.5755765126;786913.1926481723;684272.3414331933;786913.1926481723;752699.5755765126;718485.9585048528;786913.1926481723;718485.9585048528;684272.3414331933;2785676.6995015433;2543443.943023148;2543443.943023148;2664560.3212623456;2785676.6995015433;2422327.564783951;2785676.6995015433;2664560.3212623456;2543443.943023148;2785676.6995015433;2543443.943023148;2422327.564783951
DON MARCE;MOTOR;1632202.19600448;1490271.57026496;1490271.57026496;1561236.88313472;1632202.19600448;1419306.2573952;1632202.19600448;1561236.88313472;1490271.57026496;1632202.19600448;1490271.57026496;1419306.2573952;366561.31084889127;334686.4142533355;334686.4142533355;350623.86255111336;366561.31084889127;318748.9659555576;366561.31084889127;350623.86255111336;334686.4142533355;366561.31084889127;334686.4142533355;318748.9659555576;786913.1926481723;718485.9585048528;718485.9585048528;752699.5755765126;786913.1926481723;684272.3414331933;786913.1926481723;752699.5755765126;718485.9585048528;786913.1926481723;718485.9585048528;684272.3414331933;2785676.6995015433;2543443.943023148;2543443.943023148;2664560.3212623456;2785676.6995015433;2422327.564783951;2785676.6995015433;2664560.3212623456;2543443.943023148;2785676.6995015433;2543443.943023148;2422327.564783951
ENANO;MTTO RIEGO & MOTOR;1487743.24608;1358374.2681600002;1358374.2681600002;1423058.7571200002;1487743.24608;1293689.7792;1487743.24608;1423058.7571200002;1358374.2681600002;1487743.24608;1358374.2681600002;1293689.7792;334118.60112959467;305064.8097270213;305064.8097270213;319591.705428308;334118.60112959467;290537.9140257345;334118.60112959467;319591.705428308;305064.8097270213;334118.60112959467;305064.8097270213;290537.9140257345;717267.0092464174;654895.9649641203;654895.9649641203;686081.4871052689;717267.0092464174;623710.4428229716;717267.0092464174;686081.4871052689;654895.9649641203;717267.0092464174;654895.9649641203;623710.4428229716;2539128.856456012;2318335.0428511417;2318335.0428511417;2428731.949653577;2539128.856456012;2207938.1360487062;2539128.856456012;2428731.949653577;2318335.0428511417;2539128.856456012;2318335.0428511417;2207938.1360487062
EVA;MTTO RIEGO & MOTOR;1239786.0384;1131978.5568000001;1131978.5568000001;1185882.2976000002;1239786.0384;1078074.816;1239786.0384;1185882.2976000002;1131978.5568000001;1239786.0384;1131978.5568000001;1078074.816;278432.16760799557;254220.67477251773;254220.67477251773;266326.42119025666;278432.16760799557;242114.9283547788;278432.16760799557;266326.42119025666;254220.67477251773;278432.16760799557;254220.67477251773;242114.9283547788;597722.5077053478;545746.6374701003;545746.6374701003;571734.5725877241;597722.5077053478;519758.7023524764;597722.5077053478;571734.5725877241;545746.6374701003;597722.5077053478;545746.6374701003;519758.7023524764;2115940.7137133433;1931945.8690426182;1931945.8690426182;2023943.291377981;2115940.7137133433;1839948.4467072552;2115940.7137133433;2023943.291377981;1931945.8690426182;2115940.7137133433;1931945.8690426182;1839948.4467072552
SAMI;MTTO RIEGO & MOTOR;1735700.4537600002;1584769.9795200003;1584769.9795200003;1660235.2166400002;1735700.4537600002;1509304.7424;1735700.4537600002;1660235.2166400002;1584769.9795200003;1735700.4537600002;1584769.9795200003;1509304.7424;389805.0346511938;355908.9446815248;355908.9446815248;372856.9896663593;389805.0346511938;338960.8996966903;389805.0346511938;372856.9896663593;355908.9446815248;389805.0346511938;355908.9446815248;338960.8996966903;836811.5107874871;764045.2924581404;764045.2924581404;800428.4016228138;836811.5107874871;727662.183293467;836811.5107874871;800428.4016228138;764045.2924581404;836811.5107874871;764045.2924581404;727662.183293467;2962316.999198681;2704724.2166596656;2704724.2166596656;2833520.6079291734;2962316.999198681;2575927.8253901573;2962316.999198681;2833520.6079291734;2704724.2166596656;2962316.999198681;2704724.2166596656;2575927.8253901573
VEGA;MTTO RIEGO & MOTOR;867850.2268800001;792384.9897600001;792384.9897600001;830117.6083200001;867850.2268800001;754652.3712;867850.2268800001;830117.6083200001;792384.9897600001;867850.2268800001;792384.9897600001;754652.3712;194902.5173255969;177954.4723407624;177954.4723407624;186428.49483317966;194902.5173255969;169480.44984834516;194902.5173255969;186428.49483317966;177954.4723407624;194902.5173255969;177954.4723407624;169480.44984834516;418405.7553937436;382022.6462290702;382022.6462290702;400214.2008114069;418405.7553937436;363831.0916467335;418405.7553937436;400214.2008114069;382022.6462290702;418405.7553937436;382022.6462290702;363831.0916467335;1481158.4995993406;1352362.1083298328;1352362.1083298328;1416760.3039645867;1481158.4995993406;1287963.9126950786;1481158.4995993406;1416760.3039645867;1352362.1083298328;1481158.4995993406;1352362.1083298328;1287963.9126950786
FEDERICA;MTTO RIEGO & MOTOR;1487743.24608;1358374.2681600002;1358374.2681600002;1423058.7571200002;1487743.24608;1293689.7792;1487743.24608;1423058.7571200002;1358374.2681600002;1487743.24608;1358374.2681600002;1293689.7792;334118.60112959467;305064.8097270213;305064.8097270213;319591.705428308;334118.60112959467;290537.9140257345;334118.60112959467;319591.705428308;305064.8097270213;334118.60112959467;305064.8097270213;290537.9140257345;717267.0092464174;654895.9649641203;654895.9649641203;686081.4871052689;717267.0092464174;623710.4428229716;717267.0092464174;686081.4871052689;654895.9649641203;717267.0092464174;654895.9649641203;623710.4428229716;2539128.856456012;2318335.0428511417;2318335.0428511417;2428731.949653577;2539128.856456012;2207938.1360487062;2539128.856456012;2428731.949653577;2318335.0428511417;2539128.856456012;2318335.0428511417;2207938.1360487062
NEERLANDIA;MTTO RIEGO & MOTOR;1239786.0384;1131978.5568000001;1131978.5568000001;1185882.2976000002;1239786.0384;1078074.816;1239786.0384;1185882.2976000002;1131978.5568000001;1239786.0384;1131978.5568000001;1078074.816;278432.16760799557;254220.67477251773;254220.67477251773;266326.42119025666;278432.16760799557;242114.9283547788;278432.16760799557;266326.42119025666;254220.67477251773;278432.16760799557;254220.67477251773;242114.9283547788;597722.5077053478;545746.6374701003;545746.6374701003;571734.5725877241;597722.5077053478;519758.7023524764;597722.5077053478;571734.5725877241;545746.6374701003;597722.5077053478;545746.6374701003;519758.7023524764;2115940.7137133433;1931945.8690426182;1931945.8690426182;2023943.291377981;2115940.7137133433;1839948.4467072552;2115940.7137133433;2023943.291377981;1931945.8690426182;2115940.7137133433;1931945.8690426182;1839948.4467072552
SAN ANTONIO;MTTO RIEGO & MOTOR;1239786.0384;1131978.5568000001;1131978.5568000001;1185882.2976000002;1239786.0384;1078074.816;1239786.0384;1185882.2976000002;1131978.5568000001;1239786.0384;1131978.5568000001;1078074.816;278432.16760799557;254220.67477251773;254220.67477251773;266326.42119025666;278432.16760799557;242114.9283547788;278432.16760799557;266326.42119025666;254220.67477251773;278432.16760799557;254220.67477251773;242114.9283547788;597722.5077053478;545746.6374701003;545746.6374701003;571734.5725877241;597722.5077053478;519758.7023524764;597722.5077053478;571734.5725877241;545746.6374701003;597722.5077053478;545746.6374701003;519758.7023524764;2115940.7137133433;1931945.8690426182;1931945.8690426182;2023943.291377981;2115940.7137133433;1839948.4467072552;2115940.7137133433;2023943.291377981;1931945.8690426182;2115940.7137133433;1931945.8690426182;1839948.4467072552
MRS;MTTO RIEGO & MOTOR;247957.20768;226395.71136000004;226395.71136000004;237176.45952000006;247957.20768;215614.96320000003;247957.20768;237176.45952000006;226395.71136000004;247957.20768;226395.71136000004;215614.96320000003;55686.433521599116;50844.13495450355;50844.13495450355;53265.28423805134;55686.433521599116;48422.98567095576;55686.433521599116;53265.28423805134;50844.13495450355;55686.433521599116;50844.13495450355;48422.98567095576;119544.50154106956;109149.32749402006;109149.32749402006;114346.91451754485;119544.50154106956;103951.7404704953;119544.50154106956;114346.91451754485;109149.32749402006;119544.50154106956;109149.32749402006;103951.7404704953;423188.1427426686;386389.1738085236;386389.1738085236;404788.6582755963;423188.1427426686;367989.6893414511;423188.1427426686;404788.6582755963;386389.1738085236;423188.1427426686;386389.1738085236;367989.6893414511
DON FUAD;MTTO RIEGO & MOTOR;1487743.24608;1358374.2681600002;1358374.2681600002;1423058.7571200002;1487743.24608;1293689.7792;1487743.24608;1423058.7571200002;1358374.2681600002;1487743.24608;1358374.2681600002;1293689.7792;334118.60112959467;305064.8097270213;305064.8097270213;319591.705428308;334118.60112959467;290537.9140257345;334118.60112959467;319591.705428308;305064.8097270213;334118.60112959467;305064.8097270213;290537.9140257345;717267.0092464174;654895.9649641203;654895.9649641203;686081.4871052689;717267.0092464174;623710.4428229716;717267.0092464174;686081.4871052689;654895.9649641203;717267.0092464174;654895.9649641203;623710.4428229716;2539128.856456012;2318335.0428511417;2318335.0428511417;2428731.949653577;2539128.856456012;2207938.1360487062;2539128.856456012;2428731.949653577;2318335.0428511417;2539128.856456012;2318335.0428511417;2207938.1360487062
EUFEMIA;MTTO RIEGO & MOTOR;1735700.4537600002;1584769.9795200003;1584769.9795200003;1660235.2166400002;1735700.4537600002;1509304.7424;1735700.4537600002;1660235.2166400002;1584769.9795200003;1735700.4537600002;1584769.9795200003;1509304.7424;389805.0346511938;355908.9446815248;355908.9446815248;372856.9896663593;389805.0346511938;338960.8996966903;389805.0346511938;372856.9896663593;355908.9446815248;389805.0346511938;355908.9446815248;338960.8996966903;836811.5107874871;764045.2924581404;764045.2924581404;800428.4016228138;836811.5107874871;727662.183293467;836811.5107874871;800428.4016228138;764045.2924581404;836811.5107874871;764045.2924581404;727662.183293467;2962316.999198681;2704724.2166596656;2704724.2166596656;2833520.6079291734;2962316.999198681;2575927.8253901573;2962316.999198681;2833520.6079291734;2704724.2166596656;2962316.999198681;2704724.2166596656;2575927.8253901573
OLGA;MTTO RIEGO & MOTOR;247957.20768;226395.71136000004;226395.71136000004;237176.45952000006;247957.20768;215614.96320000003;247957.20768;237176.45952000006;226395.71136000004;247957.20768;226395.71136000004;215614.96320000003;55686.433521599116;50844.13495450355;50844.13495450355;53265.28423805134;55686.433521599116;48422.98567095576;55686.433521599116;53265.28423805134;50844.13495450355;55686.433521599116;50844.13495450355;48422.98567095576;119544.50154106956;109149.32749402006;109149.32749402006;114346.91451754485;119544.50154106956;103951.7404704953;119544.50154106956;114346.91451754485;109149.32749402006;119544.50154106956;109149.32749402006;103951.7404704953;423188.1427426686;386389.1738085236;386389.1738085236;404788.6582755963;423188.1427426686;367989.6893414511;423188.1427426686;404788.6582755963;386389.1738085236;423188.1427426686;386389.1738085236;367989.6893414511
DON SAID;MTTO RIEGO & MOTOR;4463229.73824;4075122.8044800004;4075122.8044800004;4269176.271360001;4463229.73824;3881069.3376;4463229.73824;4269176.271360001;4075122.8044800004;4463229.73824;4075122.8044800004;3881069.3376;1002355.803388784;915194.4291810638;915194.4291810638;958775.1162849241;1002355.803388784;871613.7420772036;1002355.803388784;958775.1162849241;915194.4291810638;1002355.803388784;915194.4291810638;871613.7420772036;2151801.027739252;1964687.8948923608;1964687.8948923608;2058244.4613158067;2151801.027739252;1871131.328468915;2151801.027739252;2058244.4613158067;1964687.8948923608;2151801.027739252;1964687.8948923608;1871131.328468915;7617386.5693680355;6955005.128553425;6955005.128553425;7286195.848960731;7617386.5693680355;6623814.408146119;7617386.5693680355;7286195.848960731;6955005.128553425;7617386.5693680355;6955005.128553425;6623814.408146119
ASUNTINA;MTTO RIEGO & MOTOR;882277.7172090042;805557.9157125691;805557.9157125691;843917.8164607869;882277.7172090042;767198.0149643515;882277.7172090042;843917.8164607869;805557.9157125691;882277.7172090042;805557.9157125691;767198.0149643515;198142.65496308173;180912.85887933552;180912.85887933552;189527.75692120867;198142.65496308173;172297.9608374624;198142.65496308173;189527.75692120867;180912.85887933552;198142.65496308173;180912.85887933552;172297.9608374624;425361.50052415027;388373.54395683284;388373.54395683284;406867.52224049164;425361.50052415027;369879.5656731741;425361.50052415027;406867.52224049164;388373.54395683284;425361.50052415027;388373.54395683284;369879.5656731741;1505781.8726962362;1374844.3185487376;1374844.3185487376;1440313.0956224871;1505781.8726962362;1309375.541474988;1505781.8726962362;1440313.0956224871;1374844.3185487376;1505781.8726962362;1374844.3185487376;1309375.541474988
PORLAMAR;MTTO RIEGO & MOTOR;1735700.4537600002;1584769.9795200003;1584769.9795200003;1660235.2166400002;1735700.4537600002;1509304.7424;1735700.4537600002;1660235.2166400002;1584769.9795200003;1735700.4537600002;1584769.9795200003;1509304.7424;389805.0346511938;355908.9446815248;355908.9446815248;372856.9896663593;389805.0346511938;338960.8996966903;389805.0346511938;372856.9896663593;355908.9446815248;389805.0346511938;355908.9446815248;338960.8996966903;836811.5107874871;764045.2924581404;764045.2924581404;800428.4016228138;836811.5107874871;727662.183293467;836811.5107874871;800428.4016228138;764045.2924581404;836811.5107874871;764045.2924581404;727662.183293467;2962316.999198681;2704724.2166596656;2704724.2166596656;2833520.6079291734;2962316.999198681;2575927.8253901573;2962316.999198681;2833520.6079291734;2704724.2166596656;2962316.999198681;2704724.2166596656;2575927.8253901573
EL MORRO;MTTO RIEGO & MOTOR;0.0;0.0;0.0;0.0;0.0;0.0;0.0;0.0;0.0;0.0;0.0;0.0;0.0;0.0;0.0;0.0;0.0;0.0;0.0;0.0;0.0;0.0;0.0;0.0;0.0;0.0;0.0;0.0;0.0;0.0;0.0;0.0;0.0;0.0;0.0;0.0;0.0;0.0;0.0;0.0;0.0;0.0;0.0;0.0;0.0;0.0;0.0;0.0
LA PERLA;MTTO RIEGO & MOTOR;0.0;0.0;0.0;0.0;0.0;0.0;0.0;0.0;0.0;0.0;0.0;0.0;0.0;0.0;0.0;0.0;0.0;0.0;0.0;0.0;0.0;0.0;0.0;0.0;0.0;0.0;0.0;0.0;0.0;0.0;0.0;0.0;0.0;0.0;0.0;0.0;0.0;0.0;0.0;0.0;0.0;0.0;0.0;0.0;0.0;0.0;0.0;0.0
ARACATACA;MTTO RIEGO & MOTOR;1487743.24608;1358374.2681600002;1358374.2681600002;1423058.7571200002;1487743.24608;1293689.7792;1487743.24608;1423058.7571200002;1358374.2681600002;1487743.24608;1358374.2681600002;1293689.7792;334118.60112959467;305064.8097270213;305064.8097270213;319591.705428308;334118.60112959467;290537.9140257345;334118.60112959467;319591.705428308;305064.8097270213;334118.60112959467;305064.8097270213;290537.9140257345;717267.0092464174;654895.9649641203;654895.9649641203;686081.4871052689;717267.0092464174;623710.4428229716;717267.0092464174;686081.4871052689;654895.9649641203;717267.0092464174;654895.9649641203;623710.4428229716;2539128.856456012;2318335.0428511417;2318335.0428511417;2428731.949653577;2539128.856456012;2207938.1360487062;2539128.856456012;2428731.949653577;2318335.0428511417;2539128.856456012;2318335.0428511417;2207938.1360487062
BOCATOMA;MTTO RIEGO & MOTOR;1735700.4537600002;1584769.9795200003;1584769.9795200003;1660235.2166400002;1735700.4537600002;1509304.7424;1735700.4537600002;1660235.2166400002;1584769.9795200003;1735700.4537600002;1584769.9795200003;1509304.7424;389805.0346511938;355908.9446815248;355908.9446815248;372856.9896663593;389805.0346511938;338960.8996966903;389805.0346511938;372856.9896663593;355908.9446815248;389805.0346511938;355908.9446815248;338960.8996966903;836811.5107874871;764045.2924581404;764045.2924581404;800428.4016228138;836811.5107874871;727662.183293467;836811.5107874871;800428.4016228138;764045.2924581404;836811.5107874871;764045.2924581404;727662.183293467;2962316.999198681;2704724.2166596656;2704724.2166596656;2833520.6079291734;2962316.999198681;2575927.8253901573;2962316.999198681;2833520.6079291734;2704724.2166596656;2962316.999198681;2704724.2166596656;2575927.8253901573
JOYA;MTTO RIEGO & MOTOR;1487743.24608;1358374.2681600002;1358374.2681600002;1423058.7571200002;1487743.24608;1293689.7792;1487743.24608;1423058.7571200002;1358374.2681600002;1487743.24608;1358374.2681600002;1293689.7792;334118.60112959467;305064.8097270213;305064.8097270213;319591.705428308;334118.60112959467;290537.9140257345;334118.60112959467;319591.705428308;305064.8097270213;334118.60112959467;305064.8097270213;290537.9140257345;717267.0092464174;654895.9649641203;654895.9649641203;686081.4871052689;717267.0092464174;623710.4428229716;717267.0092464174;686081.4871052689;654895.9649641203;717267.0092464174;654895.9649641203;623710.4428229716;2539128.856456012;2318335.0428511417;2318335.0428511417;2428731.949653577;2539128.856456012;2207938.1360487062;2539128.856456012;2428731.949653577;2318335.0428511417;2539128.856456012;2318335.0428511417;2207938.1360487062
ESMERALDA;MTTO RIEGO & MOTOR;0.0;0.0;0.0;0.0;0.0;0.0;0.0;0.0;0.0;0.0;0.0;0.0;0.0;0.0;0.0;0.0;0.0;0.0;0.0;0.0;0.0;0.0;0.0;0.0;0.0;0.0;0.0;0.0;0.0;0.0;0.0;0.0;0.0;0.0;0.0;0.0;0.0;0.0;0.0;0.0;0.0;0.0;0.0;0.0;0.0;0.0;0.0;0.0
NARANJOS;MTTO RIEGO & MOTOR;495914.41536;452791.4227200001;452791.4227200001;474352.9190400001;495914.41536;431229.92640000005;495914.41536;474352.9190400001;452791.4227200001;495914.41536;452791.4227200001;431229.92640000005;111372.86704319823;101688.2699090071;101688.2699090071;106530.56847610268;111372.86704319823;96845.97134191151;111372.86704319823;106530.56847610268;101688.2699090071;111372.86704319823;101688.2699090071;96845.97134191151;239089.00308213913;218298.65498804013;218298.65498804013;228693.8290350897;239089.00308213913;207903.4809409906;239089.00308213913;228693.8290350897;218298.65498804013;239089.00308213913;218298.65498804013;207903.4809409906;846376.2854853373;772778.3476170473;772778.3476170473;809577.3165511925;846376.2854853373;735979.3786829022;846376.2854853373;809577.3165511925;772778.3476170473;846376.2854853373;772778.3476170473;735979.3786829022
YUNQUE;MTTO RIEGO & MOTOR;247957.20768;226395.71136000004;226395.71136000004;237176.45952000006;247957.20768;215614.96320000003;247957.20768;237176.45952000006;226395.71136000004;247957.20768;226395.71136000004;215614.96320000003;55686.433521599116;50844.13495450355;50844.13495450355;53265.28423805134;55686.433521599116;48422.98567095576;55686.433521599116;53265.28423805134;50844.13495450355;55686.433521599116;50844.13495450355;48422.98567095576;119544.50154106956;109149.32749402006;109149.32749402006;114346.91451754485;119544.50154106956;103951.7404704953;119544.50154106956;114346.91451754485;109149.32749402006;119544.50154106956;109149.32749402006;103951.7404704953;423188.1427426686;386389.1738085236;386389.1738085236;404788.6582755963;423188.1427426686;367989.6893414511;423188.1427426686;404788.6582755963;386389.1738085236;423188.1427426686;386389.1738085236;367989.6893414511
DONAMA;MTTO RIEGO & MOTOR;991828.83072;905582.8454400002;905582.8454400002;948705.8380800002;991828.83072;862459.8528000001;991828.83072;948705.8380800002;905582.8454400002;991828.83072;905582.8454400002;862459.8528000001;222745.73408639646;203376.5398180142;203376.5398180142;213061.13695220536;222745.73408639646;193691.94268382303;222745.73408639646;213061.13695220536;203376.5398180142;222745.73408639646;203376.5398180142;193691.94268382303;478178.00616427825;436597.30997608026;436597.30997608026;457387.6580701794;478178.00616427825;415806.9618819812;478178.00616427825;457387.6580701794;436597.30997608026;478178.00616427825;436597.30997608026;415806.9618819812;1692752.5709706745;1545556.6952340945;1545556.6952340945;1619154.633102385;1692752.5709706745;1471958.7573658044;1692752.5709706745;1619154.633102385;1545556.6952340945;1692752.5709706745;1545556.6952340945;1471958.7573658044
BURDEOS;MTTO RIEGO & MOTOR;0.0;0.0;0.0;0.0;0.0;0.0;0.0;0.0;0.0;0.0;0.0;0.0;0.0;0.0;0.0;0.0;0.0;0.0;0.0;0.0;0.0;0.0;0.0;0.0;0.0;0.0;0.0;0.0;0.0;0.0;0.0;0.0;0.0;0.0;0.0;0.0;0.0;0.0;0.0;0.0;0.0;0.0;0.0;0.0;0.0;0.0;0.0;0.0
DON MARCE SUR 2;MTTO RIEGO & MOTOR;451409.27551999997;412156.29504;412156.29504;431782.78528000007;451409.27551999997;392529.80480000004;451409.27551999997;431782.78528000007;412156.29504;451409.27551999997;412156.29504;392529.80480000004;101377.86615470608;92562.39953255773;92562.39953255773;96970.13284363192;101377.86615470608;88154.66622148357;101377.86615470608;96970.13284363192;92562.39953255773;101377.86615470608;92562.39953255773;88154.66622148357;217632.29767733175;198707.75005321598;198707.75005321598;208170.0238652739;217632.29767733175;189245.4762411581;217632.29767733175;208170.0238652739;198707.75005321598;217632.29767733175;198707.75005321598;189245.4762411581;770419.4393520377;703426.4446257737;703426.4446257737;736922.9419889059;770419.4393520377;669929.9472626417;770419.4393520377;736922.9419889059;703426.4446257737;770419.4393520377;703426.4446257737;669929.9472626417
LAS MARGARITAS;MTTO RIEGO & MOTOR;756587.37728;690797.1705600001;690797.1705600001;723692.2739200001;756587.37728;657902.0672;756587.37728;723692.2739200001;690797.1705600001;756587.37728;690797.1705600001;657902.0672;169915.01510436652;155139.79639963905;155139.79639963905;162527.40575200279;169915.01510436652;147752.18704727525;169915.01510436652;162527.40575200279;155139.79639963905;169915.01510436652;155139.79639963905;147752.18704727525;364763.99188172515;333045.38389200997;333045.38389200997;348904.6878868675;364763.99188172515;317186.07989715226;364763.99188172515;348904.6878868675;333045.38389200997;364763.99188172515;333045.38389200997;317186.07989715226;1291266.3842660917;1178982.3508516492;1178982.3508516492;1235124.3675588702;1291266.3842660917;1122840.3341444274;1291266.3842660917;1235124.3675588702;1178982.3508516492;1291266.3842660917;1178982.3508516492;1122840.3341444274
LA CECILIA;MTTO RIEGO & MOTOR;495914.41536;452791.4227200001;452791.4227200001;474352.9190400001;495914.41536;431229.92640000005;495914.41536;474352.9190400001;452791.4227200001;495914.41536;452791.4227200001;431229.92640000005;111372.86704319823;101688.2699090071;101688.2699090071;106530.56847610268;111372.86704319823;96845.97134191151;111372.86704319823;106530.56847610268;101688.2699090071;111372.86704319823;101688.2699090071;96845.97134191151;239089.00308213913;218298.65498804013;218298.65498804013;228693.8290350897;239089.00308213913;207903.4809409906;239089.00308213913;228693.8290350897;218298.65498804013;239089.00308213913;218298.65498804013;207903.4809409906;846376.2854853373;772778.3476170473;772778.3476170473;809577.3165511925;846376.2854853373;735979.3786829022;846376.2854853373;809577.3165511925;772778.3476170473;846376.2854853373;772778.3476170473;735979.3786829022
JOSEFINA;MTTO RIEGO & MOTOR;743871.62304;679187.1340800001;679187.1340800001;711529.3785600001;743871.62304;646844.8896;743871.62304;711529.3785600001;679187.1340800001;743871.62304;679187.1340800001;646844.8896;167059.30056479733;152532.40486351066;152532.40486351066;159795.852714154;167059.30056479733;145268.95701286726;167059.30056479733;159795.852714154;152532.40486351066;167059.30056479733;152532.40486351066;145268.95701286726;358633.5046232087;327447.98248206015;327447.98248206015;343040.74355263443;358633.5046232087;311855.2214114858;358633.5046232087;343040.74355263443;327447.98248206015;358633.5046232087;327447.98248206015;311855.2214114858;1269564.428228006;1159167.5214255708;1159167.5214255708;1214365.9748267885;1269564.428228006;1103969.0680243531;1269564.428228006;1214365.9748267885;1159167.5214255708;1269564.428228006;1159167.5214255708;1103969.0680243531
SAN ALFREDO;MTTO RIEGO & MOTOR;619893.0192;565989.2784000001;565989.2784000001;592941.1488000001;619893.0192;539037.408;619893.0192;592941.1488000001;565989.2784000001;619893.0192;565989.2784000001;539037.408;139216.08380399778;127110.33738625886;127110.33738625886;133163.21059512833;139216.08380399778;121057.4641773894;139216.08380399778;133163.21059512833;127110.33738625886;139216.08380399778;127110.33738625886;121057.4641773894;298861.2538526739;272873.31873505015;272873.31873505015;285867.28629386204;298861.2538526739;259879.3511762382;298861.2538526739;285867.28629386204;272873.31873505015;298861.2538526739;272873.31873505015;259879.3511762382;1057970.3568566716;965972.9345213091;965972.9345213091;1011971.6456889905;1057970.3568566716;919974.2233536276;1057970.3568566716;1011971.6456889905;965972.9345213091;1057970.3568566716;965972.9345213091;919974.2233536276
VICTORIA;MTTO RIEGO & MOTOR;1487743.24608;1358374.2681600002;1358374.2681600002;1423058.7571200002;1487743.24608;1293689.7792;1487743.24608;1423058.7571200002;1358374.2681600002;1487743.24608;1358374.2681600002;1293689.7792;334118.60112959467;305064.8097270213;305064.8097270213;319591.705428308;334118.60112959467;290537.9140257345;334118.60112959467;319591.705428308;305064.8097270213;334118.60112959467;305064.8097270213;290537.9140257345;717267.0092464174;654895.9649641203;654895.9649641203;686081.4871052689;717267.0092464174;623710.4428229716;717267.0092464174;686081.4871052689;654895.9649641203;717267.0092464174;654895.9649641203;623710.4428229716;2539128.856456012;2318335.0428511417;2318335.0428511417;2428731.949653577;2539128.856456012;2207938.1360487062;2539128.856456012;2428731.949653577;2318335.0428511417;2539128.856456012;2318335.0428511417;2207938.1360487062
CIRCASIA;MTTO RIEGO & MOTOR;991828.83072;905582.8454400002;905582.8454400002;948705.8380800002;991828.83072;862459.8528000001;991828.83072;948705.8380800002;905582.8454400002;991828.83072;905582.8454400002;862459.8528000001;222745.73408639646;203376.5398180142;203376.5398180142;213061.13695220536;222745.73408639646;193691.94268382303;222745.73408639646;213061.13695220536;203376.5398180142;222745.73408639646;203376.5398180142;193691.94268382303;478178.00616427825;436597.30997608026;436597.30997608026;457387.6580701794;478178.00616427825;415806.9618819812;478178.00616427825;457387.6580701794;436597.30997608026;478178.00616427825;436597.30997608026;415806.9618819812;1692752.5709706745;1545556.6952340945;1545556.6952340945;1619154.633102385;1692752.5709706745;1471958.7573658044;1692752.5709706745;1619154.633102385;1545556.6952340945;1692752.5709706745;1545556.6952340945;1471958.7573658044
CIENAGA;MTTO RIEGO & MOTOR;619893.0192;565989.2784000001;565989.2784000001;592941.1488000001;619893.0192;539037.408;619893.0192;592941.1488000001;565989.2784000001;619893.0192;565989.2784000001;539037.408;139216.08380399778;127110.33738625886;127110.33738625886;133163.21059512833;139216.08380399778;121057.4641773894;139216.08380399778;133163.21059512833;127110.33738625886;139216.08380399778;127110.33738625886;121057.4641773894;298861.2538526739;272873.31873505015;272873.31873505015;285867.28629386204;298861.2538526739;259879.3511762382;298861.2538526739;285867.28629386204;272873.31873505015;298861.2538526739;272873.31873505015;259879.3511762382;1057970.3568566716;965972.9345213091;965972.9345213091;1011971.6456889905;1057970.3568566716;919974.2233536276;1057970.3568566716;1011971.6456889905;965972.9345213091;1057970.3568566716;965972.9345213091;919974.2233536276
MARIA;MTTO RIEGO & MOTOR;619893.0192;565989.2784000001;565989.2784000001;592941.1488000001;619893.0192;539037.408;619893.0192;592941.1488000001;565989.2784000001;619893.0192;565989.2784000001;539037.408;139216.08380399778;127110.33738625886;127110.33738625886;133163.21059512833;139216.08380399778;121057.4641773894;139216.08380399778;133163.21059512833;127110.33738625886;139216.08380399778;127110.33738625886;121057.4641773894;298861.2538526739;272873.31873505015;272873.31873505015;285867.28629386204;298861.2538526739;259879.3511762382;298861.2538526739;285867.28629386204;272873.31873505015;298861.2538526739;272873.31873505015;259879.3511762382;1057970.3568566716;965972.9345213091;965972.9345213091;1011971.6456889905;1057970.3568566716;919974.2233536276;1057970.3568566716;1011971.6456889905;965972.9345213091;1057970.3568566716;965972.9345213091;919974.2233536276
REMANSO;MTTO RIEGO & MOTOR;1983657.66144;1811165.6908800004;1811165.6908800004;1897411.6761600005;1983657.66144;1724919.7056000002;1983657.66144;1897411.6761600005;1811165.6908800004;1983657.66144;1811165.6908800004;1724919.7056000002;445491.4681727929;406753.0796360284;406753.0796360284;426122.2739044107;445491.4681727929;387383.88536764606;445491.4681727929;426122.2739044107;406753.0796360284;445491.4681727929;406753.0796360284;387383.88536764606;956356.0123285565;873194.6199521605;873194.6199521605;914775.3161403588;956356.0123285565;831613.9237639623;956356.0123285565;914775.3161403588;873194.6199521605;956356.0123285565;873194.6199521605;831613.9237639623;3385505.141941349;3091113.390468189;3091113.390468189;3238309.26620477;3385505.141941349;2943917.514731609;3385505.141941349;3238309.26620477;3091113.390468189;3385505.141941349;3091113.390468189;2943917.514731609
PIEDECUESTA;MTTO RIEGO & MOTOR;1735700.4537600002;1584769.9795200003;1584769.9795200003;1660235.2166400002;1735700.4537600002;1509304.7424;1735700.4537600002;1660235.2166400002;1584769.9795200003;1735700.4537600002;1584769.9795200003;1509304.7424;389805.0346511938;355908.9446815248;355908.9446815248;372856.9896663593;389805.0346511938;338960.8996966903;389805.0346511938;372856.9896663593;355908.9446815248;389805.0346511938;355908.9446815248;338960.8996966903;836811.5107874871;764045.2924581404;764045.2924581404;800428.4016228138;836811.5107874871;727662.183293467;836811.5107874871;800428.4016228138;764045.2924581404;836811.5107874871;764045.2924581404;727662.183293467;2962316.999198681;2704724.2166596656;2704724.2166596656;2833520.6079291734;2962316.999198681;2575927.8253901573;2962316.999198681;2833520.6079291734;2704724.2166596656;2962316.999198681;2704724.2166596656;2575927.8253901573
NAUTICA;MTTO RIEGO & MOTOR;1735700.4537600002;1584769.9795200003;1584769.9795200003;1660235.2166400002;1735700.4537600002;1509304.7424;1735700.4537600002;1660235.2166400002;1584769.9795200003;1735700.4537600002;1584769.9795200003;1509304.7424;389805.0346511938;355908.9446815248;355908.9446815248;372856.9896663593;389805.0346511938;338960.8996966903;389805.0346511938;372856.9896663593;355908.9446815248;389805.0346511938;355908.9446815248;338960.8996966903;836811.5107874871;764045.2924581404;764045.2924581404;800428.4016228138;836811.5107874871;727662.183293467;836811.5107874871;800428.4016228138;764045.2924581404;836811.5107874871;764045.2924581404;727662.183293467;2962316.999198681;2704724.2166596656;2704724.2166596656;2833520.6079291734;2962316.999198681;2575927.8253901573;2962316.999198681;2833520.6079291734;2704724.2166596656;2962316.999198681;2704724.2166596656;2575927.8253901573
LAS LINAS;MTTO RIEGO & MOTOR;2479572.0768;2263957.1136000003;2263957.1136000003;2371764.5952000003;2479572.0768;2156149.632;2479572.0768;2371764.5952000003;2263957.1136000003;2479572.0768;2263957.1136000003;2156149.632;556864.3352159911;508441.34954503545;508441.34954503545;532652.8423805133;556864.3352159911;484229.8567095576;556864.3352159911;532652.8423805133;508441.34954503545;556864.3352159911;508441.34954503545;484229.8567095576;1195445.0154106957;1091493.2749402006;1091493.2749402006;1143469.1451754482;1195445.0154106957;1039517.4047049528;1195445.0154106957;1143469.1451754482;1091493.2749402006;1195445.0154106957;1091493.2749402006;1039517.4047049528;4231881.4274266865;3863891.7380852364;3863891.7380852364;4047886.582755962;4231881.4274266865;3679896.8934145104;4231881.4274266865;4047886.582755962;3863891.7380852364;4231881.4274266865;3863891.7380852364;3679896.8934145104
DON ALI;MTTO RIEGO & MOTOR;1239786.0384;1131978.5568000001;1131978.5568000001;1185882.2976000002;1239786.0384;1078074.816;1239786.0384;1185882.2976000002;1131978.5568000001;1239786.0384;1131978.5568000001;1078074.816;278432.16760799557;254220.67477251773;254220.67477251773;266326.42119025666;278432.16760799557;242114.9283547788;278432.16760799557;266326.42119025666;254220.67477251773;278432.16760799557;254220.67477251773;242114.9283547788;597722.5077053478;545746.6374701003;545746.6374701003;571734.5725877241;597722.5077053478;519758.7023524764;597722.5077053478;571734.5725877241;545746.6374701003;597722.5077053478;545746.6374701003;519758.7023524764;2115940.7137133433;1931945.8690426182;1931945.8690426182;2023943.291377981;2115940.7137133433;1839948.4467072552;2115940.7137133433;2023943.291377981;1931945.8690426182;2115940.7137133433;1931945.8690426182;1839948.4467072552
DR4 DON ALI;MTTO RIEGO & MOTOR;247957.20768;226395.71136000004;226395.71136000004;237176.45952000006;247957.20768;215614.96320000003;247957.20768;237176.45952000006;226395.71136000004;247957.20768;226395.71136000004;215614.96320000003;55686.433521599116;50844.13495450355;50844.13495450355;53265.28423805134;55686.433521599116;48422.98567095576;55686.433521599116;53265.28423805134;50844.13495450355;55686.433521599116;50844.13495450355;48422.98567095576;119544.50154106956;109149.32749402006;109149.32749402006;114346.91451754485;119544.50154106956;103951.7404704953;119544.50154106956;114346.91451754485;109149.32749402006;119544.50154106956;109149.32749402006;103951.7404704953;423188.1427426686;386389.1738085236;386389.1738085236;404788.6582755963;423188.1427426686;367989.6893414511;423188.1427426686;404788.6582755963;386389.1738085236;423188.1427426686;386389.1738085236;367989.6893414511
DON CARLOS;MTTO RIEGO & MOTOR;495914.41536;452791.4227200001;452791.4227200001;474352.9190400001;495914.41536;431229.92640000005;495914.41536;474352.9190400001;452791.4227200001;495914.41536;452791.4227200001;431229.92640000005;111372.86704319823;101688.2699090071;101688.2699090071;106530.56847610268;111372.86704319823;96845.97134191151;111372.86704319823;106530.56847610268;101688.2699090071;111372.86704319823;101688.2699090071;96845.97134191151;239089.00308213913;218298.65498804013;218298.65498804013;228693.8290350897;239089.00308213913;207903.4809409906;239089.00308213913;228693.8290350897;218298.65498804013;239089.00308213913;218298.65498804013;207903.4809409906;846376.2854853373;772778.3476170473;772778.3476170473;809577.3165511925;846376.2854853373;735979.3786829022;846376.2854853373;809577.3165511925;772778.3476170473;846376.2854853373;772778.3476170473;735979.3786829022
EVA NORTE;MTTO RIEGO & MOTOR;2479572.0768;2263957.1136000003;2263957.1136000003;2371764.5952000003;2479572.0768;2156149.632;2479572.0768;2371764.5952000003;2263957.1136000003;2479572.0768;2263957.1136000003;2156149.632;556864.3352159911;508441.34954503545;508441.34954503545;532652.8423805133;556864.3352159911;484229.8567095576;556864.3352159911;532652.8423805133;508441.34954503545;556864.3352159911;508441.34954503545;484229.8567095576;1195445.0154106957;1091493.2749402006;1091493.2749402006;1143469.1451754482;1195445.0154106957;1039517.4047049528;1195445.0154106957;1143469.1451754482;1091493.2749402006;1195445.0154106957;1091493.2749402006;1039517.4047049528;4231881.4274266865;3863891.7380852364;3863891.7380852364;4047886.582755962;4231881.4274266865;3679896.8934145104;4231881.4274266865;4047886.582755962;3863891.7380852364;4231881.4274266865;3863891.7380852364;3679896.8934145104
DON PEDRO;MTTO RIEGO & MOTOR;991828.83072;905582.8454400002;905582.8454400002;948705.8380800002;991828.83072;862459.8528000001;991828.83072;948705.8380800002;905582.8454400002;991828.83072;905582.8454400002;862459.8528000001;222745.73408639646;203376.5398180142;203376.5398180142;213061.13695220536;222745.73408639646;193691.94268382303;222745.73408639646;213061.13695220536;203376.5398180142;222745.73408639646;203376.5398180142;193691.94268382303;478178.00616427825;436597.30997608026;436597.30997608026;457387.6580701794;478178.00616427825;415806.9618819812;478178.00616427825;457387.6580701794;436597.30997608026;478178.00616427825;436597.30997608026;415806.9618819812;1692752.5709706745;1545556.6952340945;1545556.6952340945;1619154.633102385;1692752.5709706745;1471958.7573658044;1692752.5709706745;1619154.633102385;1545556.6952340945;1692752.5709706745;1545556.6952340945;1471958.7573658044
LA VELA;MTTO RIEGO & MOTOR;991828.83072;905582.8454400002;905582.8454400002;948705.8380800002;991828.83072;862459.8528000001;991828.83072;948705.8380800002;905582.8454400002;991828.83072;905582.8454400002;862459.8528000001;222745.73408639646;203376.5398180142;203376.5398180142;213061.13695220536;222745.73408639646;193691.94268382303;222745.73408639646;213061.13695220536;203376.5398180142;222745.73408639646;203376.5398180142;193691.94268382303;478178.00616427825;436597.30997608026;436597.30997608026;457387.6580701794;478178.00616427825;415806.9618819812;478178.00616427825;457387.6580701794;436597.30997608026;478178.00616427825;436597.30997608026;415806.9618819812;1692752.5709706745;1545556.6952340945;1545556.6952340945;1619154.633102385;1692752.5709706745;1471958.7573658044;1692752.5709706745;1619154.633102385;1545556.6952340945;1692752.5709706745;1545556.6952340945;1471958.7573658044
ESPERANZA;MTTO RIEGO & MOTOR;743871.62304;679187.1340800001;679187.1340800001;711529.3785600001;743871.62304;646844.8896;743871.62304;711529.3785600001;679187.1340800001;743871.62304;679187.1340800001;646844.8896;167059.30056479733;152532.40486351066;152532.40486351066;159795.852714154;167059.30056479733;145268.95701286726;167059.30056479733;159795.852714154;152532.40486351066;167059.30056479733;152532.40486351066;145268.95701286726;358633.5046232087;327447.98248206015;327447.98248206015;343040.74355263443;358633.5046232087;311855.2214114858;358633.5046232087;343040.74355263443;327447.98248206015;358633.5046232087;327447.98248206015;311855.2214114858;1269564.428228006;1159167.5214255708;1159167.5214255708;1214365.9748267885;1269564.428228006;1103969.0680243531;1269564.428228006;1214365.9748267885;1159167.5214255708;1269564.428228006;1159167.5214255708;1103969.0680243531
LINA MARGARITA;MTTO RIEGO & MOTOR;495914.41536;452791.4227200001;452791.4227200001;474352.9190400001;495914.41536;431229.92640000005;495914.41536;474352.9190400001;452791.4227200001;495914.41536;452791.4227200001;431229.92640000005;111372.86704319823;101688.2699090071;101688.2699090071;106530.56847610268;111372.86704319823;96845.97134191151;111372.86704319823;106530.56847610268;101688.2699090071;111372.86704319823;101688.2699090071;96845.97134191151;239089.00308213913;218298.65498804013;218298.65498804013;228693.8290350897;239089.00308213913;207903.4809409906;239089.00308213913;228693.8290350897;218298.65498804013;239089.00308213913;218298.65498804013;207903.4809409906;846376.2854853373;772778.3476170473;772778.3476170473;809577.3165511925;846376.2854853373;735979.3786829022;846376.2854853373;809577.3165511925;772778.3476170473;846376.2854853373;772778.3476170473;735979.3786829022
DON MARCE;MTTO RIEGO & MOTOR;1487743.24608;1358374.2681600002;1358374.2681600002;1423058.7571200002;1487743.24608;1293689.7792;1487743.24608;1423058.7571200002;1358374.2681600002;1487743.24608;1358374.2681600002;1293689.7792;334118.60112959467;305064.8097270213;305064.8097270213;319591.705428308;334118.60112959467;290537.9140257345;334118.60112959467;319591.705428308;305064.8097270213;334118.60112959467;305064.8097270213;290537.9140257345;717267.0092464174;654895.9649641203;654895.9649641203;686081.4871052689;717267.0092464174;623710.4428229716;717267.0092464174;686081.4871052689;654895.9649641203;717267.0092464174;654895.9649641203;623710.4428229716;2539128.856456012;2318335.0428511417;2318335.0428511417;2428731.949653577;2539128.856456012;2207938.1360487062;2539128.856456012;2428731.949653577;2318335.0428511417;2539128.856456012;2318335.0428511417;2207938.1360487062
ENANO;SIEMBRA;4095770.448;3739616.496;3739616.496;3917693.472;4095770.448;3561539.52;4095770.448;3917693.472;3739616.496;4095770.448;3739616.496;3561539.52;919831.4939351482;839846.1466364397;839846.1466364397;879838.8202857941;919831.4939351482;799853.4729870855;919831.4939351482;879838.8202857941;839846.1466364397;919831.4939351482;839846.1466364397;799853.4729870855;1974642.4845398678;1802934.4424059663;1802934.4424059663;1888788.4634729172;1974642.4845398678;1717080.4213390155;1974642.4845398678;1888788.4634729172;1802934.4424059663;1974642.4845398678;1802934.4424059663;1717080.4213390155;6990244.426475016;6382397.085042406;6382397.085042406;6686320.755758712;6990244.426475016;6078473.414326101;6990244.426475016;6686320.755758712;6382397.085042406;6990244.426475016;6382397.085042406;6078473.414326101
EVA;SIEMBRA;3276616.3584;2991693.1968;2991693.1968;3134154.7775999997;3276616.3584;2849231.616;3276616.3584;3134154.7775999997;2991693.1968;3276616.3584;2991693.1968;2849231.616;735865.1951481187;671876.9173091518;671876.9173091518;703871.0562286351;735865.1951481187;639882.7783896683;735865.1951481187;703871.0562286351;671876.9173091518;735865.1951481187;671876.9173091518;639882.7783896683;1579713.9876318942;1442347.5539247731;1442347.5539247731;1511030.7707783333;1579713.9876318942;1373664.3370712125;1579713.9876318942;1511030.7707783333;1442347.5539247731;1579713.9876318942;1442347.5539247731;1373664.3370712125;5592195.541180013;5105917.668033925;5105917.668033925;5349056.604606967;5592195.541180013;4862778.7314608805;5592195.541180013;5349056.604606967;5105917.668033925;5592195.541180013;5105917.668033925;4862778.7314608805
SAMI;SIEMBRA;4914924.537599999;4487539.7952;4487539.7952;4701232.1664;4914924.537599999;4273847.424;4914924.537599999;4701232.1664;4487539.7952;4914924.537599999;4487539.7952;4273847.424;1103797.792722178;1007815.3759637276;1007815.3759637276;1055806.584342953;1103797.792722178;959824.1675845025;1103797.792722178;1055806.584342953;1007815.3759637276;1103797.792722178;1007815.3759637276;959824.1675845025;2369570.981447841;2163521.3308871593;2163521.3308871593;2266546.1561675007;2369570.981447841;2060496.5056068182;2369570.981447841;2266546.1561675007;2163521.3308871593;2369570.981447841;2163521.3308871593;2060496.5056068182;8388293.311770018;7658876.502050887;7658876.502050887;8023584.906910454;8388293.311770018;7294168.09719132;8388293.311770018;8023584.906910454;7658876.502050887;8388293.311770018;7658876.502050887;7294168.09719132
VEGA;SIEMBRA;1638308.1792;1495846.5984;1495846.5984;1567077.3887999998;1638308.1792;1424615.808;1638308.1792;1567077.3887999998;1495846.5984;1638308.1792;1495846.5984;1424615.808;367932.5975740593;335938.4586545759;335938.4586545759;351935.52811431757;367932.5975740593;319941.38919483416;367932.5975740593;351935.52811431757;335938.4586545759;367932.5975740593;335938.4586545759;319941.38919483416;789856.9938159471;721173.7769623866;721173.7769623866;755515.3853891667;789856.9938159471;686832.1685356062;789856.9938159471;755515.3853891667;721173.7769623866;789856.9938159471;721173.7769623866;686832.1685356062;2796097.7705900064;2552958.8340169624;2552958.8340169624;2674528.3023034837;2796097.7705900064;2431389.3657304402;2796097.7705900064;2674528.3023034837;2552958.8340169624;2796097.7705900064;2552958.8340169624;2431389.3657304402
FEDERICA;SIEMBRA;4914924.537599999;4487539.7952;4487539.7952;4701232.1664;4914924.537599999;4273847.424;4914924.537599999;4701232.1664;4487539.7952;4914924.537599999;4487539.7952;4273847.424;1103797.792722178;1007815.3759637276;1007815.3759637276;1055806.584342953;1103797.792722178;959824.1675845025;1103797.792722178;1055806.584342953;1007815.3759637276;1103797.792722178;1007815.3759637276;959824.1675845025;2369570.981447841;2163521.3308871593;2163521.3308871593;2266546.1561675007;2369570.981447841;2060496.5056068182;2369570.981447841;2266546.1561675007;2163521.3308871593;2369570.981447841;2163521.3308871593;2060496.5056068182;8388293.311770018;7658876.502050887;7658876.502050887;8023584.906910454;8388293.311770018;7294168.09719132;8388293.311770018;8023584.906910454;7658876.502050887;8388293.311770018;7658876.502050887;7294168.09719132
NEERLANDIA;SIEMBRA;3276616.3584;2991693.1968;2991693.1968;3134154.7775999997;3276616.3584;2849231.616;3276616.3584;3134154.7775999997;2991693.1968;3276616.3584;2991693.1968;2849231.616;735865.1951481187;671876.9173091518;671876.9173091518;703871.0562286351;735865.1951481187;639882.7783896683;735865.1951481187;703871.0562286351;671876.9173091518;735865.1951481187;671876.9173091518;639882.7783896683;1579713.9876318942;1442347.5539247731;1442347.5539247731;1511030.7707783333;1579713.9876318942;1373664.3370712125;1579713.9876318942;1511030.7707783333;1442347.5539247731;1579713.9876318942;1442347.5539247731;1373664.3370712125;5592195.541180013;5105917.668033925;5105917.668033925;5349056.604606967;5592195.541180013;4862778.7314608805;5592195.541180013;5349056.604606967;5105917.668033925;5592195.541180013;5105917.668033925;4862778.7314608805
SAN ANTONIO;SIEMBRA;3276616.3584;2991693.1968;2991693.1968;3134154.7775999997;3276616.3584;2849231.616;3276616.3584;3134154.7775999997;2991693.1968;3276616.3584;2991693.1968;2849231.616;735865.1951481187;671876.9173091518;671876.9173091518;703871.0562286351;735865.1951481187;639882.7783896683;735865.1951481187;703871.0562286351;671876.9173091518;735865.1951481187;671876.9173091518;639882.7783896683;1579713.9876318942;1442347.5539247731;1442347.5539247731;1511030.7707783333;1579713.9876318942;1373664.3370712125;1579713.9876318942;1511030.7707783333;1442347.5539247731;1579713.9876318942;1442347.5539247731;1373664.3370712125;5592195.541180013;5105917.668033925;5105917.668033925;5349056.604606967;5592195.541180013;4862778.7314608805;5592195.541180013;5349056.604606967;5105917.668033925;5592195.541180013;5105917.668033925;4862778.7314608805
MRS;SIEMBRA;982984.9075199999;897507.9590400001;897507.9590400001;940246.43328;982984.9075199999;854769.4848;982984.9075199999;940246.43328;897507.9590400001;982984.9075199999;897507.9590400001;854769.4848;220759.55854443557;201563.07519274557;201563.07519274557;211161.31686859057;220759.55854443557;191964.83351690051;220759.55854443557;211161.31686859057;201563.07519274557;220759.55854443557;201563.07519274557;191964.83351690051;473914.1962895682;432704.266177432;432704.266177432;453309.2312335001;473914.1962895682;412099.3011213637;473914.1962895682;453309.2312335001;432704.266177432;473914.1962895682;432704.266177432;412099.3011213637;1677658.6623540036;1531775.3004101776;1531775.3004101776;1604716.9813820908;1677658.6623540036;1458833.6194382643;1677658.6623540036;1604716.9813820908;1531775.3004101776;1677658.6623540036;1531775.3004101776;1458833.6194382643
DON FUAD;SIEMBRA;3276616.3584;2991693.1968;2991693.1968;3134154.7775999997;3276616.3584;2849231.616;3276616.3584;3134154.7775999997;2991693.1968;3276616.3584;2991693.1968;2849231.616;735865.1951481187;671876.9173091518;671876.9173091518;703871.0562286351;735865.1951481187;639882.7783896683;735865.1951481187;703871.0562286351;671876.9173091518;735865.1951481187;671876.9173091518;639882.7783896683;1579713.9876318942;1442347.5539247731;1442347.5539247731;1511030.7707783333;1579713.9876318942;1373664.3370712125;1579713.9876318942;1511030.7707783333;1442347.5539247731;1579713.9876318942;1442347.5539247731;1373664.3370712125;5592195.541180013;5105917.668033925;5105917.668033925;5349056.604606967;5592195.541180013;4862778.7314608805;5592195.541180013;5349056.604606967;5105917.668033925;5592195.541180013;5105917.668033925;4862778.7314608805
EUFEMIA;SIEMBRA;6553232.7168;5983386.3936;5983386.3936;6268309.555199999;6553232.7168;5698463.232;6553232.7168;6268309.555199999;5983386.3936;6553232.7168;5983386.3936;5698463.232;1471730.3902962373;1343753.8346183037;1343753.8346183037;1407742.1124572703;1471730.3902962373;1279765.5567793366;1471730.3902962373;1407742.1124572703;1343753.8346183037;1471730.3902962373;1343753.8346183037;1279765.5567793366;3159427.9752637884;2884695.1078495462;2884695.1078495462;3022061.5415566666;3159427.9752637884;2747328.674142425;3159427.9752637884;3022061.5415566666;2884695.1078495462;3159427.9752637884;2884695.1078495462;2747328.674142425;11184391.082360025;10211835.33606785;10211835.33606785;10698113.209213935;11184391.082360025;9725557.462921761;11184391.082360025;10698113.209213935;10211835.33606785;11184391.082360025;10211835.33606785;9725557.462921761
OLGA;SIEMBRA;1146815.72544;1047092.61888;1047092.61888;1096954.17216;1146815.72544;997231.0656;1146815.72544;1096954.17216;1047092.61888;1146815.72544;1047092.61888;997231.0656;257552.81830184153;235156.92105820312;235156.92105820312;246354.86968002236;257552.81830184153;223958.97243638392;257552.81830184153;246354.86968002236;235156.92105820312;257552.81830184153;235156.92105820312;223958.97243638392;552899.895671163;504821.64387367055;504821.64387367055;528860.7697724168;552899.895671163;480782.51797492435;552899.895671163;528860.7697724168;504821.64387367055;552899.895671163;504821.64387367055;480782.51797492435;1957268.4394130046;1787071.1838118737;1787071.1838118737;1872169.8116124393;1957268.4394130046;1701972.5560113082;1957268.4394130046;1872169.8116124393;1787071.1838118737;1957268.4394130046;1787071.1838118737;1701972.5560113082
DON SAID;SIEMBRA;9829849.075199999;8975079.5904;8975079.5904;9402464.3328;9829849.075199999;8547694.848;9829849.075199999;9402464.3328;8975079.5904;9829849.075199999;8975079.5904;8547694.848;2207595.585444356;2015630.7519274552;2015630.7519274552;2111613.168685906;2207595.585444356;1919648.335169005;2207595.585444356;2111613.168685906;2015630.7519274552;2207595.585444356;2015630.7519274552;1919648.335169005;4739141.962895682;4327042.661774319;4327042.661774319;4533092.312335001;4739141.962895682;4120993.0112136365;4739141.962895682;4533092.312335001;4327042.661774319;4739141.962895682;4327042.661774319;4120993.0112136365;16776586.623540036;15317753.004101774;15317753.004101774;16047169.813820908;16776586.623540036;14588336.19438264;16776586.623540036;16047169.813820908;15317753.004101774;16776586.623540036;15317753.004101774;14588336.19438264
ASUNTINA;SIEMBRA;369669.5379127771;337524.3607029705;337524.3607029705;353596.9493078738;369669.5379127771;321451.77209806704;369669.5379127771;353596.9493078738;337524.3607029705;369669.5379127771;337524.3607029705;321451.77209806704;83020.68869281164;75801.49837169761;75801.49837169761;79411.09353225463;83020.68869281164;72191.90321114057;83020.68869281164;79411.09353225463;75801.49837169761;83020.68869281164;75801.49837169761;72191.90321114057;178224.14221462028;162726.39071769684;162726.39071769684;170475.26646615856;178224.14221462028;154977.51496923505;178224.14221462028;170475.26646615856;162726.39071769684;178224.14221462028;162726.39071769684;154977.51496923505;630914.368820209;576052.2497923649;576052.2497923649;603483.309306287;630914.368820209;548621.1902784427;630914.368820209;603483.309306287;576052.2497923649;630914.368820209;576052.2497923649;548621.1902784427
PORLAMAR;SIEMBRA;8601117.9408;7853194.6416;7853194.6416;8227156.2912;8601117.9408;7479232.992;8601117.9408;8227156.2912;7853194.6416;8601117.9408;7853194.6416;7479232.992;1931646.1372638114;1763676.9079365234;1763676.9079365234;1847661.5226001674;1931646.1372638114;1679692.2932728794;1931646.1372638114;1847661.5226001674;1763676.9079365234;1931646.1372638114;1763676.9079365234;1679692.2932728794;4146749.217533723;3786162.329052529;3786162.329052529;3966455.773293126;4146749.217533723;3605868.8848119327;4146749.217533723;3966455.773293126;3786162.329052529;4146749.217533723;3786162.329052529;3605868.8848119327;14679513.295597535;13403033.87858905;13403033.87858905;14041273.587093294;14679513.295597535;12764794.170084812;14679513.295597535;14041273.587093294;13403033.87858905;14679513.295597535;13403033.87858905;12764794.170084812
EL MORRO;SIEMBRA;819154.0896;747923.2992;747923.2992;783538.6943999999;819154.0896;712307.904;819154.0896;783538.6943999999;747923.2992;819154.0896;747923.2992;712307.904;183966.29878702966;167969.22932728796;167969.22932728796;175967.76405715878;183966.29878702966;159970.69459741708;183966.29878702966;175967.76405715878;167969.22932728796;183966.29878702966;167969.22932728796;159970.69459741708;394928.49690797355;360586.8884811933;360586.8884811933;377757.6926945833;394928.49690797355;343416.0842678031;394928.49690797355;377757.6926945833;360586.8884811933;394928.49690797355;360586.8884811933;343416.0842678031;1398048.8852950032;1276479.4170084812;1276479.4170084812;1337264.1511517419;1398048.8852950032;1215694.6828652201;1398048.8852950032;1337264.1511517419;1276479.4170084812;1398048.8852950032;1276479.4170084812;1215694.6828652201
LA PERLA;SIEMBRA;958410.284832;875070.260064;875070.260064;916740.2724480001;958410.284832;833400.24768;958410.284832;916740.2724480001;875070.260064;958410.284832;875070.260064;833400.24768;215240.56958082473;196523.9983129269;196523.9983129269;205882.28394687583;215240.56958082473;187165.71267897802;215240.56958082473;205882.28394687583;196523.9983129269;215240.56958082473;196523.9983129269;187165.71267897802;462066.3413823291;421886.6595229961;421886.6595229961;441976.50045266264;462066.3413823291;401796.81859332963;462066.3413823291;441976.50045266264;421886.6595229961;462066.3413823291;421886.6595229961;401796.81859332963;1635717.195795154;1493480.917899923;1493480.917899923;1564599.0568475386;1635717.195795154;1422362.7789523075;1635717.195795154;1564599.0568475386;1493480.917899923;1635717.195795154;1493480.917899923;1422362.7789523075
ARACATACA;SIEMBRA;4914924.537599999;4487539.7952;4487539.7952;4701232.1664;4914924.537599999;4273847.424;4914924.537599999;4701232.1664;4487539.7952;4914924.537599999;4487539.7952;4273847.424;1103797.792722178;1007815.3759637276;1007815.3759637276;1055806.584342953;1103797.792722178;959824.1675845025;1103797.792722178;1055806.584342953;1007815.3759637276;1103797.792722178;1007815.3759637276;959824.1675845025;2369570.981447841;2163521.3308871593;2163521.3308871593;2266546.1561675007;2369570.981447841;2060496.5056068182;2369570.981447841;2266546.1561675007;2163521.3308871593;2369570.981447841;2163521.3308871593;2060496.5056068182;8388293.311770018;7658876.502050887;7658876.502050887;8023584.906910454;8388293.311770018;7294168.09719132;8388293.311770018;8023584.906910454;7658876.502050887;8388293.311770018;7658876.502050887;7294168.09719132
BOCATOMA;SIEMBRA;2293631.45088;2094185.23776;2094185.23776;2193908.34432;2293631.45088;1994462.1312;2293631.45088;2193908.34432;2094185.23776;2293631.45088;2094185.23776;1994462.1312;515105.63660368306;470313.84211640625;470313.84211640625;492709.7393600447;515105.63660368306;447917.94487276784;515105.63660368306;492709.7393600447;470313.84211640625;515105.63660368306;470313.84211640625;447917.94487276784;1105799.791342326;1009643.2877473411;1009643.2877473411;1057721.5395448336;1105799.791342326;961565.0359498487;1105799.791342326;1057721.5395448336;1009643.2877473411;1105799.791342326;1009643.2877473411;961565.0359498487;3914536.878826009;3574142.3676237473;3574142.3676237473;3744339.6232248787;3914536.878826009;3403945.1120226164;3914536.878826009;3744339.6232248787;3574142.3676237473;3914536.878826009;3574142.3676237473;3403945.1120226164
JOYA;SIEMBRA;4505347.492799999;4113578.1456;4113578.1456;4309462.819200001;4505347.492799999;3917693.472;4505347.492799999;4309462.819200001;4113578.1456;4505347.492799999;4113578.1456;3917693.472;1011814.643328663;923830.7613000837;923830.7613000837;967822.7023143736;1011814.643328663;879838.8202857941;1011814.643328663;967822.7023143736;923830.7613000837;1011814.643328663;923830.7613000837;879838.8202857941;2172106.732993854;1983227.886646563;1983227.886646563;2077667.3098202094;2172106.732993854;1888788.4634729172;2172106.732993854;2077667.3098202094;1983227.886646563;2172106.732993854;1983227.886646563;1888788.4634729172;7689268.869122516;7020636.793546647;7020636.793546647;7354952.831334584;7689268.869122516;6686320.755758712;7689268.869122516;7354952.831334584;7020636.793546647;7689268.869122516;7020636.793546647;6686320.755758712
ESMERALDA;SIEMBRA;0.0;0.0;0.0;0.0;0.0;0.0;0.0;0.0;0.0;0.0;0.0;0.0;0.0;0.0;0.0;0.0;0.0;0.0;0.0;0.0;0.0;0.0;0.0;0.0;0.0;0.0;0.0;0.0;0.0;0.0;0.0;0.0;0.0;0.0;0.0;0.0;0.0;0.0;0.0;0.0;0.0;0.0;0.0;0.0;0.0;0.0;0.0;0.0
NARANJOS;SIEMBRA;2457462.2687999997;2243769.8976;2243769.8976;2350616.0832;2457462.2687999997;2136923.712;2457462.2687999997;2350616.0832;2243769.8976;2457462.2687999997;2243769.8976;2136923.712;551898.896361089;503907.6879818638;503907.6879818638;527903.2921714765;551898.896361089;479912.08379225124;551898.896361089;527903.2921714765;503907.6879818638;551898.896361089;503907.6879818638;479912.08379225124;1184785.4907239205;1081760.6654435797;1081760.6654435797;1133273.0780837503;1184785.4907239205;1030248.2528034091;1184785.4907239205;1133273.0780837503;1081760.6654435797;1184785.4907239205;1081760.6654435797;1030248.2528034091;4194146.655885009;3829438.2510254434;3829438.2510254434;4011792.453455227;4194146.655885009;3647084.04859566;4194146.655885009;4011792.453455227;3829438.2510254434;4194146.655885009;3829438.2510254434;3647084.04859566
YUNQUE;SIEMBRA;1556392.77024;1421054.26848;1421054.26848;1488723.51936;1556392.77024;1353385.0176;1556392.77024;1488723.51936;1421054.26848;1556392.77024;1421054.26848;1353385.0176;349535.96769535635;319141.53572184715;319141.53572184715;334338.7517086017;349535.96769535635;303944.31973509246;349535.96769535635;334338.7517086017;319141.53572184715;349535.96769535635;319141.53572184715;303944.31973509246;750364.1441251498;685115.0881142672;685115.0881142672;717739.6161197085;750364.1441251498;652490.5601088259;750364.1441251498;717739.6161197085;685115.0881142672;750364.1441251498;685115.0881142672;652490.5601088259;2656292.8820605064;2425310.892316114;2425310.892316114;2540801.8871883103;2656292.8820605064;2309819.8974439185;2656292.8820605064;2540801.8871883103;2425310.892316114;2656292.8820605064;2425310.892316114;2309819.8974439185
DONAMA;SIEMBRA;3030870.13152;2767316.2070400002;2767316.2070400002;2899093.16928;3030870.13152;2635539.2448;3030870.13152;2899093.16928;2767316.2070400002;3030870.13152;2767316.2070400002;2635539.2448;680675.3055120097;621486.1485109655;621486.1485109655;651080.7270114876;680675.3055120097;591891.5700104432;680675.3055120097;651080.7270114876;621486.1485109655;680675.3055120097;621486.1485109655;591891.5700104432;1461235.4385595021;1334171.4873804152;1334171.4873804152;1397703.4629699588;1461235.4385595021;1270639.5117908714;1461235.4385595021;1397703.4629699588;1334171.4873804152;1461235.4385595021;1334171.4873804152;1270639.5117908714;5172780.875591512;4722973.8429313805;4722973.8429313805;4947877.359261447;5172780.875591512;4498070.326601314;5172780.875591512;4947877.359261447;4722973.8429313805;5172780.875591512;4722973.8429313805;4498070.326601314
BURDEOS;SIEMBRA;0.0;0.0;0.0;0.0;0.0;0.0;0.0;0.0;0.0;0.0;0.0;0.0;0.0;0.0;0.0;0.0;0.0;0.0;0.0;0.0;0.0;0.0;0.0;0.0;0.0;0.0;0.0;0.0;0.0;0.0;0.0;0.0;0.0;0.0;0.0;0.0;0.0;0.0;0.0;0.0;0.0;0.0;0.0;0.0;0.0;0.0;0.0;0.0
DON MARCE SUR 2;SIEMBRA;1146815.72544;1047092.61888;1047092.61888;1096954.17216;1146815.72544;997231.0656;1146815.72544;1096954.17216;1047092.61888;1146815.72544;1047092.61888;997231.0656;257552.81830184153;235156.92105820312;235156.92105820312;246354.86968002236;257552.81830184153;223958.97243638392;257552.81830184153;246354.86968002236;235156.92105820312;257552.81830184153;235156.92105820312;223958.97243638392;552899.895671163;504821.64387367055;504821.64387367055;528860.7697724168;552899.895671163;480782.51797492435;552899.895671163;528860.7697724168;504821.64387367055;552899.895671163;504821.64387367055;480782.51797492435;1957268.4394130046;1787071.1838118737;1787071.1838118737;1872169.8116124393;1957268.4394130046;1701972.5560113082;1957268.4394130046;1872169.8116124393;1787071.1838118737;1957268.4394130046;1787071.1838118737;1701972.5560113082
LAS MARGARITAS;SIEMBRA;2457462.2687999997;2243769.8976;2243769.8976;2350616.0832;2457462.2687999997;2136923.712;2457462.2687999997;2350616.0832;2243769.8976;2457462.2687999997;2243769.8976;2136923.712;551898.896361089;503907.6879818638;503907.6879818638;527903.2921714765;551898.896361089;479912.08379225124;551898.896361089;527903.2921714765;503907.6879818638;551898.896361089;503907.6879818638;479912.08379225124;1184785.4907239205;1081760.6654435797;1081760.6654435797;1133273.0780837503;1184785.4907239205;1030248.2528034091;1184785.4907239205;1133273.0780837503;1081760.6654435797;1184785.4907239205;1081760.6654435797;1030248.2528034091;4194146.655885009;3829438.2510254434;3829438.2510254434;4011792.453455227;4194146.655885009;3647084.04859566;4194146.655885009;4011792.453455227;3829438.2510254434;4194146.655885009;3829438.2510254434;3647084.04859566
LA CECILIA;SIEMBRA;982984.9075199999;897507.9590400001;897507.9590400001;940246.43328;982984.9075199999;854769.4848;982984.9075199999;940246.43328;897507.9590400001;982984.9075199999;897507.9590400001;854769.4848;220759.55854443557;201563.07519274557;201563.07519274557;211161.31686859057;220759.55854443557;191964.83351690051;220759.55854443557;211161.31686859057;201563.07519274557;220759.55854443557;201563.07519274557;191964.83351690051;473914.1962895682;432704.266177432;432704.266177432;453309.2312335001;473914.1962895682;412099.3011213637;473914.1962895682;453309.2312335001;432704.266177432;473914.1962895682;432704.266177432;412099.3011213637;1677658.6623540036;1531775.3004101776;1531775.3004101776;1604716.9813820908;1677658.6623540036;1458833.6194382643;1677658.6623540036;1604716.9813820908;1531775.3004101776;1677658.6623540036;1531775.3004101776;1458833.6194382643
JOSEFINA;SIEMBRA;1638308.1792;1495846.5984;1495846.5984;1567077.3887999998;1638308.1792;1424615.808;1638308.1792;1567077.3887999998;1495846.5984;1638308.1792;1495846.5984;1424615.808;367932.5975740593;335938.4586545759;335938.4586545759;351935.52811431757;367932.5975740593;319941.38919483416;367932.5975740593;351935.52811431757;335938.4586545759;367932.5975740593;335938.4586545759;319941.38919483416;789856.9938159471;721173.7769623866;721173.7769623866;755515.3853891667;789856.9938159471;686832.1685356062;789856.9938159471;755515.3853891667;721173.7769623866;789856.9938159471;721173.7769623866;686832.1685356062;2796097.7705900064;2552958.8340169624;2552958.8340169624;2674528.3023034837;2796097.7705900064;2431389.3657304402;2796097.7705900064;2674528.3023034837;2552958.8340169624;2796097.7705900064;2552958.8340169624;2431389.3657304402
SAN ALFREDO;SIEMBRA;1146815.72544;1047092.61888;1047092.61888;1096954.17216;1146815.72544;997231.0656;1146815.72544;1096954.17216;1047092.61888;1146815.72544;1047092.61888;997231.0656;257552.81830184153;235156.92105820312;235156.92105820312;246354.86968002236;257552.81830184153;223958.97243638392;257552.81830184153;246354.86968002236;235156.92105820312;257552.81830184153;235156.92105820312;223958.97243638392;552899.895671163;504821.64387367055;504821.64387367055;528860.7697724168;552899.895671163;480782.51797492435;552899.895671163;528860.7697724168;504821.64387367055;552899.895671163;504821.64387367055;480782.51797492435;1957268.4394130046;1787071.1838118737;1787071.1838118737;1872169.8116124393;1957268.4394130046;1701972.5560113082;1957268.4394130046;1872169.8116124393;1787071.1838118737;1957268.4394130046;1787071.1838118737;1701972.5560113082
VICTORIA;SIEMBRA;4423432.0838399995;4038785.8156799995;4038785.8156799995;4231108.94976;4423432.0838399995;3846462.6816;4423432.0838399995;4231108.94976;4038785.8156799995;4423432.0838399995;4038785.8156799995;3846462.6816;993418.01344996;907033.8383673548;907033.8383673548;950225.9259086576;993418.01344996;863841.7508260523;993418.01344996;950225.9259086576;907033.8383673548;993418.01344996;907033.8383673548;863841.7508260523;2132613.8833030574;1947169.1977984433;1947169.1977984433;2039891.5405507507;2132613.8833030574;1854446.8550461368;2132613.8833030574;2039891.5405507507;1947169.1977984433;2132613.8833030574;1947169.1977984433;1854446.8550461368;7549463.980593017;6892988.851845797;6892988.851845797;7221226.416219409;7549463.980593017;6564751.2874721885;7549463.980593017;7221226.416219409;6892988.851845797;7549463.980593017;6892988.851845797;6564751.2874721885
CIRCASIA;SIEMBRA;2703208.4956799997;2468146.88736;2468146.88736;2585677.69152;2703208.4956799997;2350616.0831999998;2703208.4956799997;2585677.69152;2468146.88736;2703208.4956799997;2468146.88736;2350616.0831999998;607088.7859971978;554298.4567800503;554298.4567800503;580693.6213886241;607088.7859971978;527903.2921714764;607088.7859971978;580693.6213886241;554298.4567800503;607088.7859971978;554298.4567800503;527903.2921714764;1303264.0397963128;1189936.7319879378;1189936.7319879378;1246600.385892125;1303264.0397963128;1133273.07808375;1303264.0397963128;1246600.385892125;1189936.7319879378;1303264.0397963128;1189936.7319879378;1133273.07808375;4613561.321473511;4212382.076127988;4212382.076127988;4412971.698800749;4613561.321473511;4011792.4534552265;4613561.321473511;4412971.698800749;4212382.076127988;4613561.321473511;4212382.076127988;4011792.4534552265
CIENAGA;SIEMBRA;1146815.72544;1047092.61888;1047092.61888;1096954.17216;1146815.72544;997231.0656;1146815.72544;1096954.17216;1047092.61888;1146815.72544;1047092.61888;997231.0656;257552.81830184153;235156.92105820312;235156.92105820312;246354.86968002236;257552.81830184153;223958.97243638392;257552.81830184153;246354.86968002236;235156.92105820312;257552.81830184153;235156.92105820312;223958.97243638392;552899.895671163;504821.64387367055;504821.64387367055;528860.7697724168;552899.895671163;480782.51797492435;552899.895671163;528860.7697724168;504821.64387367055;552899.895671163;504821.64387367055;480782.51797492435;1957268.4394130046;1787071.1838118737;1787071.1838118737;1872169.8116124393;1957268.4394130046;1701972.5560113082;1957268.4394130046;1872169.8116124393;1787071.1838118737;1957268.4394130046;1787071.1838118737;1701972.5560113082
MARIA;SIEMBRA;1064900.3164799998;972300.28896;972300.28896;1018600.3027200002;1064900.3164799998;926000.2752;1064900.3164799998;1018600.3027200002;972300.28896;1064900.3164799998;972300.28896;926000.2752;239156.18842313852;218359.99812547435;218359.99812547435;228758.09327430648;239156.18842313852;207961.90297664225;239156.18842313852;228758.09327430648;218359.99812547435;239156.18842313852;218359.99812547435;207961.90297664225;513407.0459803656;468762.9550255513;468762.9550255513;491085.0005029585;513407.0459803656;446440.9095481441;513407.0459803656;491085.0005029585;468762.9550255513;513407.0459803656;468762.9550255513;446440.9095481441;1817463.550883504;1659423.2421110258;1659423.2421110258;1738443.396497265;1817463.550883504;1580403.0877247865;1817463.550883504;1738443.396497265;1659423.2421110258;1817463.550883504;1659423.2421110258;1580403.0877247865
REMANSO;SIEMBRA;8437287.122879999;7703609.98176;7703609.98176;8070448.552320001;8437287.122879999;7336771.4112;8437287.122879999;8070448.552320001;7703609.98176;8437287.122879999;7703609.98176;7336771.4112;1894852.8775064053;1730083.062071066;1730083.062071066;1812467.969788736;1894852.8775064053;1647698.154353396;1894852.8775064053;1812467.969788736;1730083.062071066;1894852.8775064053;1730083.062071066;1647698.154353396;4067763.518152127;3714044.9513562904;3714044.9513562904;3890904.23475421;4067763.518152127;3537185.6679583723;4067763.518152127;3890904.23475421;3714044.9513562904;4067763.518152127;3714044.9513562904;3537185.6679583723;14399903.51853853;13147737.995187355;13147737.995187355;13773820.756862948;14399903.51853853;12521655.233511768;14399903.51853853;13773820.756862948;13147737.995187355;14399903.51853853;13147737.995187355;12521655.233511768
PIEDECUESTA;SIEMBRA;3686193.4032;3365654.8463999997;3365654.8463999997;3525924.1248;3686193.4032;3205385.568;3686193.4032;3525924.1248;3365654.8463999997;3686193.4032;3365654.8463999997;3205385.568;827848.3445416335;755861.5319727957;755861.5319727957;791854.9382572146;827848.3445416335;719868.125688377;827848.3445416335;791854.9382572146;755861.5319727957;827848.3445416335;755861.5319727957;719868.125688377;1777178.2360858812;1622640.9981653695;1622640.9981653695;1699909.617125625;1777178.2360858812;1545372.379205114;1777178.2360858812;1699909.617125625;1622640.9981653695;1777178.2360858812;1622640.9981653695;1545372.379205114;6291219.9838275155;5744157.376538165;5744157.376538165;6017688.680182839;6291219.9838275155;5470626.072893491;6291219.9838275155;6017688.680182839;5744157.376538165;6291219.9838275155;5744157.376538165;5470626.072893491
NAUTICA;SIEMBRA;6798978.943679999;6207763.383359999;6207763.383359999;6503371.163520001;6798978.943679999;5912155.6032;6798978.943679999;6503371.163520001;6207763.383359999;6798978.943679999;6207763.383359999;5912155.6032;1526920.279932346;1394144.60341649;1394144.60341649;1460532.4416744183;1526920.279932346;1327756.7651585618;1526920.279932346;1460532.4416744183;1394144.60341649;1526920.279932346;1394144.60341649;1327756.7651585618;3277906.52433618;2992871.174393904;2992871.174393904;3135388.849365043;3277906.52433618;2850353.499422766;3277906.52433618;3135388.849365043;2992871.174393904;3277906.52433618;2992871.174393904;2850353.499422766;11603805.747948525;10594779.161170393;10594779.161170393;11099292.454559462;11603805.747948525;10090265.867781328;11603805.747948525;11099292.454559462;10594779.161170393;11603805.747948525;10594779.161170393;10090265.867781328
LAS LINAS;SIEMBRA;8191540.896;7479232.992;7479232.992;7835386.944;8191540.896;7123079.04;8191540.896;7835386.944;7479232.992;8191540.896;7479232.992;7123079.04;1839662.9878702965;1679692.2932728794;1679692.2932728794;1759677.6405715882;1839662.9878702965;1599706.945974171;1839662.9878702965;1759677.6405715882;1679692.2932728794;1839662.9878702965;1679692.2932728794;1599706.945974171;3949284.9690797357;3605868.8848119327;3605868.8848119327;3777576.9269458344;3949284.9690797357;3434160.842678031;3949284.9690797357;3777576.9269458344;3605868.8848119327;3949284.9690797357;3605868.8848119327;3434160.842678031;13980488.852950033;12764794.170084812;12764794.170084812;13372641.511517424;13980488.852950033;12156946.828652201;13980488.852950033;13372641.511517424;12764794.170084812;13980488.852950033;12764794.170084812;12156946.828652201
DON ALI;SIEMBRA;4914924.537599999;4487539.7952;4487539.7952;4701232.1664;4914924.537599999;4273847.424;4914924.537599999;4701232.1664;4487539.7952;4914924.537599999;4487539.7952;4273847.424;1103797.792722178;1007815.3759637276;1007815.3759637276;1055806.584342953;1103797.792722178;959824.1675845025;1103797.792722178;1055806.584342953;1007815.3759637276;1103797.792722178;1007815.3759637276;959824.1675845025;2369570.981447841;2163521.3308871593;2163521.3308871593;2266546.1561675007;2369570.981447841;2060496.5056068182;2369570.981447841;2266546.1561675007;2163521.3308871593;2369570.981447841;2163521.3308871593;2060496.5056068182;8388293.311770018;7658876.502050887;7658876.502050887;8023584.906910454;8388293.311770018;7294168.09719132;8388293.311770018;8023584.906910454;7658876.502050887;8388293.311770018;7658876.502050887;7294168.09719132
DR4 DON ALI;SIEMBRA;819154.0896;747923.2992;747923.2992;783538.6943999999;819154.0896;712307.904;819154.0896;783538.6943999999;747923.2992;819154.0896;747923.2992;712307.904;183966.29878702966;167969.22932728796;167969.22932728796;175967.76405715878;183966.29878702966;159970.69459741708;183966.29878702966;175967.76405715878;167969.22932728796;183966.29878702966;167969.22932728796;159970.69459741708;394928.49690797355;360586.8884811933;360586.8884811933;377757.6926945833;394928.49690797355;343416.0842678031;394928.49690797355;377757.6926945833;360586.8884811933;394928.49690797355;360586.8884811933;343416.0842678031;1398048.8852950032;1276479.4170084812;1276479.4170084812;1337264.1511517419;1398048.8852950032;1215694.6828652201;1398048.8852950032;1337264.1511517419;1276479.4170084812;1398048.8852950032;1276479.4170084812;1215694.6828652201
DON CARLOS;SIEMBRA;1228731.1343999999;1121884.9488;1121884.9488;1175308.0416;1228731.1343999999;1068461.856;1228731.1343999999;1175308.0416;1121884.9488;1228731.1343999999;1121884.9488;1068461.856;275949.4481805445;251953.8439909319;251953.8439909319;263951.64608573826;275949.4481805445;239956.04189612562;275949.4481805445;263951.64608573826;251953.8439909319;275949.4481805445;251953.8439909319;239956.04189612562;592392.7453619603;540880.3327217898;540880.3327217898;566636.5390418752;592392.7453619603;515124.12640170456;592392.7453619603;566636.5390418752;540880.3327217898;592392.7453619603;540880.3327217898;515124.12640170456;2097073.3279425045;1914719.1255127217;1914719.1255127217;2005896.2267276135;2097073.3279425045;1823542.02429783;2097073.3279425045;2005896.2267276135;1914719.1255127217;2097073.3279425045;1914719.1255127217;1823542.02429783
EVA NORTE;SIEMBRA;11468157.254399998;10470926.1888;10470926.1888;10969541.721600002;11468157.254399998;9972310.656;11468157.254399998;10969541.721600002;10470926.1888;11468157.254399998;10470926.1888;9972310.656;2575528.183018415;2351569.2105820314;2351569.2105820314;2463548.6968002236;2575528.183018415;2239589.7243638393;2575528.183018415;2463548.6968002236;2351569.2105820314;2575528.183018415;2351569.2105820314;2239589.7243638393;5528998.9567116285;5048216.438736705;5048216.438736705;5288607.697724168;5528998.9567116285;4807825.179749243;5528998.9567116285;5288607.697724168;5048216.438736705;5528998.9567116285;5048216.438736705;4807825.179749243;19572684.39413004;17870711.838118736;17870711.838118736;18721698.11612439;19572684.39413004;17019725.56011308;19572684.39413004;18721698.11612439;17870711.838118736;19572684.39413004;17870711.838118736;17019725.56011308
DON PEDRO;SIEMBRA;6097472.91216;5567257.87632;5567257.87632;5832365.39424;6097472.91216;5302150.358399999;6097472.91216;5832365.39424;5567257.87632;6097472.91216;5567257.87632;5302150.358399999;1369375.4787356267;1250299.3501499197;1250299.3501499197;1309837.4144427737;1369375.4787356267;1190761.2858570665;1369375.4787356267;1309837.4144427737;1250299.3501499197;1369375.4787356267;1250299.3501499197;1190761.2858570665;2939698.2114956076;2684072.2800612072;2684072.2800612072;2811885.245778408;2939698.2114956076;2556259.3143440066;2939698.2114956076;2811885.245778408;2684072.2800612072;2939698.2114956076;2684072.2800612072;2556259.3143440066;10406546.602391234;9501629.506531127;9501629.506531127;9954088.054461181;10406546.602391234;9049170.958601072;10406546.602391234;9954088.054461181;9501629.506531127;10406546.602391234;9501629.506531127;9049170.958601072
LA VELA;SIEMBRA;3276616.3584;2991693.1968;2991693.1968;3134154.7775999997;3276616.3584;2849231.616;3276616.3584;3134154.7775999997;2991693.1968;3276616.3584;2991693.1968;2849231.616;735865.1951481187;671876.9173091518;671876.9173091518;703871.0562286351;735865.1951481187;639882.7783896683;735865.1951481187;703871.0562286351;671876.9173091518;735865.1951481187;671876.9173091518;639882.7783896683;1579713.9876318942;1442347.5539247731;1442347.5539247731;1511030.7707783333;1579713.9876318942;1373664.3370712125;1579713.9876318942;1511030.7707783333;1442347.5539247731;1579713.9876318942;1442347.5539247731;1373664.3370712125;5592195.541180013;5105917.668033925;5105917.668033925;5349056.604606967;5592195.541180013;4862778.7314608805;5592195.541180013;5349056.604606967;5105917.668033925;5592195.541180013;5105917.668033925;4862778.7314608805
ESPERANZA;SIEMBRA;2457462.2687999997;2243769.8976;2243769.8976;2350616.0832;2457462.2687999997;2136923.712;2457462.2687999997;2350616.0832;2243769.8976;2457462.2687999997;2243769.8976;2136923.712;551898.896361089;503907.6879818638;503907.6879818638;527903.2921714765;551898.896361089;479912.08379225124;551898.896361089;527903.2921714765;503907.6879818638;551898.896361089;503907.6879818638;479912.08379225124;1184785.4907239205;1081760.6654435797;1081760.6654435797;1133273.0780837503;1184785.4907239205;1030248.2528034091;1184785.4907239205;1133273.0780837503;1081760.6654435797;1184785.4907239205;1081760.6654435797;1030248.2528034091;4194146.655885009;3829438.2510254434;3829438.2510254434;4011792.453455227;4194146.655885009;3647084.04859566;4194146.655885009;4011792.453455227;3829438.2510254434;4194146.655885009;3829438.2510254434;3647084.04859566
LINA MARGARITA;SIEMBRA;1228731.1343999999;1121884.9488;1121884.9488;1175308.0416;1228731.1343999999;1068461.856;1228731.1343999999;1175308.0416;1121884.9488;1228731.1343999999;1121884.9488;1068461.856;275949.4481805445;251953.8439909319;251953.8439909319;263951.64608573826;275949.4481805445;239956.04189612562;275949.4481805445;263951.64608573826;251953.8439909319;275949.4481805445;251953.8439909319;239956.04189612562;592392.7453619603;540880.3327217898;540880.3327217898;566636.5390418752;592392.7453619603;515124.12640170456;592392.7453619603;566636.5390418752;540880.3327217898;592392.7453619603;540880.3327217898;515124.12640170456;2097073.3279425045;1914719.1255127217;1914719.1255127217;2005896.2267276135;2097073.3279425045;1823542.02429783;2097073.3279425045;2005896.2267276135;1914719.1255127217;2097073.3279425045;1914719.1255127217;1823542.02429783
DON MARCE;SIEMBRA;2457462.2687999997;2243769.8976;2243769.8976;2350616.0832;2457462.2687999997;2136923.712;2457462.2687999997;2350616.0832;2243769.8976;2457462.2687999997;2243769.8976;2136923.712;551898.896361089;503907.6879818638;503907.6879818638;527903.2921714765;551898.896361089;479912.08379225124;551898.896361089;527903.2921714765;503907.6879818638;551898.896361089;503907.6879818638;479912.08379225124;1184785.4907239205;1081760.6654435797;1081760.6654435797;1133273.0780837503;1184785.4907239205;1030248.2528034091;1184785.4907239205;1133273.0780837503;1081760.6654435797;1184785.4907239205;1081760.6654435797;1030248.2528034091;4194146.655885009;3829438.2510254434;3829438.2510254434;4011792.453455227;4194146.655885009;3647084.04859566;4194146.655885009;4011792.453455227;3829438.2510254434;4194146.655885009;3829438.2510254434;3647084.04859566
ENANO;ASEO;2355560.0686799996;2150728.7583600003;2150728.7583600003;2253144.4135200004;2355560.0686799996;2048313.1032000002;2355560.0686799996;2253144.4135200004;2150728.7583600003;2355560.0686799996;2150728.7583600003;2048313.1032000002;529013.6164945308;483012.43245152826;483012.43245152826;506013.02447302965;529013.6164945308;460011.8404300269;529013.6164945308;506013.02447302965;483012.43245152826;529013.6164945308;483012.43245152826;460011.8404300269;1135656.6598532128;1036903.9068224988;1036903.9068224988;1086280.283337856;1135656.6598532128;987527.5303071416;1135656.6598532128;1086280.283337856;1036903.9068224988;1135656.6598532128;1036903.9068224988;987527.5303071416;4020230.345027743;3670645.0976340277;3670645.0976340277;3845437.721330886;4020230.345027743;3495852.4739371687;4020230.345027743;3845437.721330886;3670645.0976340277;4020230.345027743;3670645.0976340277;3495852.4739371687
EVA;ASEO;1859652.6857999996;1697943.7566;1697943.7566;1778798.2212000005;1859652.6857999996;1617089.292;1859652.6857999996;1778798.2212000005;1697943.7566;1859652.6857999996;1697943.7566;1617089.292;417642.3288114717;381325.604566996;381325.604566996;399483.9666892339;417642.3288114717;363167.242444758;417642.3288114717;399483.9666892339;381325.604566996;417642.3288114717;381325.604566996;363167.242444758;896571.0472525363;818608.3474914462;818608.3474914462;857589.6973719916;896571.0472525363;779626.9976109011;896571.0472525363;857589.6973719916;818608.3474914462;896571.0472525363;818608.3474914462;779626.9976109011;3173866.0618640077;2897877.708658442;2897877.708658442;3035871.8852612255;3173866.0618640077;2759883.532055659;3173866.0618640077;3035871.8852612255;2897877.708658442;3173866.0618640077;2897877.708658442;2759883.532055659
SAMI;ASEO;2975444.2972799996;2716710.0105600003;2716710.0105600003;2846077.1539200004;2975444.2972799996;2587342.8672;2975444.2972799996;2846077.1539200004;2716710.0105600003;2975444.2972799996;2716710.0105600003;2587342.8672;668227.7260983547;610120.9673071936;610120.9673071936;639174.3467027743;668227.7260983547;581067.5879116129;668227.7260983547;639174.3467027743;610120.9673071936;668227.7260983547;610120.9673071936;581067.5879116129;1434513.6756040582;1309773.3559863144;1309773.3559863144;1372143.5157951864;1434513.6756040582;1247403.196177442;1434513.6756040582;1372143.5157951864;1309773.3559863144;1434513.6756040582;1309773.3559863144;1247403.196177442;5078185.698982413;4636604.333853508;4636604.333853508;4857395.016417961;5078185.698982413;4415813.651289055;5078185.698982413;4857395.016417961;4636604.333853508;5078185.698982413;4636604.333853508;4415813.651289055
VEGA;ASEO;1239768.4571999998;1131962.5044;1131962.5044;1185865.4808000003;1239768.4571999998;1078059.528;1239768.4571999998;1185865.4808000003;1131962.5044;1239768.4571999998;1131962.5044;1078059.528;278428.2192076478;254217.06971133064;254217.06971133064;266322.64445948927;278428.2192076478;242111.49496317207;278428.2192076478;266322.64445948927;254217.06971133064;278428.2192076478;254217.06971133064;242111.49496317207;597714.0315016909;545738.898327631;545738.898327631;571726.464914661;597714.0315016909;519751.3317406009;597714.0315016909;571726.464914661;545738.898327631;597714.0315016909;545738.898327631;519751.3317406009;2115910.707909338;1931918.4724389615;1931918.4724389615;2023914.5901741507;2115910.707909338;1839922.3547037728;2115910.707909338;2023914.5901741507;1931918.4724389615;2115910.707909338;1931918.4724389615;1839922.3547037728
FEDERICA;ASEO;2727490.6058399994;2490317.50968;2490317.50968;2608904.05776;2727490.6058399994;2371730.9616;2727490.6058399994;2608904.05776;2490317.50968;2727490.6058399994;2490317.50968;2371730.9616;612542.0822568252;559277.5533649274;559277.5533649274;585909.8178108764;612542.0822568252;532645.2889189785;612542.0822568252;585909.8178108764;559277.5533649274;612542.0822568252;559277.5533649274;532645.2889189785;1314970.86930372;1200625.576320788;1200625.576320788;1257798.2228122542;1314970.86930372;1143452.9298293218;1314970.86930372;1257798.2228122542;1200625.576320788;1314970.86930372;1200625.576320788;1143452.9298293218;4655003.557400545;4250220.639365716;4250220.639365716;4452612.0983831305;4655003.557400545;4047829.1803483004;4655003.557400545;4452612.0983831305;4250220.639365716;4655003.557400545;4250220.639365716;4047829.1803483004
NEERLANDIA;ASEO;1983629.5315199997;1811140.00704;1811140.00704;1897384.7692800004;1983629.5315199997;1724895.2448;1983629.5315199997;1897384.7692800004;1811140.00704;1983629.5315199997;1811140.00704;1724895.2448;445485.15073223645;406747.311538129;406747.311538129;426116.23113518284;445485.15073223645;387378.3919410752;445485.15073223645;426116.23113518284;406747.311538129;445485.15073223645;406747.311538129;387378.3919410752;956342.4504027055;873182.2373242094;873182.2373242094;914762.3438634577;956342.4504027055;831602.1307849613;956342.4504027055;914762.3438634577;873182.2373242094;956342.4504027055;873182.2373242094;831602.1307849613;3385457.1326549416;3091069.5559023386;3091069.5559023386;3238263.344278641;3385457.1326549416;2943875.7675260366;3385457.1326549416;3238263.344278641;3091069.5559023386;3385457.1326549416;3091069.5559023386;2943875.7675260366
SAN ANTONIO;ASEO;1983629.5315199997;1811140.00704;1811140.00704;1897384.7692800004;1983629.5315199997;1724895.2448;1983629.5315199997;1897384.7692800004;1811140.00704;1983629.5315199997;1811140.00704;1724895.2448;445485.15073223645;406747.311538129;406747.311538129;426116.23113518284;445485.15073223645;387378.3919410752;445485.15073223645;426116.23113518284;406747.311538129;445485.15073223645;406747.311538129;387378.3919410752;956342.4504027055;873182.2373242094;873182.2373242094;914762.3438634577;956342.4504027055;831602.1307849613;956342.4504027055;914762.3438634577;873182.2373242094;956342.4504027055;873182.2373242094;831602.1307849613;3385457.1326549416;3091069.5559023386;3091069.5559023386;3238263.344278641;3385457.1326549416;2943875.7675260366;3385457.1326549416;3238263.344278641;3091069.5559023386;3385457.1326549416;3091069.5559023386;2943875.7675260366
MRS;ASEO;1239768.4571999998;1131962.5044;1131962.5044;1185865.4808000003;1239768.4571999998;1078059.528;1239768.4571999998;1185865.4808000003;1131962.5044;1239768.4571999998;1131962.5044;1078059.528;278428.2192076478;254217.06971133064;254217.06971133064;266322.64445948927;278428.2192076478;242111.494963172;278428.2192076478;266322.64445948927;254217.06971133064;278428.2192076478;254217.06971133064;242111.494963172;597714.0315016909;545738.8983276308;545738.8983276308;571726.464914661;597714.0315016909;519751.33174060076;597714.0315016909;571726.464914661;545738.8983276308;597714.0315016909;545738.8983276308;519751.33174060076;2115910.707909338;1931918.4724389613;1931918.4724389613;2023914.5901741507;2115910.707909338;1839922.3547037726;2115910.707909338;2023914.5901741507;1931918.4724389613;2115910.707909338;1931918.4724389613;1839922.3547037726
DON FUAD;ASEO;4463166.44592;4075065.0158400005;4075065.0158400005;4269115.730880001;4463166.44592;3881014.3008000003;4463166.44592;4269115.730880001;4075065.0158400005;4463166.44592;4075065.0158400005;3881014.3008000003;1002341.589147532;915181.4509607903;915181.4509607903;958761.5200541614;1002341.589147532;871601.3818674195;1002341.589147532;958761.5200541614;915181.4509607903;1002341.589147532;915181.4509607903;871601.3818674195;2151770.513406087;1964660.0339794715;1964660.0339794715;2058215.2736927797;2151770.513406087;1871104.7942661631;2151770.513406087;2058215.2736927797;1964660.0339794715;2151770.513406087;1964660.0339794715;1871104.7942661631;7617278.548473619;6954906.500780262;6954906.500780262;7286092.524626942;7617278.548473619;6623720.476933583;7617278.548473619;7286092.524626942;6954906.500780262;7617278.548473619;6954906.500780262;6623720.476933583
EUFEMIA;ASEO;3471351.68016;3169495.01232;3169495.01232;3320423.3462400003;3471351.68016;3018566.6784;3471351.68016;3320423.3462400003;3169495.01232;3471351.68016;3169495.01232;3018566.6784;779599.0137814139;711807.7951917258;711807.7951917258;745703.40448657;779599.0137814139;677912.1858968816;779599.0137814139;745703.40448657;711807.7951917258;779599.0137814139;711807.7951917258;677912.1858968816;1673599.2882047347;1528068.9153173664;1528068.9153173664;1600834.1017610505;1673599.2882047347;1455303.7288736822;1673599.2882047347;1600834.1017610505;1528068.9153173664;1673599.2882047347;1528068.9153173664;1455303.7288736822;5924549.9821461495;5409371.722829092;5409371.722829092;5666960.852487621;5924549.9821461495;5151782.593170564;5924549.9821461495;5666960.852487621;5409371.722829092;5924549.9821461495;5409371.722829092;5151782.593170564
OLGA;ASEO;991814.7657599999;905570.00352;905570.00352;948692.3846400002;991814.7657599999;862447.6224;991814.7657599999;948692.3846400002;905570.00352;991814.7657599999;905570.00352;862447.6224;222742.57536611822;203373.6557690645;203373.6557690645;213058.11556759142;222742.57536611822;193689.19597053764;222742.57536611822;213058.11556759142;203373.6557690645;222742.57536611822;203373.6557690645;193689.19597053764;478171.2252013527;436591.1186621047;436591.1186621047;457381.1719317288;478171.2252013527;415801.06539248064;478171.2252013527;457381.1719317288;436591.1186621047;478171.2252013527;436591.1186621047;415801.06539248064;1692728.5663274708;1545534.7779511693;1545534.7779511693;1619131.6721393203;1692728.5663274708;1471937.8837630183;1692728.5663274708;1619131.6721393203;1545534.7779511693;1692728.5663274708;1545534.7779511693;1471937.8837630183
DON SAID;ASEO;5702934.90312;5207027.52024;5207027.52024;5454981.211680001;5702934.90312;4959073.8288;5702934.90312;5454981.211680001;5207027.52024;5702934.90312;5207027.52024;4959073.8288;1280769.8083551798;1169398.520672121;1169398.520672121;1225084.1645136508;1280769.8083551798;1113712.8768305914;1280769.8083551798;1225084.1645136508;1169398.520672121;1280769.8083551798;1169398.520672121;1113712.8768305914;2749484.5449077785;2510398.9323071023;2510398.9323071023;2629941.73860744;2749484.5449077785;2390856.126006764;2749484.5449077785;2629941.73860744;2510398.9323071023;2749484.5449077785;2510398.9323071023;2390856.126006764;9733189.256382957;8886824.973219223;8886824.973219223;9310007.114801092;9733189.256382957;8463642.831637355;9733189.256382957;9310007.114801092;8886824.973219223;9733189.256382957;8886824.973219223;8463642.831637355
ASUNTINA;ASEO;235238.11751999997;214782.62904;214782.62904;225010.37328000003;235238.11751999997;204554.8848;235238.11751999997;225010.37328000003;214782.62904;235238.11751999997;214782.62904;204554.8848;52829.9697983742;48236.05938112427;48236.05938112427;50533.01458974925;52829.9697983742;45939.104172499305;52829.9697983742;50533.01458974925;48236.05938112427;52829.9697983742;48236.05938112427;45939.104172499305;113412.4059772439;103550.45763139661;103550.45763139661;108481.43180432028;113412.4059772439;98619.48345847298;113412.4059772439;108481.43180432028;103550.45763139661;113412.4059772439;103550.45763139661;98619.48345847298;401480.4932956181;366569.14605252084;366569.14605252084;384024.8196740695;401480.4932956181;349113.47243097227;401480.4932956181;384024.8196740695;366569.14605252084;401480.4932956181;366569.14605252084;349113.47243097227
PORLAMAR;ASEO;6198842.286;5659812.522;5659812.522;5929327.404000001;6198842.286;5390297.640000001;6198842.286;5929327.404000001;5659812.522;6198842.286;5659812.522;5390297.640000001;1392141.096038239;1271085.3485566531;1271085.3485566531;1331613.2222974463;1392141.096038239;1210557.4748158602;1392141.096038239;1331613.2222974463;1271085.3485566531;1392141.096038239;1271085.3485566531;1210557.4748158602;2988570.1575084548;2728694.4916381543;2728694.4916381543;2858632.3245733045;2988570.1575084548;2598756.658703004;2988570.1575084548;2858632.3245733045;2728694.4916381543;2988570.1575084548;2728694.4916381543;2598756.658703004;10579553.539546695;9659592.362194806;9659592.362194806;10119572.950870752;10579553.539546695;9199611.773518864;10579553.539546695;10119572.950870752;9659592.362194806;10579553.539546695;9659592.362194806;9199611.773518864
EL MORRO;ASEO;967019.396616;882930.753432;882930.753432;924975.0750240001;967019.396616;840886.4318400001;967019.396616;924975.0750240001;882930.753432;967019.396616;882930.753432;840886.4318400001;217174.0109819653;198289.3143748379;198289.3143748379;207731.66267840163;217174.0109819653;188846.9660712742;217174.0109819653;207731.66267840163;198289.3143748379;217174.0109819653;198289.3143748379;188846.9660712742;466216.9445713189;425676.3406955522;425676.3406955522;445946.64263343555;466216.9445713189;405406.0387576687;466216.9445713189;445946.64263343555;425676.3406955522;466216.9445713189;425676.3406955522;405406.0387576687;1650410.3521692841;1506896.4085023901;1506896.4085023901;1578653.3803358374;1650410.3521692841;1435139.4366689431;1650410.3521692841;1578653.3803358374;1506896.4085023901;1650410.3521692841;1506896.4085023901;1435139.4366689431
LA PERLA;ASEO;991814.7657599999;905570.00352;905570.00352;948692.3846400002;991814.7657599999;862447.6224;991814.7657599999;948692.3846400002;905570.00352;991814.7657599999;905570.00352;862447.6224;222742.57536611822;203373.6557690645;203373.6557690645;213058.11556759142;222742.57536611822;193689.19597053764;222742.57536611822;213058.11556759142;203373.6557690645;222742.57536611822;203373.6557690645;193689.19597053764;478171.22520135273;436591.11866210477;436591.11866210477;457381.1719317288;478171.22520135273;415801.0653924807;478171.22520135273;457381.1719317288;436591.11866210477;478171.22520135273;436591.11866210477;415801.0653924807;1692728.5663274708;1545534.7779511693;1545534.7779511693;1619131.6721393203;1692728.5663274708;1471937.8837630183;1692728.5663274708;1619131.6721393203;1545534.7779511693;1692728.5663274708;1545534.7779511693;1471937.8837630183
ARACATACA;ASEO;5950888.594559999;5433420.021120001;5433420.021120001;5692154.307840001;5950888.594559999;5174685.7344;5950888.594559999;5692154.307840001;5433420.021120001;5950888.594559999;5433420.021120001;5174685.7344;1336455.4521967093;1220241.934614387;1220241.934614387;1278348.6934055486;1336455.4521967093;1162135.1758232256;1336455.4521967093;1278348.6934055486;1220241.934614387;1336455.4521967093;1220241.934614387;1162135.1758232256;2869027.351208117;2619546.711972628;2619546.711972628;2744287.031590373;2869027.351208117;2494806.392354884;2869027.351208117;2744287.031590373;2619546.711972628;2869027.351208117;2619546.711972628;2494806.392354884;10156371.397964826;9273208.667707015;9273208.667707015;9714790.032835921;10156371.397964826;8831627.30257811;10156371.397964826;9714790.032835921;9273208.667707015;10156371.397964826;9273208.667707015;8831627.30257811
BOCATOMA;ASEO;1983629.5315199997;1811140.00704;1811140.00704;1897384.7692800004;1983629.5315199997;1724895.2448;1983629.5315199997;1897384.7692800004;1811140.00704;1983629.5315199997;1811140.00704;1724895.2448;445485.15073223645;406747.311538129;406747.311538129;426116.23113518284;445485.15073223645;387378.3919410753;445485.15073223645;426116.23113518284;406747.311538129;445485.15073223645;406747.311538129;387378.3919410753;956342.4504027055;873182.2373242095;873182.2373242095;914762.3438634576;956342.4504027055;831602.1307849614;956342.4504027055;914762.3438634576;873182.2373242095;956342.4504027055;873182.2373242095;831602.1307849614;3385457.1326549416;3091069.5559023386;3091069.5559023386;3238263.3442786406;3385457.1326549416;2943875.7675260366;3385457.1326549416;3238263.3442786406;3091069.5559023386;3385457.1326549416;3091069.5559023386;2943875.7675260366
JOYA;ASEO;2727490.60584;2490317.50968;2490317.50968;2608904.05776;2727490.60584;2371730.9616;2727490.60584;2608904.05776;2490317.50968;2727490.60584;2490317.50968;2371730.9616;612542.0822568252;559277.5533649274;559277.5533649274;585909.8178108764;612542.0822568252;532645.2889189785;612542.0822568252;585909.8178108764;559277.5533649274;612542.0822568252;559277.5533649274;532645.2889189785;1314970.86930372;1200625.576320788;1200625.576320788;1257798.2228122542;1314970.86930372;1143452.9298293218;1314970.86930372;1257798.2228122542;1200625.576320788;1314970.86930372;1200625.576320788;1143452.9298293218;4655003.557400545;4250220.639365716;4250220.639365716;4452612.0983831305;4655003.557400545;4047829.1803483004;4655003.557400545;4452612.0983831305;4250220.639365716;4655003.557400545;4250220.639365716;4047829.1803483004
ESMERALDA;ASEO;0.0;0.0;0.0;0.0;0.0;0.0;0.0;0.0;0.0;0.0;0.0;0.0;0.0;0.0;0.0;0.0;0.0;0.0;0.0;0.0;0.0;0.0;0.0;0.0;0.0;0.0;0.0;0.0;0.0;0.0;0.0;0.0;0.0;0.0;0.0;0.0;0.0;0.0;0.0;0.0;0.0;0.0;0.0;0.0;0.0;0.0;0.0;0.0
NARANJOS;ASEO;1239768.4571999998;1131962.5044;1131962.5044;1185865.4808000003;1239768.4571999998;1078059.528;1239768.4571999998;1185865.4808000003;1131962.5044;1239768.4571999998;1131962.5044;1078059.528;278428.2192076478;254217.06971133064;254217.06971133064;266322.64445948927;278428.2192076478;242111.49496317207;278428.2192076478;266322.64445948927;254217.06971133064;278428.2192076478;254217.06971133064;242111.49496317207;597714.0315016909;545738.898327631;545738.898327631;571726.464914661;597714.0315016909;519751.3317406009;597714.0315016909;571726.464914661;545738.898327631;597714.0315016909;545738.898327631;519751.3317406009;2115910.707909338;1931918.4724389615;1931918.4724389615;2023914.5901741507;2115910.707909338;1839922.3547037728;2115910.707909338;2023914.5901741507;1931918.4724389615;2115910.707909338;1931918.4724389615;1839922.3547037728
YUNQUE;ASEO;1239768.4571999998;1131962.5044;1131962.5044;1185865.4808000003;1239768.4571999998;1078059.528;1239768.4571999998;1185865.4808000003;1131962.5044;1239768.4571999998;1131962.5044;1078059.528;278428.2192076478;254217.06971133064;254217.06971133064;266322.64445948927;278428.2192076478;242111.49496317207;278428.2192076478;266322.64445948927;254217.06971133064;278428.2192076478;254217.06971133064;242111.49496317207;597714.0315016909;545738.898327631;545738.898327631;571726.464914661;597714.0315016909;519751.3317406009;597714.0315016909;571726.464914661;545738.898327631;597714.0315016909;545738.898327631;519751.3317406009;2115910.707909338;1931918.4724389615;1931918.4724389615;2023914.5901741507;2115910.707909338;1839922.3547037728;2115910.707909338;2023914.5901741507;1931918.4724389615;2115910.707909338;1931918.4724389615;1839922.3547037728
DONAMA;ASEO;1983629.5315199997;1811140.00704;1811140.00704;1897384.7692800004;1983629.5315199997;1724895.2448;1983629.5315199997;1897384.7692800004;1811140.00704;1983629.5315199997;1811140.00704;1724895.2448;445485.15073223645;406747.311538129;406747.311538129;426116.23113518284;445485.15073223645;387378.3919410752;445485.15073223645;426116.23113518284;406747.311538129;445485.15073223645;406747.311538129;387378.3919410752;956342.4504027055;873182.2373242094;873182.2373242094;914762.3438634577;956342.4504027055;831602.1307849613;956342.4504027055;914762.3438634577;873182.2373242094;956342.4504027055;873182.2373242094;831602.1307849613;3385457.1326549416;3091069.5559023386;3091069.5559023386;3238263.344278641;3385457.1326549416;2943875.7675260366;3385457.1326549416;3238263.344278641;3091069.5559023386;3385457.1326549416;3091069.5559023386;2943875.7675260366
BURDEOS;ASEO;0.0;0.0;0.0;0.0;0.0;0.0;0.0;0.0;0.0;0.0;0.0;0.0;0.0;0.0;0.0;0.0;0.0;0.0;0.0;0.0;0.0;0.0;0.0;0.0;0.0;0.0;0.0;0.0;0.0;0.0;0.0;0.0;0.0;0.0;0.0;0.0;0.0;0.0;0.0;0.0;0.0;0.0;0.0;0.0;0.0;0.0;0.0;0.0
DON MARCE SUR 2;ASEO;1239768.4571999998;1131962.5044;1131962.5044;1185865.4808000003;1239768.4571999998;1078059.528;1239768.4571999998;1185865.4808000003;1131962.5044;1239768.4571999998;1131962.5044;1078059.528;278428.2192076478;254217.06971133064;254217.06971133064;266322.64445948927;278428.2192076478;242111.49496317204;278428.2192076478;266322.64445948927;254217.06971133064;278428.2192076478;254217.06971133064;242111.49496317204;597714.0315016909;545738.898327631;545738.898327631;571726.464914661;597714.0315016909;519751.3317406008;597714.0315016909;571726.464914661;545738.898327631;597714.0315016909;545738.898327631;519751.3317406008;2115910.707909338;1931918.4724389615;1931918.4724389615;2023914.5901741507;2115910.707909338;1839922.3547037728;2115910.707909338;2023914.5901741507;1931918.4724389615;2115910.707909338;1931918.4724389615;1839922.3547037728
LAS MARGARITAS;ASEO;1735675.8400799998;1584747.5061599999;1584747.5061599999;1660211.6731200004;1735675.8400799998;1509283.3391999998;1735675.8400799998;1660211.6731200004;1584747.5061599999;1735675.8400799998;1584747.5061599999;1509283.3391999998;389799.5068907069;355903.89759586286;355903.89759586286;372851.70224328496;389799.5068907069;338956.0929484408;389799.5068907069;372851.70224328496;355903.89759586286;389799.5068907069;355903.89759586286;338956.0929484408;836799.6441023672;764034.4576586832;764034.4576586832;800417.0508805254;836799.6441023672;727651.8644368411;836799.6441023672;800417.0508805254;764034.4576586832;836799.6441023672;764034.4576586832;727651.8644368411;2962274.991073074;2704685.861414546;2704685.861414546;2833480.426243811;2962274.991073074;2575891.296585282;2962274.991073074;2833480.426243811;2704685.861414546;2962274.991073074;2704685.861414546;2575891.296585282
LA CECILIA;ASEO;991814.7657599999;905570.00352;905570.00352;948692.3846400002;991814.7657599999;862447.6224;991814.7657599999;948692.3846400002;905570.00352;991814.7657599999;905570.00352;862447.6224;222742.57536611822;203373.6557690645;203373.6557690645;213058.11556759142;222742.57536611822;193689.19597053764;222742.57536611822;213058.11556759142;203373.6557690645;222742.57536611822;203373.6557690645;193689.19597053764;478171.22520135273;436591.11866210477;436591.11866210477;457381.1719317288;478171.22520135273;415801.0653924807;478171.22520135273;457381.1719317288;436591.11866210477;478171.22520135273;436591.11866210477;415801.0653924807;1692728.5663274708;1545534.7779511693;1545534.7779511693;1619131.6721393203;1692728.5663274708;1471937.8837630183;1692728.5663274708;1619131.6721393203;1545534.7779511693;1692728.5663274708;1545534.7779511693;1471937.8837630183
JOSEFINA;ASEO;1239768.4571999998;1131962.5044;1131962.5044;1185865.4808000003;1239768.4571999998;1078059.528;1239768.4571999998;1185865.4808000003;1131962.5044;1239768.4571999998;1131962.5044;1078059.528;278428.2192076478;254217.06971133064;254217.06971133064;266322.64445948927;278428.2192076478;242111.49496317204;278428.2192076478;266322.64445948927;254217.06971133064;278428.2192076478;254217.06971133064;242111.49496317204;597714.0315016909;545738.898327631;545738.898327631;571726.464914661;597714.0315016909;519751.3317406008;597714.0315016909;571726.464914661;545738.898327631;597714.0315016909;545738.898327631;519751.3317406008;2115910.707909338;1931918.4724389615;1931918.4724389615;2023914.5901741507;2115910.707909338;1839922.3547037728;2115910.707909338;2023914.5901741507;1931918.4724389615;2115910.707909338;1931918.4724389615;1839922.3547037728
SAN ALFREDO;ASEO;991814.7657599999;905570.00352;905570.00352;948692.3846400002;991814.7657599999;862447.6224;991814.7657599999;948692.3846400002;905570.00352;991814.7657599999;905570.00352;862447.6224;222742.57536611822;203373.6557690645;203373.6557690645;213058.11556759142;222742.57536611822;193689.19597053764;222742.57536611822;213058.11556759142;203373.6557690645;222742.57536611822;203373.6557690645;193689.19597053764;478171.22520135273;436591.11866210477;436591.11866210477;457381.1719317288;478171.22520135273;415801.0653924807;478171.22520135273;457381.1719317288;436591.11866210477;478171.22520135273;436591.11866210477;415801.0653924807;1692728.5663274708;1545534.7779511693;1545534.7779511693;1619131.6721393203;1692728.5663274708;1471937.8837630183;1692728.5663274708;1619131.6721393203;1545534.7779511693;1692728.5663274708;1545534.7779511693;1471937.8837630183
VICTORIA;ASEO;2975444.2972799996;2716710.0105600003;2716710.0105600003;2846077.1539200004;2975444.2972799996;2587342.8672;2975444.2972799996;2846077.1539200004;2716710.0105600003;2975444.2972799996;2716710.0105600003;2587342.8672;668227.7260983547;610120.9673071936;610120.9673071936;639174.3467027743;668227.7260983547;581067.5879116128;668227.7260983547;639174.3467027743;610120.9673071936;668227.7260983547;610120.9673071936;581067.5879116128;1434513.6756040584;1309773.355986314;1309773.355986314;1372143.5157951864;1434513.6756040584;1247403.196177442;1434513.6756040584;1372143.5157951864;1309773.355986314;1434513.6756040584;1309773.355986314;1247403.196177442;5078185.698982413;4636604.333853507;4636604.333853507;4857395.016417961;5078185.698982413;4415813.651289055;5078185.698982413;4857395.016417961;4636604.333853507;5078185.698982413;4636604.333853507;4415813.651289055
CIRCASIA;ASEO;2727490.6058399994;2490317.50968;2490317.50968;2608904.05776;2727490.6058399994;2371730.9616;2727490.6058399994;2608904.05776;2490317.50968;2727490.6058399994;2490317.50968;2371730.9616;612542.0822568252;559277.5533649274;559277.5533649274;585909.8178108764;612542.0822568252;532645.2889189785;612542.0822568252;585909.8178108764;559277.5533649274;612542.0822568252;559277.5533649274;532645.2889189785;1314970.86930372;1200625.576320788;1200625.576320788;1257798.2228122542;1314970.86930372;1143452.9298293218;1314970.86930372;1257798.2228122542;1200625.576320788;1314970.86930372;1200625.576320788;1143452.9298293218;4655003.557400545;4250220.639365716;4250220.639365716;4452612.0983831305;4655003.557400545;4047829.1803483004;4655003.557400545;4452612.0983831305;4250220.639365716;4655003.557400545;4250220.639365716;4047829.1803483004
CIENAGA;ASEO;1239768.4571999998;1131962.5044;1131962.5044;1185865.4808000003;1239768.4571999998;1078059.528;1239768.4571999998;1185865.4808000003;1131962.5044;1239768.4571999998;1131962.5044;1078059.528;278428.2192076478;254217.06971133064;254217.06971133064;266322.64445948927;278428.2192076478;242111.49496317204;278428.2192076478;266322.64445948927;254217.06971133064;278428.2192076478;254217.06971133064;242111.49496317204;597714.0315016909;545738.898327631;545738.898327631;571726.464914661;597714.0315016909;519751.3317406008;597714.0315016909;571726.464914661;545738.898327631;597714.0315016909;545738.898327631;519751.3317406008;2115910.707909338;1931918.4724389615;1931918.4724389615;2023914.5901741507;2115910.707909338;1839922.3547037728;2115910.707909338;2023914.5901741507;1931918.4724389615;2115910.707909338;1931918.4724389615;1839922.3547037728
MARIA;ASEO;1239768.4571999998;1131962.5044;1131962.5044;1185865.4808000003;1239768.4571999998;1078059.528;1239768.4571999998;1185865.4808000003;1131962.5044;1239768.4571999998;1131962.5044;1078059.528;278428.2192076478;254217.06971133064;254217.06971133064;266322.64445948927;278428.2192076478;242111.49496317204;278428.2192076478;266322.64445948927;254217.06971133064;278428.2192076478;254217.06971133064;242111.49496317204;597714.0315016909;545738.898327631;545738.898327631;571726.464914661;597714.0315016909;519751.3317406008;597714.0315016909;571726.464914661;545738.898327631;597714.0315016909;545738.898327631;519751.3317406008;2115910.707909338;1931918.4724389615;1931918.4724389615;2023914.5901741507;2115910.707909338;1839922.3547037728;2115910.707909338;2023914.5901741507;1931918.4724389615;2115910.707909338;1931918.4724389615;1839922.3547037728
REMANSO;ASEO;5950888.594559999;5433420.021120001;5433420.021120001;5692154.307840001;5950888.594559999;5174685.7344;5950888.594559999;5692154.307840001;5433420.021120001;5950888.594559999;5433420.021120001;5174685.7344;1336455.4521967093;1220241.934614387;1220241.934614387;1278348.6934055486;1336455.4521967093;1162135.1758232259;1336455.4521967093;1278348.6934055486;1220241.934614387;1336455.4521967093;1220241.934614387;1162135.1758232259;2869027.3512081164;2619546.7119726287;2619546.7119726287;2744287.031590373;2869027.3512081164;2494806.392354884;2869027.3512081164;2744287.031590373;2619546.7119726287;2869027.3512081164;2619546.7119726287;2494806.392354884;10156371.397964826;9273208.667707017;9273208.667707017;9714790.032835921;10156371.397964826;8831627.30257811;10156371.397964826;9714790.032835921;9273208.667707017;10156371.397964826;9273208.667707017;8831627.30257811
PIEDECUESTA;ASEO;2231583.22296;2037532.5079200002;2037532.5079200002;2134557.8654400003;2231583.22296;1940507.1504000002;2231583.22296;2134557.8654400003;2037532.5079200002;2231583.22296;2037532.5079200002;1940507.1504000002;501170.794573766;457590.72548039514;457590.72548039514;479380.7600270807;501170.794573766;435800.69093370973;501170.794573766;479380.7600270807;457590.72548039514;501170.794573766;457590.72548039514;435800.69093370973;1075885.2567030436;982330.0169897358;982330.0169897358;1029107.6368463899;1075885.2567030436;935552.3971330816;1075885.2567030436;1029107.6368463899;982330.0169897358;1075885.2567030436;982330.0169897358;935552.3971330816;3808639.2742368095;3477453.250390131;3477453.250390131;3643046.262313471;3808639.2742368095;3311860.2384667913;3808639.2742368095;3643046.262313471;3477453.250390131;3808639.2742368095;3477453.250390131;3311860.2384667913
NAUTICA;ASEO;6446795.97744;5886205.022880001;5886205.022880001;6166500.500160001;6446795.97744;5605909.545600001;6446795.97744;6166500.500160001;5886205.022880001;6446795.97744;5886205.022880001;5605909.545600001;1447826.7398797686;1321928.7624989194;1321928.7624989194;1384877.751189344;1447826.7398797686;1258979.7738084947;1447826.7398797686;1384877.751189344;1321928.7624989194;1447826.7398797686;1321928.7624989194;1258979.7738084947;3108112.963808793;2837842.2713036807;2837842.2713036807;2972977.617556237;3108112.963808793;2702706.9250511248;3108112.963808793;2972977.617556237;2837842.2713036807;3108112.963808793;2837842.2713036807;2702706.9250511248;11002735.681128561;10045976.056682602;10045976.056682602;10524355.868905582;11002735.681128561;9567596.24445962;11002735.681128561;10524355.868905582;10045976.056682602;11002735.681128561;10045976.056682602;9567596.24445962
LAS LINAS;ASEO;2632123.8014399996;2403243.47088;2403243.47088;2517683.6361600007;2632123.8014399996;2288803.3056;2632123.8014399996;2517683.6361600007;2403243.47088;2632123.8014399996;2403243.47088;2288803.3056;591124.5269331599;539722.3941563636;539722.3941563636;565423.4605447619;591124.5269331599;514021.3277679652;591124.5269331599;565423.4605447619;539722.3941563636;591124.5269331599;539722.3941563636;514021.3277679652;1268992.8668805128;1158645.6610648162;1158645.6610648162;1213819.263972665;1268992.8668805128;1103472.0581569679;1268992.8668805128;1213819.263972665;1158645.6610648162;1268992.8668805128;1158645.6610648162;1103472.0581569679;4492241.195253672;4101611.52610118;4101611.52610118;4296926.360677428;4492241.195253672;3906296.691524933;4492241.195253672;4296926.360677428;4101611.52610118;4492241.195253672;4101611.52610118;3906296.691524933
DON ALI;ASEO;2975444.2972799996;2716710.0105600003;2716710.0105600003;2846077.1539200004;2975444.2972799996;2587342.8672;2975444.2972799996;2846077.1539200004;2716710.0105600003;2975444.2972799996;2716710.0105600003;2587342.8672;668227.7260983547;610120.9673071936;610120.9673071936;639174.3467027743;668227.7260983547;581067.5879116128;668227.7260983547;639174.3467027743;610120.9673071936;668227.7260983547;610120.9673071936;581067.5879116128;1434513.6756040584;1309773.355986314;1309773.355986314;1372143.5157951864;1434513.6756040584;1247403.196177442;1434513.6756040584;1372143.5157951864;1309773.355986314;1434513.6756040584;1309773.355986314;1247403.196177442;5078185.698982413;4636604.333853507;4636604.333853507;4857395.016417961;5078185.698982413;4415813.651289055;5078185.698982413;4857395.016417961;4636604.333853507;5078185.698982413;4636604.333853507;4415813.651289055
DR4 DON ALI;ASEO;239561.41265279998;218729.9854656;218729.9854656;229145.6990592;239561.41265279998;208314.271872;239561.41265279998;229145.6990592;218729.9854656;239561.41265279998;218729.9854656;208314.271872;53800.89897304702;49122.5599319125;49122.5599319125;51461.72945247977;53800.89897304702;46783.390411345245;53800.89897304702;51461.72945247977;49122.5599319125;53800.89897304702;49122.5599319125;46783.390411345245;115496.74208709596;105453.54712300067;105453.54712300067;110475.14460504832;115496.74208709596;100431.94964095303;115496.74208709596;110475.14460504832;105453.54712300067;115496.74208709596;105453.54712300067;100431.94964095303;408859.053712943;373306.09252051316;373306.09252051316;391082.5731167281;408859.053712943;355529.6119242983;408859.053712943;391082.5731167281;373306.09252051316;408859.053712943;373306.09252051316;355529.6119242983
DON CARLOS;ASEO;1476278.132112;1347906.120624;1347906.120624;1412092.1263680004;1476278.132112;1283720.11488;1476278.132112;1412092.1263680004;1347906.120624;1476278.132112;1347906.120624;1283720.11488;331543.7564103375;302713.8645485691;302713.8645485691;317128.81047945336;331543.7564103375;288298.91861768486;331543.7564103375;317128.81047945336;302713.8645485691;331543.7564103375;302713.8645485691;288298.91861768486;711739.4775112442;649849.0881624405;649849.0881624405;680794.2828368425;711739.4775112442;618903.8934880384;711739.4775112442;680794.2828368425;649849.0881624405;711739.4775112442;649849.0881624405;618903.8934880384;2519561.3660335816;2300469.0733350096;2300469.0733350096;2410015.2196842963;2519561.3660335816;2190922.9269857234;2519561.3660335816;2410015.2196842963;2300469.0733350096;2519561.3660335816;2300469.0733350096;2190922.9269857234
EVA NORTE;ASEO;6446795.97744;5886205.022880001;5886205.022880001;6166500.500160001;6446795.97744;5605909.545600001;6446795.97744;6166500.500160001;5886205.022880001;6446795.97744;5886205.022880001;5605909.545600001;1447826.7398797686;1321928.7624989194;1321928.7624989194;1384877.751189344;1447826.7398797686;1258979.7738084947;1447826.7398797686;1384877.751189344;1321928.7624989194;1447826.7398797686;1321928.7624989194;1258979.7738084947;3108112.963808793;2837842.2713036807;2837842.2713036807;2972977.617556237;3108112.963808793;2702706.9250511248;3108112.963808793;2972977.617556237;2837842.2713036807;3108112.963808793;2837842.2713036807;2702706.9250511248;11002735.681128561;10045976.056682602;10045976.056682602;10524355.868905582;11002735.681128561;9567596.24445962;11002735.681128561;10524355.868905582;10045976.056682602;11002735.681128561;10045976.056682602;9567596.24445962
DON PEDRO;ASEO;2777081.3441279996;2535596.009856;2535596.009856;2656338.676992;2777081.3441279996;2414853.34272;2777081.3441279996;2656338.676992;2535596.009856;2777081.3441279996;2535596.009856;2414853.34272;623679.211025131;569446.2361533806;569446.2361533806;596562.7235892559;623679.211025131;542329.7487175053;623679.211025131;596562.7235892559;569446.2361533806;623679.211025131;569446.2361533806;542329.7487175053;1338879.4305637877;1222455.1322538932;1222455.1322538932;1280667.2814088403;1338879.4305637877;1164242.9830989458;1338879.4305637877;1280667.2814088403;1222455.1322538932;1338879.4305637877;1222455.1322538932;1164242.9830989458;4739639.9857169185;4327497.378263274;4327497.378263274;4533568.681990096;4739639.9857169185;4121426.074536451;4739639.9857169185;4533568.681990096;4327497.378263274;4739639.9857169185;4327497.378263274;4121426.074536451
LA VELA;ASEO;2479536.9143999997;2263925.0088;2263925.0088;2371730.9616000005;2479536.9143999997;2156119.056;2479536.9143999997;2371730.9616000005;2263925.0088;2479536.9143999997;2263925.0088;2156119.056;556856.4384152956;508434.1394226613;508434.1394226613;532645.2889189785;556856.4384152956;484222.98992634413;556856.4384152956;532645.2889189785;508434.1394226613;556856.4384152956;508434.1394226613;484222.98992634413;1195428.0630033817;1091477.796655262;1091477.796655262;1143452.929829322;1195428.0630033817;1039502.6634812017;1195428.0630033817;1143452.929829322;1091477.796655262;1195428.0630033817;1091477.796655262;1039502.6634812017;4231821.415818676;3863836.944877923;3863836.944877923;4047829.1803483013;4231821.415818676;3679844.7094075456;4231821.415818676;4047829.1803483013;3863836.944877923;4231821.415818676;3863836.944877923;3679844.7094075456
ESPERANZA;ASEO;2702059.4579999996;2467097.7660000003;2467097.7660000003;2584578.6120000007;2702059.4579999996;2349616.92;2702059.4579999996;2584578.6120000007;2467097.7660000003;2702059.4579999996;2467097.7660000003;2349616.92;606830.7341705144;554062.8442426438;554062.8442426438;580446.7892065792;606830.7341705144;527678.8992787083;606830.7341705144;580446.7892065792;554062.8442426438;606830.7341705144;554062.8442426438;527678.8992787083;1302710.0686575314;1189430.932252529;1189430.932252529;1246070.5004550302;1302710.0686575314;1132791.3640500274;1302710.0686575314;1246070.5004550302;1189430.932252529;1302710.0686575314;1189430.932252529;1132791.3640500274;4611600.260828045;4210591.542495173;4210591.542495173;4411095.90166161;4611600.260828045;4010087.1833287356;4611600.260828045;4411095.90166161;4210591.542495173;4611600.260828045;4210591.542495173;4010087.1833287356
LINA MARGARITA;ASEO;1735675.8400799998;1584747.5061599999;1584747.5061599999;1660211.6731200004;1735675.8400799998;1509283.3391999998;1735675.8400799998;1660211.6731200004;1584747.5061599999;1735675.8400799998;1584747.5061599999;1509283.3391999998;389799.5068907069;355903.89759586286;355903.89759586286;372851.70224328496;389799.5068907069;338956.0929484408;389799.5068907069;372851.70224328496;355903.89759586286;389799.5068907069;355903.89759586286;338956.0929484408;836799.6441023672;764034.4576586832;764034.4576586832;800417.0508805254;836799.6441023672;727651.8644368411;836799.6441023672;800417.0508805254;764034.4576586832;836799.6441023672;764034.4576586832;727651.8644368411;2962274.991073074;2704685.861414546;2704685.861414546;2833480.426243811;2962274.991073074;2575891.296585282;2962274.991073074;2833480.426243811;2704685.861414546;2962274.991073074;2704685.861414546;2575891.296585282
DON MARCE;ASEO;3309228.1126799993;3021469.14636;3021469.14636;3165348.6295200004;3309228.1126799993;2877589.6632000003;3309228.1126799993;3165348.6295200004;3021469.14636;3309228.1126799993;3021469.14636;2877589.6632000003;743189.169731183;678564.0245371672;678564.0245371672;710876.5971341752;743189.169731183;646251.4519401592;743189.169731183;710876.5971341752;678564.0245371672;743189.169731183;678564.0245371672;646251.4519401592;1595436.6840852825;1456703.0593822147;1456703.0593822147;1526069.8717337488;1595436.6840852825;1387336.2470306805;1595436.6840852825;1526069.8717337488;1456703.0593822147;1595436.6840852825;1456703.0593822147;1387336.2470306805;5647853.966496465;5156736.230279382;5156736.230279382;5402295.098387925;5647853.966496465;4911177.36217084;5647853.966496465;5402295.098387925;5156736.230279382;5647853.966496465;5156736.230279382;4911177.36217084
ENANO;OFICIOS VARIOS;610979.6950149898;557851.0258832516;557851.0258832516;584415.3604491209;610979.6950149898;531286.6913173825;610979.6950149898;584415.3604491209;557851.0258832516;610979.6950149898;557851.0258832516;531286.6913173825;137214.32213177573;125282.64194640394;125282.64194640394;131248.48203908984;137214.32213177573;119316.80185371805;137214.32213177573;131248.48203908984;125282.64194640394;137214.32213177573;125282.64194640394;119316.80185371805;294563.98455068155;268949.72502453544;268949.72502453544;281756.85478760855;294563.98455068155;256142.59526146227;294563.98455068155;281756.85478760855;268949.72502453544;294563.98455068155;268949.72502453544;256142.59526146227;1042758.001697447;952083.3928541909;952083.3928541909;997420.6972758193;1042758.001697447;906746.0884325628;1042758.001697447;997420.6972758193;952083.3928541909;1042758.001697447;952083.3928541909;906746.0884325628
EVA;OFICIOS VARIOS;325940.5750710453;297597.91636921535;297597.91636921535;311769.2457201304;325940.5750710453;283426.5870183003;325940.5750710453;311769.2457201304;297597.91636921535;325940.5750710453;297597.91636921535;283426.5870183003;73200.00227260808;66834.78468368563;66834.78468368563;70017.39347814687;73200.00227260808;63652.17588922442;73200.00227260808;70017.39347814687;66834.78468368563;73200.00227260808;66834.78468368563;63652.17588922442;157141.6453001963;143477.1544045271;143477.1544045271;150309.39985236176;157141.6453001963;136644.9089566925;157141.6453001963;150309.39985236176;143477.1544045271;157141.6453001963;143477.1544045271;136644.9089566925;556282.2226438497;507909.8554574281;507909.8554574281;532096.039050639;556282.2226438497;483723.6718642172;556282.2226438497;532096.039050639;507909.8554574281;556282.2226438497;507909.8554574281;483723.6718642172
SAMI;OFICIOS VARIOS;355747.8403199866;324813.245509553;324813.245509553;340280.54291476985;355747.8403199866;309345.94810433616;355747.8403199866;340280.54291476985;324813.245509553;355747.8403199866;324813.245509553;309345.94810433616;79894.14240378732;72946.82567302322;72946.82567302322;76420.4840384053;79894.14240378732;69473.16730764115;79894.14240378732;76420.4840384053;72946.82567302322;79894.14240378732;72946.82567302322;69473.16730764115;171512.24859834975;156598.14002458024;156598.14002458024;164055.19431146505;171512.24859834975;149141.08573769545;171512.24859834975;164055.19431146505;156598.14002458024;171512.24859834975;156598.14002458024;149141.08573769545;607154.2313221237;554358.2112071565;554358.2112071565;580756.2212646402;607154.2313221237;527960.2011496727;607154.2313221237;580756.2212646402;554358.2112071565;607154.2313221237;554358.2112071565;527960.2011496727
VEGA;OFICIOS VARIOS;49432.27241579257;45133.81394485409;45133.81394485409;47283.04318032334;49432.27241579257;42984.58470938485;49432.27241579257;47283.04318032334;45133.81394485409;49432.27241579257;45133.81394485409;42984.58470938485;11101.540372466621;10136.189035730395;10136.189035730395;10618.86470409851;11101.540372466621;9653.51336736228;11101.540372466621;10618.86470409851;10136.189035730395;11101.540372466621;10136.189035730395;9653.51336736228;23832.162094737643;21759.80017345611;21759.80017345611;22795.98113409688;23832.162094737643;20723.619212815345;23832.162094737643;22795.98113409688;21759.80017345611;23832.162094737643;21759.80017345611;20723.619212815345;84365.97488299684;77029.8031540406;77029.8031540406;80697.88901851873;84365.97488299684;73361.71728956248;84365.97488299684;80697.88901851873;77029.8031540406;84365.97488299684;77029.8031540406;73361.71728956248
FEDERICA;OFICIOS VARIOS;577632.7683801902;527403.8319993042;527403.8319993042;552518.3001897472;577632.7683801902;502289.3638088611;577632.7683801902;552518.3001897472;527403.8319993042;577632.7683801902;527403.8319993042;502289.3638088611;129725.24193695877;118444.78611635364;118444.78611635364;124085.01402665622;129725.24193695877;112804.55820605108;129725.24193695877;124085.01402665622;118444.78611635364;129725.24193695877;118444.78611635364;112804.55820605108;278486.8486618616;254270.60095213447;254270.60095213447;266378.72480699804;278486.8486618616;242162.47709727092;278486.8486618616;266378.72480699804;254270.60095213447;278486.8486618616;254270.60095213447;242162.47709727092;985844.8589790106;900119.2190677924;900119.2190677924;942982.0390234016;985844.8589790106;857256.3991121831;985844.8589790106;942982.0390234016;900119.2190677924;985844.8589790106;900119.2190677924;857256.3991121831
NEERLANDIA;OFICIOS VARIOS;549594.6702354801;501803.82934543834;501803.82934543834;525699.2497904593;549594.6702354801;477908.40890041745;549594.6702354801;525699.2497904593;501803.82934543834;549594.6702354801;501803.82934543834;477908.40890041745;123428.42280830306;112695.51647714627;112695.51647714627;118061.96964272468;123428.42280830306;107329.06331156786;123428.42280830306;118061.96964272468;112695.51647714627;123428.42280830306;112695.51647714627;107329.06331156786;264969.1917313374;241928.39245035153;241928.39245035153;253448.79209084454;264969.1917313374;230407.9928098586;264969.1917313374;253448.79209084454;241928.39245035153;264969.1917313374;241928.39245035153;230407.9928098586;937992.2847751204;856427.7382729361;856427.7382729361;897210.0115240286;937992.2847751204;815645.4650218439;937992.2847751204;897210.0115240286;856427.7382729361;937992.2847751204;856427.7382729361;815645.4650218439
SAN ANTONIO;OFICIOS VARIOS;557097.8049168624;508654.51753278734;508654.51753278734;532876.1612248248;557097.8049168624;484432.87384074985;557097.8049168624;532876.1612248248;508654.51753278734;557097.8049168624;508654.51753278734;484432.87384074985;125113.48296262459;114234.0496615268;114234.0496615268;119673.76631207572;125113.48296262459;108794.3330109779;125113.48296262459;119673.76631207572;114234.0496615268;125113.48296262459;114234.0496615268;108794.3330109779;268586.584038154;245231.22890440145;245231.22890440145;256908.9064712778;268586.584038154;233553.5513375252;268586.584038154;256908.9064712778;245231.22890440145;268586.584038154;245231.22890440145;233553.5513375252;950797.871917641;868119.7960987156;868119.7960987156;909458.8340081784;950797.871917641;826780.758189253;950797.871917641;909458.8340081784;868119.7960987156;950797.871917641;868119.7960987156;826780.758189253
MRS;OFICIOS VARIOS;30907.416496420978;28219.815061949594;28219.815061949594;29563.615779185286;30907.416496420978;26876.014344713894;30907.416496420978;29563.615779185286;28219.815061949594;30907.416496420978;28219.815061949594;26876.014344713894;6941.213002662584;6337.6292633006215;6337.6292633006215;6639.421132981603;6941.213002662584;6035.8373936196385;6941.213002662584;6639.421132981603;6337.6292633006215;6941.213002662584;6337.6292633006215;6035.8373936196385;14901.005433789198;13605.26583085101;13605.26583085101;14253.135632320105;14901.005433789198;12957.396029381913;14901.005433789198;14253.135632320105;13605.26583085101;14901.005433789198;13605.26583085101;12957.396029381913;52749.63493287276;48162.710156101224;48162.710156101224;50456.172544486995;52749.63493287276;45869.247767715446;52749.63493287276;50456.172544486995;48162.710156101224;52749.63493287276;48162.710156101224;45869.247767715446
DON FUAD;OFICIOS VARIOS;114432.14890875098;104481.52726451178;104481.52726451178;109456.83808663138;114432.14890875098;99506.21644239216;114432.14890875098;109456.83808663138;104481.52726451178;114432.14890875098;104481.52726451178;99506.21644239216;25699.2660651537;23464.547276879468;23464.547276879468;24581.906671016586;25699.2660651537;22347.18788274235;25699.2660651537;24581.906671016586;23464.547276879468;25699.2660651537;23464.547276879468;22347.18788274235;55169.73807522627;50372.36954694574;50372.36954694574;52771.05381108601;55169.73807522627;47973.685282805454;55169.73807522627;52771.05381108601;50372.36954694574;55169.73807522627;50372.36954694574;47973.685282805454;195301.15304913092;178318.44408833698;178318.44408833698;186809.79856873397;195301.15304913092;169827.08960793997;195301.15304913092;186809.79856873397;178318.44408833698;195301.15304913092;178318.44408833698;169827.08960793997
EUFEMIA;OFICIOS VARIOS;1127134.4319757025;1029122.7422386851;1029122.7422386851;1078128.587107194;1127134.4319757025;980116.8973701762;1127134.4319757025;1078128.587107194;1029122.7422386851;1127134.4319757025;1029122.7422386851;980116.8973701762;253132.77723760638;231121.23139085804;231121.23139085804;242127.0043142322;253132.77723760638;220115.4584674838;253132.77723760638;242127.0043142322;231121.23139085804;253132.77723760638;231121.23139085804;220115.4584674838;543411.2002672798;496158.05241795117;496158.05241795117;519784.62634261546;543411.2002672798;472531.4784932867;543411.2002672798;519784.62634261546;496158.05241795117;543411.2002672798;496158.05241795117;472531.4784932867;1923678.4094805887;1756402.0260474943;1756402.0260474943;1840040.2177640414;1923678.4094805887;1672763.8343309467;1923678.4094805887;1840040.2177640414;1756402.0260474943;1923678.4094805887;1756402.0260474943;1672763.8343309467
OLGA;OFICIOS VARIOS;32818.52174335607;29964.737243933803;29964.737243933803;31391.62949364494;32818.52174335607;28537.844994222673;32818.52174335607;31391.62949364494;29964.737243933803;32818.52174335607;29964.737243933803;28537.844994222673;7370.410589947779;6729.505321256668;6729.505321256668;7049.957955602225;7370.410589947779;6409.052686911114;7370.410589947779;7049.957955602225;6729.505321256668;7370.410589947779;6729.505321256668;6409.052686911114;15822.382659621724;14446.523297915488;14446.523297915488;15134.452978768608;15822.382659621724;13758.593617062372;15822.382659621724;15134.452978768608;14446.523297915488;15822.382659621724;14446.523297915488;13758.593617062372;56011.314992925574;51140.76586310596;51140.76586310596;53576.04042801577;56011.314992925574;48705.49129819615;56011.314992925574;53576.04042801577;51140.76586310596;56011.314992925574;51140.76586310596;48705.49129819615
DON SAID;OFICIOS VARIOS;2826497.339899374;2580714.96251682;2580714.96251682;2703606.151208097;2826497.339899374;2457823.7738255425;2826497.339899374;2703606.151208097;2580714.96251682;2826497.339899374;2580714.96251682;2457823.7738255425;634777.0959754148;579579.0876297266;579579.0876297266;607178.0918025709;634777.0959754148;551980.0834568825;634777.0959754148;607178.0918025709;579579.0876297266;634777.0959754148;579579.0876297266;551980.0834568825;1362703.7454039042;1244207.7675426954;1244207.7675426954;1303455.7564733;1362703.7454039042;1184959.7786120907;1362703.7454039042;1303455.7564733;1244207.7675426954;1362703.7454039042;1244207.7675426954;1184959.7786120907;4823978.1812786935;4404501.817689242;4404501.817689242;4614239.999483968;4823978.1812786935;4194763.6358945165;4823978.1812786935;4614239.999483968;4404501.817689242;4823978.1812786935;4404501.817689242;4194763.6358945165
ASUNTINA;OFICIOS VARIOS;430373.2710602119;392949.5083593239;392949.5083593239;411661.3897097679;430373.2710602119;374237.62700887985;430373.2710602119;411661.3897097679;392949.5083593239;430373.2710602119;392949.5083593239;374237.62700887985;96653.5829815312;88248.92359183283;88248.92359183283;92451.25328668203;96653.5829815312;84046.59389698364;96653.5829815312;92451.25328668203;88248.92359183283;96653.5829815312;88248.92359183283;84046.59389698364;207490.47243623424;189447.8226591704;189447.8226591704;198469.14754770233;207490.47243623424;180426.49777063847;207490.47243623424;198469.14754770233;189447.8226591704;207490.47243623424;189447.8226591704;180426.49777063847;734517.3264779773;670646.2546103271;670646.2546103271;702581.7905441523;734517.3264779773;638710.718676502;734517.3264779773;702581.7905441523;670646.2546103271;734517.3264779773;670646.2546103271;638710.718676502
PORLAMAR;OFICIOS VARIOS;1228280.2137138764;1121473.238608322;1121473.238608322;1174876.7261610995;1228280.2137138764;1068069.751055545;1228280.2137138764;1174876.7261610995;1121473.238608322;1228280.2137138764;1121473.238608322;1068069.751055545;275848.1800421981;251861.38177765915;251861.38177765915;263854.7809099286;275848.1800421981;239867.98264538968;275848.1800421981;263854.7809099286;251861.38177765915;275848.1800421981;251861.38177765915;239867.98264538968;592175.3486217665;540681.8400459609;540681.8400459609;566428.5943338638;592175.3486217665;514935.08575805795;592175.3486217665;566428.5943338638;540681.8400459609;592175.3486217665;540681.8400459609;514935.08575805795;2096303.7423778411;1914016.460431942;1914016.460431942;2005160.1014048918;2096303.7423778411;1822872.8194589925;2096303.7423778411;2005160.1014048918;1914016.460431942;2096303.7423778411;1914016.460431942;1822872.8194589925
EL MORRO;OFICIOS VARIOS;31665.90562399602;28912.34861321376;28912.34861321376;30289.12711860489;31665.90562399602;27535.570107822627;31665.90562399602;30289.12711860489;28912.34861321376;31665.90562399602;28912.34861321376;27535.570107822627;7111.55511441145;6493.1590175061065;6493.1590175061065;6802.357065958779;7111.55511441145;6183.960969053434;7111.55511441145;6802.357065958779;6493.1590175061065;7111.55511441145;6493.1590175061065;6183.960969053434;15266.686292711021;13939.148354214409;13939.148354214409;14602.917323462716;15266.686292711021;13275.379384966105;15266.686292711021;14602.917323462716;13939.148354214409;15266.686292711021;13939.148354214409;13275.379384966105;54044.14703111849;49344.655984934274;49344.655984934274;51694.401508026385;54044.14703111849;46994.91046184217;54044.14703111849;51694.401508026385;49344.655984934274;54044.14703111849;49344.655984934274;46994.91046184217
LA PERLA;OFICIOS VARIOS;39995.48132879857;36517.613387163925;36517.613387163925;38256.54735798125;39995.48132879857;34778.67941634659;39995.48132879857;38256.54735798125;36517.613387163925;39995.48132879857;36517.613387163925;34778.67941634659;8982.218073107235;8201.155631967478;8201.155631967478;8591.68685253736;8982.218073107235;7810.624411397598;8982.218073107235;8591.68685253736;8201.155631967478;8982.218073107235;8201.155631967478;7810.624411397598;19282.520254530315;17605.779362832032;17605.779362832032;18444.149808681177;19282.520254530315;16767.408916982888;19282.520254530315;18444.149808681177;17605.779362832032;19282.520254530315;17605.779362832032;16767.408916982888;68260.21965643612;62324.54838196344;62324.54838196344;65292.38401919979;68260.21965643612;59356.712744727076;68260.21965643612;65292.38401919979;62324.54838196344;68260.21965643612;62324.54838196344;59356.712744727076
ARACATACA;OFICIOS VARIOS;1340552.235068649;1223982.4754974623;1223982.4754974623;1282267.355283056;1340552.235068649;1165697.5957118687;1340552.235068649;1282267.355283056;1223982.4754974623;1340552.235068649;1223982.4754974623;1165697.5957118687;301062.32288565446;274882.99046081497;274882.99046081497;287972.6566732348;301062.32288565446;261793.3242483952;301062.32288565446;287972.6566732348;274882.99046081497;301062.32288565446;274882.99046081497;261793.3242483952;646303.6514666093;590103.3339477737;590103.3339477737;618203.4927071916;646303.6514666093;562003.1751883558;646303.6514666093;618203.4927071916;590103.3339477737;646303.6514666093;590103.3339477737;562003.1751883558;2287918.209420913;2088968.7999060508;2088968.7999060508;2188443.5046634823;2287918.209420913;1989494.0951486197;2287918.209420913;2188443.5046634823;2088968.7999060508;2287918.209420913;2088968.7999060508;1989494.0951486197
BOCATOMA;OFICIOS VARIOS;88955.08598251847;81219.8611144734;81219.8611144734;85087.47354849595;88955.08598251847;77352.24868045087;88955.08598251847;85087.47354849595;81219.8611144734;88955.08598251847;81219.8611144734;77352.24868045087;19977.606331034676;18240.423171814273;18240.423171814273;19109.014751424478;19977.606331034676;17371.83159220407;19977.606331034676;19109.014751424478;18240.423171814273;19977.606331034676;18240.423171814273;17371.83159220407;42886.800963845875;39157.513923511455;39157.513923511455;41022.15744367867;42886.800963845875;37292.87040334425;42886.800963845875;41022.15744367867;39157.513923511455;42886.800963845875;39157.513923511455;37292.87040334425;151819.49327739904;138617.79820979913;138617.79820979913;145218.6457435991;151819.49327739904;132016.9506759992;151819.49327739904;145218.6457435991;138617.79820979913;151819.49327739904;138617.79820979913;132016.9506759992
JOYA;OFICIOS VARIOS;122895.3374247559;112208.78634434234;112208.78634434234;117552.06188454913;122895.3374247559;106865.51080413556;122895.3374247559;117552.06188454913;112208.78634434234;122895.3374247559;112208.78634434234;106865.51080413556;27599.935898819043;25199.94147283478;25199.94147283478;26399.938685826914;27599.935898819043;23999.944259842647;27599.935898819043;26399.938685826914;25199.94147283478;27599.935898819043;25199.94147283478;23999.944259842647;59249.989107491456;54097.816141622636;54097.816141622636;56673.90262455705;59249.989107491456;51521.72965868822;59249.989107491456;56673.90262455705;54097.816141622636;59249.989107491456;54097.816141622636;51521.72965868822;209745.2624310664;191506.54395879977;191506.54395879977;200625.9031949331;209745.2624310664;182387.18472266642;209745.2624310664;200625.9031949331;191506.54395879977;209745.2624310664;191506.54395879977;182387.18472266642
ESMERALDA;OFICIOS VARIOS;0.0;0.0;0.0;0.0;0.0;0.0;0.0;0.0;0.0;0.0;0.0;0.0;0.0;0.0;0.0;0.0;0.0;0.0;0.0;0.0;0.0;0.0;0.0;0.0;0.0;0.0;0.0;0.0;0.0;0.0;0.0;0.0;0.0;0.0;0.0;0.0;0.0;0.0;0.0;0.0;0.0;0.0;0.0;0.0;0.0;0.0;0.0;0.0
NARANJOS;OFICIOS VARIOS;49156.763968193125;44882.262753567644;44882.262753567644;47019.51336088039;49156.763968193125;42745.01214625489;49156.763968193125;47019.51336088039;44882.262753567644;49156.763968193125;44882.262753567644;42745.01214625489;11039.666458836795;10079.695462416206;10079.695462416206;10559.680960626501;11039.666458836795;9599.70996420591;11039.666458836795;10559.680960626501;10079.695462416206;11039.666458836795;10079.695462416206;9599.70996420591;23699.33465912168;21638.52294963284;21638.52294963284;22668.92880437726;23699.33465912168;20608.117094888417;23699.33465912168;22668.92880437726;21638.52294963284;23699.33465912168;21638.52294963284;20608.117094888417;83895.7650861516;76600.48116561669;76600.48116561669;80248.12312588416;83895.7650861516;72952.83920534921;83895.7650861516;80248.12312588416;76600.48116561669;83895.7650861516;76600.48116561669;72952.83920534921
YUNQUE;OFICIOS VARIOS;46262.371073019945;42239.55619710517;42239.55619710517;44250.96363506256;46262.371073019945;40228.14875914778;46262.371073019945;44250.96363506256;42239.55619710517;46262.371073019945;42239.55619710517;40228.14875914778;10389.641323247843;9486.194251661074;9486.194251661074;9937.917787454458;10389.641323247843;9034.470715867688;10389.641323247843;9937.917787454458;9486.194251661074;10389.641323247843;9486.194251661074;9034.470715867688;22303.897280410627;20364.42795167927;20364.42795167927;21334.162616044952;22303.897280410627;19394.69328731359;22303.897280410627;21334.162616044952;20364.42795167927;22303.897280410627;20364.42795167927;19394.69328731359;78955.90967667842;72090.17840044551;72090.17840044551;75523.04403856197;78955.90967667842;68657.31276232906;78955.90967667842;75523.04403856197;72090.17840044551;78955.90967667842;72090.17840044551;68657.31276232906
DONAMA;OFICIOS VARIOS;58095.49509558078;53043.71291335637;53043.71291335637;55569.60400446858;58095.49509558078;50517.82182224416;58095.49509558078;55569.60400446858;53043.71291335637;58095.49509558078;53043.71291335637;50517.82182224416;13047.1340430625;11912.60064801359;11912.60064801359;12479.867345538047;13047.1340430625;11345.333950489132;13047.1340430625;12479.867345538047;11912.60064801359;13047.1340430625;11912.60064801359;11345.333950489132;28008.853091883862;25573.300649111356;25573.300649111356;26791.07687049761;28008.853091883862;24355.524427725097;28008.853091883862;26791.07687049761;25573.300649111356;28008.853091883862;25573.300649111356;24355.524427725097;99151.48223052715;90529.61421048132;90529.61421048132;94840.54822050424;99151.48223052715;86218.68020045839;99151.48223052715;94840.54822050424;90529.61421048132;99151.48223052715;90529.61421048132;86218.68020045839
BURDEOS;OFICIOS VARIOS;0.0;0.0;0.0;0.0;0.0;0.0;0.0;0.0;0.0;0.0;0.0;0.0;0.0;0.0;0.0;0.0;0.0;0.0;0.0;0.0;0.0;0.0;0.0;0.0;0.0;0.0;0.0;0.0;0.0;0.0;0.0;0.0;0.0;0.0;0.0;0.0;0.0;0.0;0.0;0.0;0.0;0.0;0.0;0.0;0.0;0.0;0.0;0.0
DON MARCE SUR 2;OFICIOS VARIOS;38315.90950491113;34984.09128709278;34984.09128709278;36650.00039600196;38315.90950491113;33318.1821781836;38315.90950491113;36650.00039600196;34984.09128709278;38315.90950491113;34984.09128709278;33318.1821781836;8605.018452290555;7856.755978178335;7856.755978178335;8230.887215234447;8605.018452290555;7482.624741122223;8605.018452290555;8230.887215234447;7856.755978178335;8605.018452290555;7856.755978178335;7482.624741122223;18472.7693367503;16866.441568337235;16866.441568337235;17669.605452543772;18472.7693367503;16063.2776841307;18472.7693367503;17669.605452543772;16866.441568337235;18472.7693367503;16866.441568337235;16063.2776841307;65393.697293951984;59707.28883360835;59707.28883360835;62550.49306378018;65393.697293951984;56864.08460343652;65393.697293951984;62550.49306378018;59707.28883360835;65393.697293951984;59707.28883360835;56864.08460343652
LAS MARGARITAS;OFICIOS VARIOS;335071.52598972054;305934.87155583175;305934.87155583175;320503.1987727762;335071.52598972054;291366.54433888744;335071.52598972054;320503.1987727762;305934.87155583175;335071.52598972054;305934.87155583175;291366.54433888744;75250.63873556581;68707.10493247313;68707.10493247313;71978.87183401946;75250.63873556581;65435.33803092678;75250.63873556581;71978.87183401946;68707.10493247313;75250.63873556581;68707.10493247313;65435.33803092678;161543.83625234524;147496.54614344565;147496.54614344565;154520.19119789544;161543.83625234524;140472.90108899586;161543.83625234524;154520.19119789544;147496.54614344565;161543.83625234524;147496.54614344565;140472.90108899586;571866.0009776317;522138.52263175056;522138.52263175056;547002.261804691;571866.0009776317;497274.78345881007;571866.0009776317;547002.261804691;522138.52263175056;571866.0009776317;522138.52263175056;497274.78345881007
LA CECILIA;OFICIOS VARIOS;304153.82353862486;277705.66497004876;277705.66497004876;290929.7442543368;304153.82353862486;264481.5856857607;304153.82353862486;290929.7442543368;277705.66497004876;304153.82353862486;277705.66497004876;264481.5856857607;68307.11570474732;62367.36651303015;62367.36651303015;65337.241108888746;68307.11570474732;59397.491917171574;68307.11570474732;65337.241108888746;62367.36651303015;68307.11570474732;62367.36651303015;59397.491917171574;146637.87178011565;133886.75249488815;133886.75249488815;140262.3121375019;146637.87178011565;127511.19285227444;146637.87178011565;140262.3121375019;133886.75249488815;146637.87178011565;133886.75249488815;127511.19285227444;519098.8110234878;473959.78397796705;473959.78397796705;496529.29750072747;519098.8110234878;451390.27045520674;519098.8110234878;496529.29750072747;473959.78397796705;519098.8110234878;473959.78397796705;451390.27045520674
JOSEFINA;OFICIOS VARIOS;51512.348563984546;47033.013906246764;47033.013906246764;49272.68123511566;51512.348563984546;44793.346577377866;51512.348563984546;49272.68123511566;47033.013906246764;51512.348563984546;47033.013906246764;44793.346577377866;11568.685583650169;10562.71292420233;10562.71292420233;11065.699253926252;11568.685583650169;10059.726594478409;11568.685583650169;11065.699253926252;10562.71292420233;11568.685583650169;10562.71292420233;10059.726594478409;24835.003143923786;22675.43765314781;22675.43765314781;23755.2203985358;24835.003143923786;21595.654907759814;24835.003143923786;23755.2203985358;22675.43765314781;24835.003143923786;22675.43765314781;21595.654907759814;87916.0372915585;80271.1644835969;80271.1644835969;84093.60088757772;87916.0372915585;76448.72807961609;87916.0372915585;84093.60088757772;80271.1644835969;87916.0372915585;80271.1644835969;76448.72807961609
SAN ALFREDO;OFICIOS VARIOS;30797.2217658032;28119.202481820314;28119.202481820314;29458.212123811758;30797.2217658032;26780.19283982887;30797.2217658032;29458.212123811758;28119.202481820314;30797.2217658032;28119.202481820314;26780.19283982887;6916.465379480374;6315.033607351646;6315.033607351646;6615.74949341601;6916.465379480374;6014.317721287282;6916.465379480374;6615.74949341601;6315.033607351646;6916.465379480374;6315.033607351646;6014.317721287282;14847.878629098144;13556.758748307;13556.758748307;14202.318688702571;14847.878629098144;12911.198807911427;14847.878629098144;14202.318688702571;13556.758748307;14847.878629098144;13556.758748307;12911.198807911427;52561.56577438172;47990.99483747896;47990.99483747896;50276.28030593034;52561.56577438172;45705.70936902758;52561.56577438172;50276.28030593034;47990.99483747896;52561.56577438172;47990.99483747896;45705.70936902758
VICTORIA;OFICIOS VARIOS;601546.7966223935;549238.3795247942;549238.3795247942;575392.5880735938;601546.7966223935;523084.1709759944;601546.7966223935;575392.5880735938;549238.3795247942;601546.7966223935;549238.3795247942;523084.1709759944;135095.87405692396;123348.40674762623;123348.40674762623;129222.14040227512;135095.87405692396;117474.67309297736;135095.87405692396;129222.14040227512;123348.40674762623;135095.87405692396;123348.40674762623;117474.67309297736;290016.2194464473;264797.41775545187;264797.41775545187;277406.8186009496;290016.2194464473;252188.01690995417;290016.2194464473;277406.8186009496;264797.41775545187;290016.2194464473;264797.41775545187;252188.01690995417;1026658.8901257649;937384.2040278723;937384.2040278723;982021.5470768185;1026658.8901257649;892746.8609789258;1026658.8901257649;982021.5470768185;937384.2040278723;1026658.8901257649;937384.2040278723;892746.8609789258
CIRCASIA;OFICIOS VARIOS;312899.76907395566;285691.09350230737;285691.09350230737;299295.4312881315;312899.76907395566;272086.7557164832;312899.76907395566;299295.4312881315;285691.09350230737;312899.76907395566;285691.09350230737;272086.7557164832;70271.28734223914;64160.74061682705;64160.74061682705;67216.0139795331;70271.28734223914;61105.467254121;70271.28734223914;67216.0139795331;64160.74061682705;70271.28734223914;64160.74061682705;61105.467254121;150854.4449110559;137736.66709270322;137736.66709270322;144295.55600187957;150854.4449110559;131177.77818352685;150854.4449110559;144295.55600187957;137736.66709270322;150854.4449110559;137736.66709270322;131177.77818352685;534025.5013272506;487588.50121183763;487588.50121183763;510807.0012695442;534025.5013272506;464370.001154131;534025.5013272506;510807.0012695442;487588.50121183763;534025.5013272506;487588.50121183763;464370.001154131
CIENAGA;OFICIOS VARIOS;34076.98231301419;31113.76645970861;31113.76645970861;32595.374386361404;34076.98231301419;29632.15853305582;34076.98231301419;32595.374386361404;31113.76645970861;34076.98231301419;31113.76645970861;29632.15853305582;7653.036699136188;6987.5552470373905;6987.5552470373905;7320.29597308679;7653.036699136188;6654.81452098799;7653.036699136188;7320.29597308679;6987.5552470373905;7653.036699136188;6987.5552470373905;6654.81452098799;16429.1084850836;15000.4903559459;15000.4903559459;15714.799420514753;16429.1084850836;14286.181291377048;16429.1084850836;15714.799420514753;15000.4903559459;16429.1084850836;15000.4903559459;14286.181291377048;58159.127497233974;53101.8120626919;53101.8120626919;55630.46977996295;58159.127497233974;50573.15434542086;58159.127497233974;55630.46977996295;53101.8120626919;58159.127497233974;53101.8120626919;50573.15434542086
MARIA;OFICIOS VARIOS;26103.493410619525;23833.624418391744;23833.624418391744;24968.558914505633;26103.493410619525;22698.68992227785;26103.493410619525;24968.558914505633;23833.624418391744;26103.493410619525;23833.624418391744;22698.68992227785;5862.344007228517;5352.57496312169;5352.57496312169;5607.4594851751035;5862.344007228517;5097.6904410682755;5862.344007228517;5607.4594851751035;5352.57496312169;5862.344007228517;5352.57496312169;5097.6904410682755;12584.950191406773;11490.606696501838;11490.606696501838;12037.778443954305;12584.950191406773;10943.43494904937;12584.950191406773;12037.778443954305;11490.606696501838;12584.950191406773;11490.606696501838;10943.43494904937;44550.78760925481;40676.806078015274;40676.806078015274;42613.79684363504;44550.78760925481;38739.8153123955;44550.78760925481;42613.79684363504;40676.806078015274;44550.78760925481;40676.806078015274;38739.8153123955
REMANSO;OFICIOS VARIOS;1168058.2733512833;1066487.9887120414;1066487.9887120414;1117273.1310316627;1168058.2733512833;1015702.8463924204;1168058.2733512833;1117273.1310316627;1066487.9887120414;1168058.2733512833;1066487.9887120414;1015702.8463924204;262323.48717313196;239512.749158077;239512.749158077;250918.1181656045;262323.48717313196;228107.38015054952;262323.48717313196;250918.1181656045;239512.749158077;262323.48717313196;239512.749158077;228107.38015054952;563141.2991184623;514172.4904994656;514172.4904994656;538656.8948089641;563141.2991184623;489688.08618996723;563141.2991184623;538656.8948089641;514172.4904994656;563141.2991184623;514172.4904994656;489688.08618996723;1993523.0596428774;1820173.2283695838;1820173.2283695838;1906848.1440062313;1993523.0596428774;1733498.3127329373;1993523.0596428774;1906848.1440062313;1820173.2283695838;1993523.0596428774;1820173.2283695838;1733498.3127329373
PIEDECUESTA;OFICIOS VARIOS;102358.10276248718;93457.39817444482;93457.39817444482;97907.75046846601;102358.10276248718;89007.04588042364;102358.10276248718;97907.75046846601;93457.39817444482;102358.10276248718;93457.39817444482;89007.04588042364;22987.666856759843;20988.739303998118;20988.739303998118;21988.203080378982;22987.666856759843;19989.275527617257;22987.666856759843;21988.203080378982;20988.739303998118;22987.666856759843;20988.739303998118;19989.275527617257;49348.62949909755;45057.444325262986;45057.444325262986;47203.03691218027;49348.62949909755;42911.8517383457;49348.62949909755;47203.03691218027;45057.444325262986;49348.62949909755;45057.444325262986;42911.8517383457;174694.39911834456;159503.58180370595;159503.58180370595;167098.99046102527;174694.39911834456;151908.1731463866;174694.39911834456;167098.99046102527;159503.58180370595;174694.39911834456;159503.58180370595;151908.1731463866
NAUTICA;OFICIOS VARIOS;190449.54535645104;173888.71532545533;173888.71532545533;182169.1303409532;190449.54535645104;165608.30030995744;190449.54535645104;182169.1303409532;173888.71532545533;190449.54535645104;173888.71532545533;165608.30030995744;42771.31544567806;39052.07062431476;39052.07062431476;40911.69303499642;42771.31544567806;37192.4482136331;42771.31544567806;40911.69303499642;39052.07062431476;42771.31544567806;39052.07062431476;37192.4482136331;91819.05289779822;83834.78742842448;83834.78742842448;87826.92016311137;91819.05289779822;79842.6546937376;91819.05289779822;87826.92016311137;83834.78742842448;91819.05289779822;83834.78742842448;79842.6546937376;325039.9136999273;296775.57337819453;296775.57337819453;310907.743539061;325039.9136999273;282643.40321732813;325039.9136999273;310907.743539061;296775.57337819453;325039.9136999273;296775.57337819453;282643.40321732813
LAS LINAS;OFICIOS VARIOS;160851.41527296565;146864.3356840121;146864.3356840121;153857.87547848892;160851.41527296565;139870.79588953534;160851.41527296565;153857.87547848892;146864.3356840121;160851.41527296565;146864.3356840121;139870.79588953534;36124.14306186598;32982.91323039937;32982.91323039937;34553.52814613269;36124.14306186598;31412.29831466607;36124.14306186598;34553.52814613269;32982.91323039937;36124.14306186598;32982.91323039937;31412.29831466607;77549.2773164232;70805.8618976038;70805.8618976038;74177.56960701352;77549.2773164232;67434.1541881941;77549.2773164232;74177.56960701352;70805.8618976038;77549.2773164232;70805.8618976038;67434.1541881941;274524.8356512548;250653.11081201525;250653.11081201525;262588.9732316351;274524.8356512548;238717.2483923955;274524.8356512548;262588.9732316351;250653.11081201525;274524.8356512548;250653.11081201525;238717.2483923955
DON ALI;OFICIOS VARIOS;83444.62398633288;76188.56972665178;76188.56972665178;79816.59685649235;83444.62398633288;72560.54259681121;83444.62398633288;79816.59685649235;76188.56972665178;83444.62398633288;76188.56972665178;72560.54259681121;18740.062246331556;17110.491616215775;17110.491616215775;17925.27693127367;18740.062246331556;16295.706301157878;18740.062246331556;17925.27693127367;17110.491616215775;18740.062246331556;17110.491616215775;16295.706301157878;40230.110969799985;36731.840450686956;36731.840450686956;38480.97571024349;40230.110969799985;34982.70519113043;40230.110969799985;38480.97571024349;36731.840450686956;40230.110969799985;36731.840450686956;34982.70519113043;142414.79720246443;130030.90179355451;130030.90179355451;136222.8494980095;142414.79720246443;123838.95408909951;142414.79720246443;136222.8494980095;130030.90179355451;142414.79720246443;130030.90179355451;123838.95408909951
DR4 DON ALI;OFICIOS VARIOS;16.52786903252752;15.090663029699039;15.090663029699039;15.80926603111328;16.52786903252752;14.3720600282848;16.52786903252752;15.80926603111328;15.090663029699039;16.52786903252752;15.090663029699039;14.3720600282848;3.7118424132333754;3.3890735077348206;3.3890735077348206;3.5504579604840982;3.7118424132333754;3.227689054985544;3.7118424132333754;3.5504579604840982;3.3890735077348206;3.7118424132333754;3.3890735077348206;3.227689054985544;7.968374396196065;7.27547227478771;7.27547227478771;7.621923335491887;7.968374396196065;6.929021214083534;7.968374396196065;7.621923335491887;7.27547227478771;7.968374396196065;7.27547227478771;6.929021214083534;28.20808584195696;25.755208812221568;25.755208812221568;26.981647327089263;28.20808584195696;24.528770297353876;28.20808584195696;26.981647327089263;25.755208812221568;28.20808584195696;25.755208812221568;24.528770297353876
DON CARLOS;OFICIOS VARIOS;37250.63794781828;34011.45203931235;34011.45203931235;35631.04499356532;37250.63794781828;32391.85908505938;37250.63794781828;35631.04499356532;34011.45203931235;37250.63794781828;34011.45203931235;32391.85908505938;8365.778890345422;7638.319856402345;7638.319856402345;8002.049373373886;8365.778890345422;7274.590339430803;8365.778890345422;8002.049373373886;7638.319856402345;8365.778890345422;7638.319856402345;7274.590339430803;17959.18330918505;16397.515195342876;16397.515195342876;17178.349252263964;17959.18330918505;15616.681138421784;17959.18330918505;17178.349252263964;16397.515195342876;17959.18330918505;16397.515195342876;15616.681138421784;63575.60014734875;58047.28709105757;58047.28709105757;60811.44361920317;63575.60014734875;55283.13056291196;63575.60014734875;60811.44361920317;58047.28709105757;63575.60014734875;58047.28709105757;55283.13056291196
EVA NORTE;OFICIOS VARIOS;1167655.568425493;1066120.3016058851;1066120.3016058851;1116887.935015689;1167655.568425493;1015352.668196081;1167655.568425493;1116887.935015689;1066120.3016058851;1167655.568425493;1066120.3016058851;1015352.668196081;262233.0473698745;239430.17368553765;239430.17368553765;250831.61052770607;262233.0473698745;228028.73684336914;262233.0473698745;250831.61052770607;239430.17368553765;262233.0473698745;239430.17368553765;228028.73684336914;562947.1480386362;513995.2221222331;513995.2221222331;538471.1850804347;562947.1480386362;489519.2591640315;562947.1480386362;538471.1850804347;513995.2221222331;562947.1480386362;513995.2221222331;489519.2591640315;1992835.7638340038;1819545.697413656;1819545.697413656;1906190.7306238299;1992835.7638340038;1732900.6642034817;1992835.7638340038;1906190.7306238299;1819545.697413656;1992835.7638340038;1819545.697413656;1732900.6642034817
DON PEDRO;OFICIOS VARIOS;102918.18745092621;93968.77984649787;93968.77984649787;98443.48364871205;102918.18745092621;89494.07604428368;102918.18745092621;98443.48364871205;93968.77984649787;102918.18745092621;93968.77984649787;89494.07604428368;23113.451136479096;21103.585820263528;21103.585820263528;22108.518478371312;23113.451136479096;20098.653162155737;23113.451136479096;22108.518478371312;21103.585820263528;23113.451136479096;21103.585820263528;20098.653162155737;49618.65611186147;45303.99036300396;45303.99036300396;47461.32323743272;49618.65611186147;43146.6574885752;49618.65611186147;47461.32323743272;45303.99036300396;49618.65611186147;45303.99036300396;43146.6574885752;175650.2946992668;160376.35602976536;160376.35602976536;168013.3253645161;175650.2946992668;152739.3866950146;175650.2946992668;168013.3253645161;160376.35602976536;175650.2946992668;160376.35602976536;152739.3866950146
LA VELA;OFICIOS VARIOS;61273.94692558082;55945.77762770423;55945.77762770423;58609.86227664253;61273.94692558082;53281.69297876593;61273.94692558082;58609.86227664253;55945.77762770423;61273.94692558082;55945.77762770423;53281.69297876593;13760.953367731314;12564.348727059027;12564.348727059027;13162.651047395173;13760.953367731314;11966.046406722882;13760.953367731314;13162.651047395173;12564.348727059027;13760.953367731314;12564.348727059027;11966.046406722882;29541.240245476987;26972.436745870295;26972.436745870295;28256.838495673645;29541.240245476987;25688.034996066945;29541.240245476987;28256.838495673645;26972.436745870295;29541.240245476987;26972.436745870295;25688.034996066945;104576.14053878913;95482.56310063355;95482.56310063355;100029.35181971134;104576.14053878913;90935.77438155576;104576.14053878913;100029.35181971134;95482.56310063355;104576.14053878913;95482.56310063355;90935.77438155576
ESPERANZA;OFICIOS VARIOS;65407.918547639056;59720.27345654001;59720.27345654001;62564.09600208953;65407.918547639056;56876.45091099048;65407.918547639056;62564.09600208953;59720.27345654001;65407.918547639056;59720.27345654001;56876.45091099048;14689.364112737827;13412.028102934537;13412.028102934537;14050.69610783618;14689.364112737827;12773.360098032892;14689.364112737827;14050.69610783618;13412.028102934537;14689.364112737827;13412.028102934537;12773.360098032892;31534.300183390376;28792.18712396513;28792.18712396513;30163.24365367775;31534.300183390376;27421.1305942525;31534.300183390376;30163.24365367775;28792.18712396513;31534.300183390376;28792.18712396513;27421.1305942525;111631.58284376725;101924.48868343967;101924.48868343967;106778.03576360346;111631.58284376725;97070.94160327586;111631.58284376725;106778.03576360346;101924.48868343967;111631.58284376725;101924.48868343967;97070.94160327586
LINA MARGARITA;OFICIOS VARIOS;22648.98251519763;20679.505774745667;20679.505774745667;21664.244144971653;22648.98251519763;19694.76740451968;22648.98251519763;21664.244144971653;20679.505774745667;22648.98251519763;20679.505774745667;19694.76740451968;5086.527110726712;4644.220405446129;4644.220405446129;4865.373758086422;5086.527110726712;4423.067052805836;5086.527110726712;4865.373758086422;4644.220405446129;5086.527110726712;4644.220405446129;4423.067052805836;10919.470139726413;9969.95099714151;9969.95099714151;10444.710568433964;10919.470139726413;9495.191425849056;10919.470139726413;10444.710568433964;9969.95099714151;10919.470139726413;9969.95099714151;9495.191425849056;38654.97976565075;35293.6771773333;35293.6771773333;36974.32847149204;38654.97976565075;33613.025883174574;38654.97976565075;36974.32847149204;35293.6771773333;38654.97976565075;35293.6771773333;33613.025883174574
DON MARCE;OFICIOS VARIOS;37283.94741022563;34041.86502672775;34041.86502672775;35662.90621847669;37283.94741022563;32420.823834978808;37283.94741022563;35662.90621847669;34041.86502672775;37283.94741022563;34041.86502672775;32420.823834978808;8373.259556793244;7645.15003011557;7645.15003011557;8009.204793454407;8373.259556793244;7281.095266776733;8373.259556793244;8009.204793454407;7645.15003011557;8373.259556793244;7645.15003011557;7281.095266776733;17975.24238291533;16412.17782787921;16412.17782787921;17193.710105397273;17975.24238291533;15630.645550361156;17975.24238291533;17193.710105397273;16412.17782787921;17975.24238291533;16412.17782787921;15630.645550361156;63632.449349934206;58099.19288472253;58099.19288472253;60865.82111732837;63632.449349934206;55332.5646521167;63632.449349934206;60865.82111732837;58099.19288472253;63632.449349934206;58099.19288472253;55332.5646521167
ENANO;OP. MAQUINARIA;247953.69143999997;226392.50088;226392.50088;237173.09616000004;247953.69143999997;215611.9056;247953.69143999997;237173.09616000004;226392.50088;247953.69143999997;226392.50088;215611.9056;55685.643841529556;50843.413942266125;50843.413942266125;53264.528891897855;55685.643841529556;48422.29899263441;55685.643841529556;53264.528891897855;50843.413942266125;55685.643841529556;50843.413942266125;48422.29899263441;119542.80630033817;109147.77966552618;109147.77966552618;114345.2929829322;119542.80630033817;103950.26634812016;119542.80630033817;114345.2929829322;109147.77966552618;119542.80630033817;109147.77966552618;103950.26634812016;423182.1415818677;386383.6944877923;386383.6944877923;404782.9180348301;423182.1415818677;367984.4709407546;423182.1415818677;404782.9180348301;386383.6944877923;423182.1415818677;386383.6944877923;367984.4709407546
EVA;OP. MAQUINARIA;0.0;0.0;0.0;0.0;0.0;0.0;0.0;0.0;0.0;0.0;0.0;0.0;0.0;0.0;0.0;0.0;0.0;0.0;0.0;0.0;0.0;0.0;0.0;0.0;0.0;0.0;0.0;0.0;0.0;0.0;0.0;0.0;0.0;0.0;0.0;0.0;0.0;0.0;0.0;0.0;0.0;0.0;0.0;0.0;0.0;0.0;0.0;0.0
SAMI;OP. MAQUINARIA;247953.69143999997;226392.50088;226392.50088;237173.09616000004;247953.69143999997;215611.9056;247953.69143999997;237173.09616000004;226392.50088;247953.69143999997;226392.50088;215611.9056;55685.643841529556;50843.413942266125;50843.413942266125;53264.528891897855;55685.643841529556;48422.29899263441;55685.643841529556;53264.528891897855;50843.413942266125;55685.643841529556;50843.413942266125;48422.29899263441;119542.80630033817;109147.77966552618;109147.77966552618;114345.2929829322;119542.80630033817;103950.26634812016;119542.80630033817;114345.2929829322;109147.77966552618;119542.80630033817;109147.77966552618;103950.26634812016;423182.1415818677;386383.6944877923;386383.6944877923;404782.9180348301;423182.1415818677;367984.4709407546;423182.1415818677;404782.9180348301;386383.6944877923;423182.1415818677;386383.6944877923;367984.4709407546
VEGA;OP. MAQUINARIA;0.0;0.0;0.0;0.0;0.0;0.0;0.0;0.0;0.0;0.0;0.0;0.0;0.0;0.0;0.0;0.0;0.0;0.0;0.0;0.0;0.0;0.0;0.0;0.0;0.0;0.0;0.0;0.0;0.0;0.0;0.0;0.0;0.0;0.0;0.0;0.0;0.0;0.0;0.0;0.0;0.0;0.0;0.0;0.0;0.0;0.0;0.0;0.0
FEDERICA;OP. MAQUINARIA;495907.38287999993;452785.00176;452785.00176;474346.1923200001;495907.38287999993;431223.8112;495907.38287999993;474346.1923200001;452785.00176;495907.38287999993;452785.00176;431223.8112;111371.28768305911;101686.82788453225;101686.82788453225;106529.05778379571;111371.28768305911;96844.59798526882;111371.28768305911;106529.05778379571;101686.82788453225;111371.28768305911;101686.82788453225;96844.59798526882;239085.61260067634;218295.55933105235;218295.55933105235;228690.5859658644;239085.61260067634;207900.53269624032;239085.61260067634;228690.5859658644;218295.55933105235;239085.61260067634;218295.55933105235;207900.53269624032;846364.2831637354;772767.3889755846;772767.3889755846;809565.8360696601;846364.2831637354;735968.9418815091;846364.2831637354;809565.8360696601;772767.3889755846;846364.2831637354;772767.3889755846;735968.9418815091
NEERLANDIA;OP. MAQUINARIA;0.0;0.0;0.0;0.0;0.0;0.0;0.0;0.0;0.0;0.0;0.0;0.0;0.0;0.0;0.0;0.0;0.0;0.0;0.0;0.0;0.0;0.0;0.0;0.0;0.0;0.0;0.0;0.0;0.0;0.0;0.0;0.0;0.0;0.0;0.0;0.0;0.0;0.0;0.0;0.0;0.0;0.0;0.0;0.0;0.0;0.0;0.0;0.0
SAN ANTONIO;OP. MAQUINARIA;0.0;0.0;0.0;0.0;0.0;0.0;0.0;0.0;0.0;0.0;0.0;0.0;0.0;0.0;0.0;0.0;0.0;0.0;0.0;0.0;0.0;0.0;0.0;0.0;0.0;0.0;0.0;0.0;0.0;0.0;0.0;0.0;0.0;0.0;0.0;0.0;0.0;0.0;0.0;0.0;0.0;0.0;0.0;0.0;0.0;0.0;0.0;0.0
MRS;OP. MAQUINARIA;0.0;0.0;0.0;0.0;0.0;0.0;0.0;0.0;0.0;0.0;0.0;0.0;0.0;0.0;0.0;0.0;0.0;0.0;0.0;0.0;0.0;0.0;0.0;0.0;0.0;0.0;0.0;0.0;0.0;0.0;0.0;0.0;0.0;0.0;0.0;0.0;0.0;0.0;0.0;0.0;0.0;0.0;0.0;0.0;0.0;0.0;0.0;0.0
DON FUAD;OP. MAQUINARIA;495907.38287999993;452785.00176;452785.00176;474346.1923200001;495907.38287999993;431223.8112;495907.38287999993;474346.1923200001;452785.00176;495907.38287999993;452785.00176;431223.8112;111371.28768305911;101686.82788453225;101686.82788453225;106529.05778379571;111371.28768305911;96844.59798526882;111371.28768305911;106529.05778379571;101686.82788453225;111371.28768305911;101686.82788453225;96844.59798526882;239085.61260067634;218295.55933105235;218295.55933105235;228690.5859658644;239085.61260067634;207900.53269624032;239085.61260067634;228690.5859658644;218295.55933105235;239085.61260067634;218295.55933105235;207900.53269624032;846364.2831637354;772767.3889755846;772767.3889755846;809565.8360696601;846364.2831637354;735968.9418815091;846364.2831637354;809565.8360696601;772767.3889755846;846364.2831637354;772767.3889755846;735968.9418815091
EUFEMIA;OP. MAQUINARIA;247953.69143999997;226392.50088;226392.50088;237173.09616000004;247953.69143999997;215611.9056;247953.69143999997;237173.09616000004;226392.50088;247953.69143999997;226392.50088;215611.9056;55685.643841529556;50843.413942266125;50843.413942266125;53264.528891897855;55685.643841529556;48422.29899263441;55685.643841529556;53264.528891897855;50843.413942266125;55685.643841529556;50843.413942266125;48422.29899263441;119542.80630033817;109147.77966552618;109147.77966552618;114345.2929829322;119542.80630033817;103950.26634812016;119542.80630033817;114345.2929829322;109147.77966552618;119542.80630033817;109147.77966552618;103950.26634812016;423182.1415818677;386383.6944877923;386383.6944877923;404782.9180348301;423182.1415818677;367984.4709407546;423182.1415818677;404782.9180348301;386383.6944877923;423182.1415818677;386383.6944877923;367984.4709407546
OLGA;OP. MAQUINARIA;0.0;0.0;0.0;0.0;0.0;0.0;0.0;0.0;0.0;0.0;0.0;0.0;0.0;0.0;0.0;0.0;0.0;0.0;0.0;0.0;0.0;0.0;0.0;0.0;0.0;0.0;0.0;0.0;0.0;0.0;0.0;0.0;0.0;0.0;0.0;0.0;0.0;0.0;0.0;0.0;0.0;0.0;0.0;0.0;0.0;0.0;0.0;0.0
DON SAID;OP. MAQUINARIA;2948659.1486399993;2692254.00528;2692254.00528;2820456.57696;2948659.1486399993;2564051.4336;2948659.1486399993;2820456.57696;2692254.00528;2948659.1486399993;2692254.00528;2564051.4336;662212.2953993913;604628.6175385749;604628.6175385749;633420.4564689832;662212.2953993913;575836.7786081665;662212.2953993913;633420.4564689832;604628.6175385749;662212.2953993913;604628.6175385749;575836.7786081665;1421600.0875183083;1297982.6886036731;1297982.6886036731;1359791.3880609907;1421600.0875183083;1236173.989146355;1421600.0875183083;1359791.3880609907;1297982.6886036731;1421600.0875183083;1297982.6886036731;1236173.989146355;5032471.531557699;4594865.311422248;4594865.311422248;4813668.4214899745;5032471.531557699;4376062.201354522;5032471.531557699;4813668.4214899745;4594865.311422248;5032471.531557699;4594865.311422248;4376062.201354522
ASUNTINA;OP. MAQUINARIA;2660781.451385474;2429409.151264998;2429409.151264998;2545095.3013252364;2660781.451385474;2313723.0012047603;2660781.451385474;2545095.3013252364;2429409.151264998;2660781.451385474;2429409.151264998;2313723.0012047603;597560.4855145029;545598.7041654156;545598.7041654156;571579.5948399593;597560.4855145029;519617.81349087204;597560.4855145029;571579.5948399593;545598.7041654156;597560.4855145029;545598.7041654156;519617.81349087204;1282809.220557521;1171260.592682954;1171260.592682954;1227034.9066202375;1282809.220557521;1115486.2787456703;1282809.220557521;1227034.9066202375;1171260.592682954;1282809.220557521;1171260.592682954;1115486.2787456703;4541151.157457498;4146268.448113368;4146268.448113368;4343709.802785434;4541151.157457498;3948827.0934413024;4541151.157457498;4343709.802785434;4146268.448113368;4541151.157457498;4146268.448113368;3948827.0934413024
PORLAMAR;OP. MAQUINARIA;0.0;0.0;0.0;0.0;0.0;0.0;0.0;0.0;0.0;0.0;0.0;0.0;0.0;0.0;0.0;0.0;0.0;0.0;0.0;0.0;0.0;0.0;0.0;0.0;0.0;0.0;0.0;0.0;0.0;0.0;0.0;0.0;0.0;0.0;0.0;0.0;0.0;0.0;0.0;0.0;0.0;0.0;0.0;0.0;0.0;0.0;0.0;0.0
EL MORRO;OP. MAQUINARIA;0.0;0.0;0.0;0.0;0.0;0.0;0.0;0.0;0.0;0.0;0.0;0.0;0.0;0.0;0.0;0.0;0.0;0.0;0.0;0.0;0.0;0.0;0.0;0.0;0.0;0.0;0.0;0.0;0.0;0.0;0.0;0.0;0.0;0.0;0.0;0.0;0.0;0.0;0.0;0.0;0.0;0.0;0.0;0.0;0.0;0.0;0.0;0.0
LA PERLA;OP. MAQUINARIA;0.0;0.0;0.0;0.0;0.0;0.0;0.0;0.0;0.0;0.0;0.0;0.0;0.0;0.0;0.0;0.0;0.0;0.0;0.0;0.0;0.0;0.0;0.0;0.0;0.0;0.0;0.0;0.0;0.0;0.0;0.0;0.0;0.0;0.0;0.0;0.0;0.0;0.0;0.0;0.0;0.0;0.0;0.0;0.0;0.0;0.0;0.0;0.0
ARACATACA;OP. MAQUINARIA;1460936.9999999998;1333899.0;1333899.0;1397418.0000000002;1460936.9999999998;1270380.0;1460936.9999999998;1397418.0000000002;1333899.0;1460936.9999999998;1333899.0;1270380.0;328098.432350214;299568.133884978;299568.133884978;313833.28311759606;328098.432350214;285302.98465236;328098.432350214;313833.28311759606;299568.133884978;328098.432350214;299568.133884978;285302.98465236;704343.2497162791;643096.0106105158;643096.0106105158;673719.6301633976;704343.2497162791;612472.3910576341;704343.2497162791;673719.6301633976;643096.0106105158;704343.2497162791;643096.0106105158;612472.3910576341;2493378.6820664927;2276563.1444954937;2276563.1444954937;2384970.9132809937;2493378.6820664927;2168155.375709994;2493378.6820664927;2384970.9132809937;2276563.1444954937;2493378.6820664927;2276563.1444954937;2168155.375709994
BOCATOMA;OP. MAQUINARIA;0.0;0.0;0.0;0.0;0.0;0.0;0.0;0.0;0.0;0.0;0.0;0.0;0.0;0.0;0.0;0.0;0.0;0.0;0.0;0.0;0.0;0.0;0.0;0.0;0.0;0.0;0.0;0.0;0.0;0.0;0.0;0.0;0.0;0.0;0.0;0.0;0.0;0.0;0.0;0.0;0.0;0.0;0.0;0.0;0.0;0.0;0.0;0.0
JOYA;OP. MAQUINARIA;495907.38287999993;452785.00176;452785.00176;474346.1923200001;495907.38287999993;431223.8112;495907.38287999993;474346.1923200001;452785.00176;495907.38287999993;452785.00176;431223.8112;111371.28768305911;101686.82788453225;101686.82788453225;106529.05778379571;111371.28768305911;96844.59798526882;111371.28768305911;106529.05778379571;101686.82788453225;111371.28768305911;101686.82788453225;96844.59798526882;239085.61260067634;218295.55933105235;218295.55933105235;228690.5859658644;239085.61260067634;207900.53269624032;239085.61260067634;228690.5859658644;218295.55933105235;239085.61260067634;218295.55933105235;207900.53269624032;846364.2831637354;772767.3889755846;772767.3889755846;809565.8360696601;846364.2831637354;735968.9418815091;846364.2831637354;809565.8360696601;772767.3889755846;846364.2831637354;772767.3889755846;735968.9418815091
ESMERALDA;OP. MAQUINARIA;0.0;0.0;0.0;0.0;0.0;0.0;0.0;0.0;0.0;0.0;0.0;0.0;0.0;0.0;0.0;0.0;0.0;0.0;0.0;0.0;0.0;0.0;0.0;0.0;0.0;0.0;0.0;0.0;0.0;0.0;0.0;0.0;0.0;0.0;0.0;0.0;0.0;0.0;0.0;0.0;0.0;0.0;0.0;0.0;0.0;0.0;0.0;0.0
NARANJOS;OP. MAQUINARIA;0.0;0.0;0.0;0.0;0.0;0.0;0.0;0.0;0.0;0.0;0.0;0.0;0.0;0.0;0.0;0.0;0.0;0.0;0.0;0.0;0.0;0.0;0.0;0.0;0.0;0.0;0.0;0.0;0.0;0.0;0.0;0.0;0.0;0.0;0.0;0.0;0.0;0.0;0.0;0.0;0.0;0.0;0.0;0.0;0.0;0.0;0.0;0.0
YUNQUE;OP. MAQUINARIA;0.0;0.0;0.0;0.0;0.0;0.0;0.0;0.0;0.0;0.0;0.0;0.0;0.0;0.0;0.0;0.0;0.0;0.0;0.0;0.0;0.0;0.0;0.0;0.0;0.0;0.0;0.0;0.0;0.0;0.0;0.0;0.0;0.0;0.0;0.0;0.0;0.0;0.0;0.0;0.0;0.0;0.0;0.0;0.0;0.0;0.0;0.0;0.0
DONAMA;OP. MAQUINARIA;495907.38287999993;452785.00176;452785.00176;474346.1923200001;495907.38287999993;431223.8112;495907.38287999993;474346.1923200001;452785.00176;495907.38287999993;452785.00176;431223.8112;111371.28768305911;101686.82788453225;101686.82788453225;106529.05778379571;111371.28768305911;96844.59798526882;111371.28768305911;106529.05778379571;101686.82788453225;111371.28768305911;101686.82788453225;96844.59798526882;239085.61260067634;218295.55933105235;218295.55933105235;228690.5859658644;239085.61260067634;207900.53269624032;239085.61260067634;228690.5859658644;218295.55933105235;239085.61260067634;218295.55933105235;207900.53269624032;846364.2831637354;772767.3889755846;772767.3889755846;809565.8360696601;846364.2831637354;735968.9418815091;846364.2831637354;809565.8360696601;772767.3889755846;846364.2831637354;772767.3889755846;735968.9418815091
BURDEOS;OP. MAQUINARIA;0.0;0.0;0.0;0.0;0.0;0.0;0.0;0.0;0.0;0.0;0.0;0.0;0.0;0.0;0.0;0.0;0.0;0.0;0.0;0.0;0.0;0.0;0.0;0.0;0.0;0.0;0.0;0.0;0.0;0.0;0.0;0.0;0.0;0.0;0.0;0.0;0.0;0.0;0.0;0.0;0.0;0.0;0.0;0.0;0.0;0.0;0.0;0.0
DON MARCE SUR 2;OP. MAQUINARIA;0.0;0.0;0.0;0.0;0.0;0.0;0.0;0.0;0.0;0.0;0.0;0.0;0.0;0.0;0.0;0.0;0.0;0.0;0.0;0.0;0.0;0.0;0.0;0.0;0.0;0.0;0.0;0.0;0.0;0.0;0.0;0.0;0.0;0.0;0.0;0.0;0.0;0.0;0.0;0.0;0.0;0.0;0.0;0.0;0.0;0.0;0.0;0.0
LAS MARGARITAS;OP. MAQUINARIA;0.0;0.0;0.0;0.0;0.0;0.0;0.0;0.0;0.0;0.0;0.0;0.0;0.0;0.0;0.0;0.0;0.0;0.0;0.0;0.0;0.0;0.0;0.0;0.0;0.0;0.0;0.0;0.0;0.0;0.0;0.0;0.0;0.0;0.0;0.0;0.0;0.0;0.0;0.0;0.0;0.0;0.0;0.0;0.0;0.0;0.0;0.0;0.0
LA CECILIA;OP. MAQUINARIA;0.0;0.0;0.0;0.0;0.0;0.0;0.0;0.0;0.0;0.0;0.0;0.0;0.0;0.0;0.0;0.0;0.0;0.0;0.0;0.0;0.0;0.0;0.0;0.0;0.0;0.0;0.0;0.0;0.0;0.0;0.0;0.0;0.0;0.0;0.0;0.0;0.0;0.0;0.0;0.0;0.0;0.0;0.0;0.0;0.0;0.0;0.0;0.0
JOSEFINA;OP. MAQUINARIA;0.0;0.0;0.0;0.0;0.0;0.0;0.0;0.0;0.0;0.0;0.0;0.0;0.0;0.0;0.0;0.0;0.0;0.0;0.0;0.0;0.0;0.0;0.0;0.0;0.0;0.0;0.0;0.0;0.0;0.0;0.0;0.0;0.0;0.0;0.0;0.0;0.0;0.0;0.0;0.0;0.0;0.0;0.0;0.0;0.0;0.0;0.0;0.0
SAN ALFREDO;OP. MAQUINARIA;0.0;0.0;0.0;0.0;0.0;0.0;0.0;0.0;0.0;0.0;0.0;0.0;0.0;0.0;0.0;0.0;0.0;0.0;0.0;0.0;0.0;0.0;0.0;0.0;0.0;0.0;0.0;0.0;0.0;0.0;0.0;0.0;0.0;0.0;0.0;0.0;0.0;0.0;0.0;0.0;0.0;0.0;0.0;0.0;0.0;0.0;0.0;0.0
VICTORIA;OP. MAQUINARIA;0.0;0.0;0.0;0.0;0.0;0.0;0.0;0.0;0.0;0.0;0.0;0.0;0.0;0.0;0.0;0.0;0.0;0.0;0.0;0.0;0.0;0.0;0.0;0.0;0.0;0.0;0.0;0.0;0.0;0.0;0.0;0.0;0.0;0.0;0.0;0.0;0.0;0.0;0.0;0.0;0.0;0.0;0.0;0.0;0.0;0.0;0.0;0.0
CIRCASIA;OP. MAQUINARIA;0.0;0.0;0.0;0.0;0.0;0.0;0.0;0.0;0.0;0.0;0.0;0.0;0.0;0.0;0.0;0.0;0.0;0.0;0.0;0.0;0.0;0.0;0.0;0.0;0.0;0.0;0.0;0.0;0.0;0.0;0.0;0.0;0.0;0.0;0.0;0.0;0.0;0.0;0.0;0.0;0.0;0.0;0.0;0.0;0.0;0.0;0.0;0.0
CIENAGA;OP. MAQUINARIA;0.0;0.0;0.0;0.0;0.0;0.0;0.0;0.0;0.0;0.0;0.0;0.0;0.0;0.0;0.0;0.0;0.0;0.0;0.0;0.0;0.0;0.0;0.0;0.0;0.0;0.0;0.0;0.0;0.0;0.0;0.0;0.0;0.0;0.0;0.0;0.0;0.0;0.0;0.0;0.0;0.0;0.0;0.0;0.0;0.0;0.0;0.0;0.0
MARIA;OP. MAQUINARIA;0.0;0.0;0.0;0.0;0.0;0.0;0.0;0.0;0.0;0.0;0.0;0.0;0.0;0.0;0.0;0.0;0.0;0.0;0.0;0.0;0.0;0.0;0.0;0.0;0.0;0.0;0.0;0.0;0.0;0.0;0.0;0.0;0.0;0.0;0.0;0.0;0.0;0.0;0.0;0.0;0.0;0.0;0.0;0.0;0.0;0.0;0.0;0.0
REMANSO;OP. MAQUINARIA;730468.4999999999;666949.5;666949.5;698709.0000000001;730468.4999999999;635190.0;730468.4999999999;698709.0000000001;666949.5;730468.4999999999;666949.5;635190.0;164049.216175107;149784.066942489;149784.066942489;156916.64155879803;164049.216175107;142651.49232618;164049.216175107;156916.64155879803;149784.066942489;164049.216175107;149784.066942489;142651.49232618;352171.62485813955;321548.0053052579;321548.0053052579;336859.8150816988;352171.62485813955;306236.1955288171;352171.62485813955;336859.8150816988;321548.0053052579;352171.62485813955;321548.0053052579;306236.1955288171;1246689.3410332464;1138281.5722477469;1138281.5722477469;1192485.4566404969;1246689.3410332464;1084077.687854997;1246689.3410332464;1192485.4566404969;1138281.5722477469;1246689.3410332464;1138281.5722477469;1084077.687854997
PIEDECUESTA;OP. MAQUINARIA;0.0;0.0;0.0;0.0;0.0;0.0;0.0;0.0;0.0;0.0;0.0;0.0;0.0;0.0;0.0;0.0;0.0;0.0;0.0;0.0;0.0;0.0;0.0;0.0;0.0;0.0;0.0;0.0;0.0;0.0;0.0;0.0;0.0;0.0;0.0;0.0;0.0;0.0;0.0;0.0;0.0;0.0;0.0;0.0;0.0;0.0;0.0;0.0
NAUTICA;OP. MAQUINARIA;1460936.9999999998;1333899.0;1333899.0;1397418.0000000002;1460936.9999999998;1270380.0;1460936.9999999998;1397418.0000000002;1333899.0;1460936.9999999998;1333899.0;1270380.0;328098.432350214;299568.133884978;299568.133884978;313833.28311759606;328098.432350214;285302.98465236;328098.432350214;313833.28311759606;299568.133884978;328098.432350214;299568.133884978;285302.98465236;704343.2497162791;643096.0106105158;643096.0106105158;673719.6301633976;704343.2497162791;612472.3910576341;704343.2497162791;673719.6301633976;643096.0106105158;704343.2497162791;643096.0106105158;612472.3910576341;2493378.6820664927;2276563.1444954937;2276563.1444954937;2384970.9132809937;2493378.6820664927;2168155.375709994;2493378.6820664927;2384970.9132809937;2276563.1444954937;2493378.6820664927;2276563.1444954937;2168155.375709994
LAS LINAS;OP. MAQUINARIA;495907.38287999993;452785.00176;452785.00176;474346.1923200001;495907.38287999993;431223.8112;495907.38287999993;474346.1923200001;452785.00176;495907.38287999993;452785.00176;431223.8112;111371.28768305911;101686.82788453225;101686.82788453225;106529.05778379571;111371.28768305911;96844.59798526882;111371.28768305911;106529.05778379571;101686.82788453225;111371.28768305911;101686.82788453225;96844.59798526882;239085.61260067634;218295.55933105235;218295.55933105235;228690.5859658644;239085.61260067634;207900.53269624032;239085.61260067634;228690.5859658644;218295.55933105235;239085.61260067634;218295.55933105235;207900.53269624032;846364.2831637354;772767.3889755846;772767.3889755846;809565.8360696601;846364.2831637354;735968.9418815091;846364.2831637354;809565.8360696601;772767.3889755846;846364.2831637354;772767.3889755846;735968.9418815091
DON ALI;OP. MAQUINARIA;247953.69143999997;226392.50088;226392.50088;237173.09616000004;247953.69143999997;215611.9056;247953.69143999997;237173.09616000004;226392.50088;247953.69143999997;226392.50088;215611.9056;55685.643841529556;50843.413942266125;50843.413942266125;53264.528891897855;55685.643841529556;48422.29899263441;55685.643841529556;53264.528891897855;50843.413942266125;55685.643841529556;50843.413942266125;48422.29899263441;119542.80630033817;109147.77966552618;109147.77966552618;114345.2929829322;119542.80630033817;103950.26634812016;119542.80630033817;114345.2929829322;109147.77966552618;119542.80630033817;109147.77966552618;103950.26634812016;423182.1415818677;386383.6944877923;386383.6944877923;404782.9180348301;423182.1415818677;367984.4709407546;423182.1415818677;404782.9180348301;386383.6944877923;423182.1415818677;386383.6944877923;367984.4709407546
DR4 DON ALI;OP. MAQUINARIA;0.0;0.0;0.0;0.0;0.0;0.0;0.0;0.0;0.0;0.0;0.0;0.0;0.0;0.0;0.0;0.0;0.0;0.0;0.0;0.0;0.0;0.0;0.0;0.0;0.0;0.0;0.0;0.0;0.0;0.0;0.0;0.0;0.0;0.0;0.0;0.0;0.0;0.0;0.0;0.0;0.0;0.0;0.0;0.0;0.0;0.0;0.0;0.0
DON CARLOS;OP. MAQUINARIA;0.0;0.0;0.0;0.0;0.0;0.0;0.0;0.0;0.0;0.0;0.0;0.0;0.0;0.0;0.0;0.0;0.0;0.0;0.0;0.0;0.0;0.0;0.0;0.0;0.0;0.0;0.0;0.0;0.0;0.0;0.0;0.0;0.0;0.0;0.0;0.0;0.0;0.0;0.0;0.0;0.0;0.0;0.0;0.0;0.0;0.0;0.0;0.0
EVA NORTE;OP. MAQUINARIA;1956844.3828799997;1786684.00176;1786684.00176;1871764.1923200004;1956844.3828799997;1701603.8111999999;1956844.3828799997;1871764.1923200004;1786684.00176;1956844.3828799997;1786684.00176;1701603.8111999999;439469.7200332731;401254.9617695103;401254.9617695103;420362.34090139176;439469.7200332731;382147.58263762883;439469.7200332731;420362.34090139176;401254.9617695103;439469.7200332731;401254.9617695103;382147.58263762883;943428.8623169555;861391.5699415682;861391.5699415682;902410.216129262;943428.8623169555;820372.9237538745;943428.8623169555;902410.216129262;861391.5699415682;943428.8623169555;861391.5699415682;820372.9237538745;3339742.965230228;3049330.5334710786;3049330.5334710786;3194536.749350654;3339742.965230228;2904124.3175915033;3339742.965230228;3194536.749350654;3049330.5334710786;3339742.965230228;3049330.5334710786;2904124.3175915033
DON PEDRO;OP. MAQUINARIA;495907.38287999993;452785.00176;452785.00176;474346.1923200001;495907.38287999993;431223.8112;495907.38287999993;474346.1923200001;452785.00176;495907.38287999993;452785.00176;431223.8112;111371.28768305911;101686.82788453225;101686.82788453225;106529.05778379571;111371.28768305911;96844.59798526882;111371.28768305911;106529.05778379571;101686.82788453225;111371.28768305911;101686.82788453225;96844.59798526882;239085.61260067634;218295.55933105235;218295.55933105235;228690.5859658644;239085.61260067634;207900.53269624032;239085.61260067634;228690.5859658644;218295.55933105235;239085.61260067634;218295.55933105235;207900.53269624032;846364.2831637354;772767.3889755846;772767.3889755846;809565.8360696601;846364.2831637354;735968.9418815091;846364.2831637354;809565.8360696601;772767.3889755846;846364.2831637354;772767.3889755846;735968.9418815091
LA VELA;OP. MAQUINARIA;495907.38287999993;452785.00176;452785.00176;474346.1923200001;495907.38287999993;431223.8112;495907.38287999993;474346.1923200001;452785.00176;495907.38287999993;452785.00176;431223.8112;111371.28768305911;101686.82788453225;101686.82788453225;106529.05778379571;111371.28768305911;96844.59798526882;111371.28768305911;106529.05778379571;101686.82788453225;111371.28768305911;101686.82788453225;96844.59798526882;239085.61260067634;218295.55933105235;218295.55933105235;228690.5859658644;239085.61260067634;207900.53269624032;239085.61260067634;228690.5859658644;218295.55933105235;239085.61260067634;218295.55933105235;207900.53269624032;846364.2831637354;772767.3889755846;772767.3889755846;809565.8360696601;846364.2831637354;735968.9418815091;846364.2831637354;809565.8360696601;772767.3889755846;846364.2831637354;772767.3889755846;735968.9418815091
ESPERANZA;OP. MAQUINARIA;247953.69143999997;226392.50088;226392.50088;237173.09616000004;247953.69143999997;215611.9056;247953.69143999997;237173.09616000004;226392.50088;247953.69143999997;226392.50088;215611.9056;55685.643841529556;50843.413942266125;50843.413942266125;53264.528891897855;55685.643841529556;48422.29899263441;55685.643841529556;53264.528891897855;50843.413942266125;55685.643841529556;50843.413942266125;48422.29899263441;119542.80630033817;109147.77966552618;109147.77966552618;114345.2929829322;119542.80630033817;103950.26634812016;119542.80630033817;114345.2929829322;109147.77966552618;119542.80630033817;109147.77966552618;103950.26634812016;423182.1415818677;386383.6944877923;386383.6944877923;404782.9180348301;423182.1415818677;367984.4709407546;423182.1415818677;404782.9180348301;386383.6944877923;423182.1415818677;386383.6944877923;367984.4709407546
LINA MARGARITA;OP. MAQUINARIA;0.0;0.0;0.0;0.0;0.0;0.0;0.0;0.0;0.0;0.0;0.0;0.0;0.0;0.0;0.0;0.0;0.0;0.0;0.0;0.0;0.0;0.0;0.0;0.0;0.0;0.0;0.0;0.0;0.0;0.0;0.0;0.0;0.0;0.0;0.0;0.0;0.0;0.0;0.0;0.0;0.0;0.0;0.0;0.0;0.0;0.0;0.0;0.0
DON MARCE;OP. MAQUINARIA;0.0;0.0;0.0;0.0;0.0;0.0;0.0;0.0;0.0;0.0;0.0;0.0;0.0;0.0;0.0;0.0;0.0;0.0;0.0;0.0;0.0;0.0;0.0;0.0;0.0;0.0;0.0;0.0;0.0;0.0;0.0;0.0;0.0;0.0;0.0;0.0;0.0;0.0;0.0;0.0;0.0;0.0;0.0;0.0;0.0;0.0;0.0;0.0
ENANO;MANTENIMIENTO;3452317.3195814397;3152115.81353088;3152115.81353088;3302216.5665561603;3452317.3195814397;3002015.0605056;3452317.3195814397;3302216.5665561603;3152115.81353088;3452317.3195814397;3152115.81353088;3002015.0605056;775324.2614364366;707904.7604419638;707904.7604419638;741614.5109392003;775324.2614364366;674195.0099447274;775324.2614364366;741614.5109392003;707904.7604419638;775324.2614364366;707904.7604419638;674195.0099447274;1664422.4904467377;1519690.0999731086;1519690.0999731086;1592056.2952099233;1664422.4904467377;1447323.904736294;1664422.4904467377;1592056.2952099233;1519690.0999731086;1664422.4904467377;1519690.0999731086;1447323.904736294;5892064.071464614;5379710.673945952;5379710.673945952;5635887.3727052845;5892064.071464614;5123533.975186622;5892064.071464614;5635887.3727052845;5379710.673945952;5892064.071464614;5379710.673945952;5123533.975186622
EVA;MANTENIMIENTO;1816025.6468121598;1658110.37317632;1658110.37317632;1737068.0099942402;1816025.6468121598;1579152.7363584;1816025.6468121598;1737068.0099942402;1658110.37317632;1816025.6468121598;1658110.37317632;1579152.7363584;407844.5325341565;372379.7905746647;372379.7905746647;390112.1615544107;407844.5325341565;354647.4195949188;407844.5325341565;390112.1615544107;372379.7905746647;407844.5325341565;372379.7905746647;354647.4195949188;875537.6896086447;799403.9774687628;799403.9774687628;837470.8335387039;875537.6896086447;761337.1213988216;875537.6896086447;837470.8335387039;799403.9774687628;875537.6896086447;799403.9774687628;761337.1213988216;3099407.868954961;2829894.1412197473;2829894.1412197473;2964651.005087355;3099407.868954961;2695137.2773521403;3099407.868954961;2964651.005087355;2829894.1412197473;3099407.868954961;2829894.1412197473;2695137.2773521403
SAMI;MANTENIMIENTO;3221548.1785612796;2941413.55433856;2941413.55433856;3081480.8664499205;3221548.1785612796;2801346.2422272;3221548.1785612796;3081480.8664499205;2941413.55433856;3221548.1785612796;2941413.55433856;2801346.2422272;723497.938053895;660585.0738752955;660585.0738752955;692041.5059645954;723497.938053895;629128.6417859957;723497.938053895;692041.5059645954;660585.0738752955;723497.938053895;660585.0738752955;629128.6417859957;1553164.6561113943;1418106.859927795;1418106.859927795;1485635.7580195947;1553164.6561113943;1350577.961835995;1553164.6561113943;1485635.7580195947;1418106.859927795;1553164.6561113943;1418106.859927795;1350577.961835995;5498210.772726568;5020105.48814165;5020105.48814165;5259158.130434111;5498210.772726568;4781052.845849191;5498210.772726568;5259158.130434111;5020105.48814165;5498210.772726568;5020105.48814165;4781052.845849191
VEGA;MANTENIMIENTO;980148.5021824;894918.1976448001;894918.1976448001;937533.3499136001;980148.5021824;852303.045376;980148.5021824;937533.3499136001;894918.1976448001;980148.5021824;894918.1976448001;852303.045376;220122.55630219218;200981.46444982768;200981.46444982768;210552.01037600997;220122.55630219218;191410.91852364538;220122.55630219218;210552.01037600997;200981.46444982768;220122.55630219218;200981.46444982768;191410.91852364538;472546.71572538395;431455.6969666549;431455.6969666549;452001.20634601946;472546.71572538395;410910.18758729036;472546.71572538395;452001.20634601946;431455.6969666549;472546.71572538395;431455.6969666549;410910.18758729036;1672817.7742099762;1527355.3590612826;1527355.3590612826;1600086.5666356294;1672817.7742099762;1454624.1514869358;1672817.7742099762;1600086.5666356294;1527355.3590612826;1672817.7742099762;1527355.3590612826;1454624.1514869358
FEDERICA;MANTENIMIENTO;3437845.2859255234;3138902.217584174;3138902.217584174;3288373.751754849;3437845.2859255234;2989430.683413499;3437845.2859255234;3288373.751754849;3138902.217584174;3437845.2859255234;3138902.217584174;2989430.683413499;772074.1202219792;704937.2402026767;704937.2402026767;738505.680212328;772074.1202219792;671368.8001930254;772074.1202219792;738505.680212328;704937.2402026767;772074.1202219792;704937.2402026767;671368.8001930254;1657445.2702002716;1513319.594530683;1513319.594530683;1585382.4323654776;1657445.2702002716;1441256.7566958887;1657445.2702002716;1585382.4323654776;1513319.594530683;1657445.2702002716;1513319.594530683;1441256.7566958887;5867364.6763477735;5357159.052317534;5357159.052317534;5612261.864332655;5867364.6763477735;5102056.240302413;5867364.6763477735;5612261.864332655;5357159.052317534;5867364.6763477735;5357159.052317534;5102056.240302413
NEERLANDIA;MANTENIMIENTO;2773230.5952192;2532080.1086784005;2532080.1086784005;2652655.3519488005;2773230.5952192;2411504.865408;2773230.5952192;2652655.3519488005;2532080.1086784005;2773230.5952192;2532080.1086784005;2411504.865408;622814.4066698772;568656.6321768445;568656.6321768445;595735.5194233609;622814.4066698772;541577.7449303281;622814.4066698772;595735.5194233609;568656.6321768445;622814.4066698772;568656.6321768445;541577.7449303281;1337022.9172437296;1220760.05487471;1220760.05487471;1278891.48605922;1337022.9172437296;1162628.6236901998;1337022.9172437296;1278891.48605922;1220760.05487471;1337022.9172437296;1220760.05487471;1162628.6236901998;4733067.919132806;4321496.795729955;4321496.795729955;4527282.357431382;4733067.919132806;4115711.2340285284;4733067.919132806;4527282.357431382;4321496.795729955;4733067.919132806;4321496.795729955;4115711.2340285284
SAN ANTONIO;MANTENIMIENTO;2542461.4541990403;2321377.84948608;2321377.84948608;2431919.6518425606;2542461.4541990403;2210836.0471296003;2542461.4541990403;2431919.6518425606;2321377.84948608;2542461.4541990403;2321377.84948608;2210836.0471296003;570988.0832873358;521336.9456101762;521336.9456101762;546162.5144487561;570988.0832873358;496511.3767715964;570988.0832873358;546162.5144487561;521336.9456101762;570988.0832873358;521336.9456101762;496511.3767715964;1225765.0829083861;1119176.8148293963;1119176.8148293963;1172470.9488688912;1225765.0829083861;1065882.6807899012;1225765.0829083861;1172470.9488688912;1119176.8148293963;1225765.0829083861;1119176.8148293963;1065882.6807899012;4339214.620394763;3961891.609925653;3961891.609925653;4150553.115160208;4339214.620394763;3773230.1046910975;4339214.620394763;4150553.115160208;3961891.609925653;4339214.620394763;3961891.609925653;3773230.1046910975
MRS;MANTENIMIENTO;230769.14102016002;210702.25919232002;210702.25919232002;220735.70010624005;230769.14102016002;200668.81827840002;230769.14102016002;220735.70010624005;210702.25919232002;230769.14102016002;210702.25919232002;200668.81827840002;51826.32338254146;47319.68656666829;47319.68656666829;49573.00497460488;51826.32338254146;45066.368158731704;51826.32338254146;49573.00497460488;47319.68656666829;51826.32338254146;47319.68656666829;45066.368158731704;111257.83433534356;101583.24004531371;101583.24004531371;106420.53719032864;111257.83433534356;96745.94290029876;111257.83433534356;106420.53719032864;101583.24004531371;111257.83433534356;101583.24004531371;96745.94290029876;393853.29873804504;359605.18580430205;359605.18580430205;376729.24227117357;393853.29873804504;342481.12933743047;393853.29873804504;376729.24227117357;359605.18580430205;393853.29873804504;359605.18580430205;342481.12933743047
DON FUAD;MANTENIMIENTO;2529240.7555008;2309306.7767616;2309306.7767616;2419273.7661312004;2529240.7555008;2199339.787392;2529240.7555008;2419273.7661312004;2309306.7767616;2529240.7555008;2309306.7767616;2199339.787392;568018.9679062706;518626.01417529065;518626.01417529065;543322.4910407807;568018.9679062706;493929.5373098006;568018.9679062706;543322.4910407807;518626.01417529065;568018.9679062706;518626.01417529065;493929.5373098006;1219391.1531053635;1113357.1397918537;1113357.1397918537;1166374.1464486087;1219391.1531053635;1060340.133135099;1219391.1531053635;1166374.1464486087;1113357.1397918537;1219391.1531053635;1113357.1397918537;1060340.133135099;4316650.876512434;3941289.9307287442;3941289.9307287442;4128970.4036205895;4316650.876512434;3753609.4578369;4316650.876512434;4128970.4036205895;3941289.9307287442;4316650.876512434;3941289.9307287442;3753609.4578369
EUFEMIA;MANTENIMIENTO;2875394.4670310398;2625360.16555008;2625360.16555008;2750377.31629056;2875394.4670310398;2500343.0148096;2875394.4670310398;2750377.31629056;2625360.16555008;2875394.4670310398;2625360.16555008;2500343.0148096;645758.4529800828;589605.5440252931;589605.5440252931;617681.998502688;645758.4529800828;561529.0895478982;645758.4529800828;617681.998502688;589605.5440252931;645758.4529800828;589605.5440252931;561529.0895478982;1386277.904608379;1265731.9998598243;1265731.9998598243;1326004.9522341017;1386277.904608379;1205459.0474855471;1386277.904608379;1326004.9522341017;1265731.9998598243;1386277.904608379;1265731.9998598243;1205459.0474855471;4907430.824619502;4480697.7094351975;4480697.7094351975;4694064.26702735;4907430.824619502;4267331.151843045;4907430.824619502;4694064.26702735;4480697.7094351975;4907430.824619502;4480697.7094351975;4267331.151843045
OLGA;MANTENIMIENTO;461538.28204032005;421404.51838464005;421404.51838464005;441471.4002124801;461538.28204032005;401337.63655680005;461538.28204032005;441471.4002124801;421404.51838464005;461538.28204032005;421404.51838464005;401337.63655680005;103652.64676508291;94639.37313333659;94639.37313333659;99146.00994920977;103652.64676508291;90132.73631746341;103652.64676508291;99146.00994920977;94639.37313333659;103652.64676508291;94639.37313333659;90132.73631746341;222515.66867068713;203166.48009062742;203166.48009062742;212841.0743806573;222515.66867068713;193491.88580059752;222515.66867068713;212841.0743806573;203166.48009062742;222515.66867068713;203166.48009062742;193491.88580059752;787706.5974760901;719210.3716086041;719210.3716086041;753458.4845423471;787706.5974760901;684962.2586748609;787706.5974760901;753458.4845423471;719210.3716086041;787706.5974760901;719210.3716086041;684962.2586748609
DON SAID;MANTENIMIENTO;3875933.1364415996;3538895.4724032003;3538895.4724032003;3707414.3044224;3875933.1364415996;3370376.6403840003;3875933.1364415996;3707414.3044224;3538895.4724032003;3875933.1364415996;3538895.4724032003;3370376.6403840003;870460.2497990926;794768.054164389;794768.054164389;832614.151981741;870460.2497990926;756921.9563470371;870460.2497990926;832614.151981741;794768.054164389;870460.2497990926;794768.054164389;756921.9563470371;1868655.0761629604;1706163.3304096598;1706163.3304096598;1787409.2032863102;1868655.0761629604;1624917.4575330094;1868655.0761629604;1787409.2032863102;1706163.3304096598;1868655.0761629604;1706163.3304096598;1624917.4575330094;6615048.462403652;6039826.8569772495;6039826.8569772495;6327437.659690451;6615048.462403652;5752216.054264046;6615048.462403652;6327437.659690451;6039826.8569772495;6615048.462403652;6039826.8569772495;5752216.054264046
ASUNTINA;MANTENIMIENTO;1148480.2897840922;1048612.4384985194;1048612.4384985194;1098546.364141306;1148480.2897840922;998678.5128557325;1148480.2897840922;1098546.364141306;1048612.4384985194;1148480.2897840922;1048612.4384985194;998678.5128557325;257926.64753050965;235498.24339742193;235498.24339742193;246712.4454639658;257926.64753050965;224284.04133087798;257926.64753050965;246712.4454639658;235498.24339742193;257926.64753050965;235498.24339742193;224284.04133087798;553702.4112207588;505554.37546243204;505554.37546243204;529628.3933415954;553702.4112207588;481480.35758326855;553702.4112207588;529628.3933415954;505554.37546243204;553702.4112207588;505554.37546243204;481480.35758326855;1960109.3485353608;1789665.0573583734;1789665.0573583734;1874887.2029468673;1960109.3485353608;1704442.911769879;1960109.3485353608;1874887.2029468673;1789665.0573583734;1960109.3485353608;1789665.0573583734;1704442.911769879
PORLAMAR;MANTENIMIENTO;2693384.7618815997;2459177.3912832;2459177.3912832;2576281.0765824;2693384.7618815997;2342073.705984;2693384.7618815997;2576281.0765824;2459177.3912832;2693384.7618815997;2459177.3912832;2342073.705984;604882.563785644;552284.0799781968;552284.0799781968;578583.3218819204;604882.563785644;525984.8380744731;604882.563785644;578583.3218819204;552284.0799781968;604882.563785644;552284.0799781968;525984.8380744731;1298527.8461151938;1185612.3812356119;1185612.3812356119;1242070.113675403;1298527.8461151938;1129154.6487958208;1298527.8461151938;1242070.113675403;1185612.3812356119;1298527.8461151938;1185612.3812356119;1129154.6487958208;4596795.171782438;4197073.852497009;4197073.852497009;4396934.512139724;4596795.171782438;3997213.192854294;4596795.171782438;4396934.512139724;4197073.852497009;4596795.171782438;4197073.852497009;3997213.192854294
EL MORRO;MANTENIMIENTO;230769.14102016002;210702.25919232002;210702.25919232002;220735.70010624005;230769.14102016002;200668.81827840002;230769.14102016002;220735.70010624005;210702.25919232002;230769.14102016002;210702.25919232002;200668.81827840002;51826.32338254146;47319.68656666829;47319.68656666829;49573.00497460488;51826.32338254146;45066.368158731704;51826.32338254146;49573.00497460488;47319.68656666829;51826.32338254146;47319.68656666829;45066.368158731704;111257.83433534356;101583.24004531371;101583.24004531371;106420.53719032864;111257.83433534356;96745.94290029876;111257.83433534356;106420.53719032864;101583.24004531371;111257.83433534356;101583.24004531371;96745.94290029876;393853.29873804504;359605.18580430205;359605.18580430205;376729.24227117357;393853.29873804504;342481.12933743047;393853.29873804504;376729.24227117357;359605.18580430205;393853.29873804504;359605.18580430205;342481.12933743047
LA PERLA;MANTENIMIENTO;230769.14102016002;210702.25919232002;210702.25919232002;220735.70010624005;230769.14102016002;200668.81827840002;230769.14102016002;220735.70010624005;210702.25919232002;230769.14102016002;210702.25919232002;200668.81827840002;51826.32338254146;47319.68656666829;47319.68656666829;49573.00497460488;51826.32338254146;45066.368158731704;51826.32338254146;49573.00497460488;47319.68656666829;51826.32338254146;47319.68656666829;45066.368158731704;111257.83433534356;101583.24004531371;101583.24004531371;106420.53719032864;111257.83433534356;96745.94290029876;111257.83433534356;106420.53719032864;101583.24004531371;111257.83433534356;101583.24004531371;96745.94290029876;393853.29873804504;359605.18580430205;359605.18580430205;376729.24227117357;393853.29873804504;342481.12933743047;393853.29873804504;376729.24227117357;359605.18580430205;393853.29873804504;359605.18580430205;342481.12933743047
ARACATACA;MANTENIMIENTO;3683086.4606016;3362818.0727232005;3362818.0727232005;3522952.2666624;3683086.4606016;3202683.878784;3683086.4606016;3522952.2666624;3362818.0727232005;3683086.4606016;3362818.0727232005;3202683.878784;827150.584818978;755224.447008632;755224.447008632;791187.5159138051;827150.584818978;719261.3781034591;827150.584818978;791187.5159138051;755224.447008632;827150.584818978;755224.447008632;719261.3781034591;1775680.3247820812;1621273.3400184223;1621273.3400184223;1698476.8324002519;1775680.3247820812;1544069.8476365926;1775680.3247820812;1698476.8324002519;1621273.3400184223;1775680.3247820812;1621273.3400184223;1544069.8476365926;6285917.370202659;5739315.859750255;5739315.859750255;6012616.614976457;6285917.370202659;5466015.104524052;6285917.370202659;6012616.614976457;5739315.859750255;6285917.370202659;5739315.859750255;5466015.104524052
BOCATOMA;MANTENIMIENTO;923076.5640806401;842809.0367692801;842809.0367692801;882942.8004249602;923076.5640806401;802675.2731136001;923076.5640806401;882942.8004249602;842809.0367692801;923076.5640806401;842809.0367692801;802675.2731136001;207305.29353016583;189278.74626667317;189278.74626667317;198292.01989841953;207305.29353016583;180265.47263492682;207305.29353016583;198292.01989841953;189278.74626667317;207305.29353016583;189278.74626667317;180265.47263492682;445031.33734137425;406332.96018125484;406332.96018125484;425682.1487613146;445031.33734137425;386983.77160119504;445031.33734137425;425682.1487613146;406332.96018125484;445031.33734137425;406332.96018125484;386983.77160119504;1575413.1949521801;1438420.7432172082;1438420.7432172082;1506916.9690846943;1575413.1949521801;1369924.5173497219;1575413.1949521801;1506916.9690846943;1438420.7432172082;1575413.1949521801;1438420.7432172082;1369924.5173497219
JOYA;MANTENIMIENTO;1692846.0924710399;1545642.0844300801;1545642.0844300801;1619244.08845056;1692846.0924710399;1472040.0804096002;1692846.0924710399;1619244.08845056;1545642.0844300801;1692846.0924710399;1545642.0844300801;1472040.0804096002;380180.76696663414;347121.5698391008;347121.5698391008;363651.1684028675;380180.76696663414;330591.9712753341;380180.76696663414;363651.1684028675;347121.5698391008;380180.76696663414;347121.5698391008;330591.9712753341;816150.6745606123;745181.0506857765;745181.0506857765;780665.8626231945;816150.6745606123;709696.2387483586;816150.6745606123;780665.8626231945;745181.0506857765;816150.6745606123;745181.0506857765;709696.2387483586;2889177.5339982864;2637944.7049549576;2637944.7049549576;2763561.119476622;2889177.5339982864;2512328.2904332927;2889177.5339982864;2763561.119476622;2637944.7049549576;2889177.5339982864;2637944.7049549576;2512328.2904332927
ESMERALDA;MANTENIMIENTO;0.0;0.0;0.0;0.0;0.0;0.0;0.0;0.0;0.0;0.0;0.0;0.0;0.0;0.0;0.0;0.0;0.0;0.0;0.0;0.0;0.0;0.0;0.0;0.0;0.0;0.0;0.0;0.0;0.0;0.0;0.0;0.0;0.0;0.0;0.0;0.0;0.0;0.0;0.0;0.0;0.0;0.0;0.0;0.0;0.0;0.0;0.0;0.0
NARANJOS;MANTENIMIENTO;1396095.9139046401;1274696.2692172802;1274696.2692172802;1335396.0915609603;1396095.9139046401;1213996.4468736001;1396095.9139046401;1335396.0915609603;1274696.2692172802;1396095.9139046401;1274696.2692172802;1213996.4468736001;313536.3679355453;286272.3359411501;286272.3359411501;299904.3519383478;313536.3679355453;272640.3199439525;313536.3679355453;299904.3519383478;286272.3359411501;313536.3679355453;286272.3359411501;272640.3199439525;673082.229360481;614553.339850874;614553.339850874;643817.7846056776;673082.229360481;585288.8950960704;673082.229360481;643817.7846056776;614553.339850874;673082.229360481;614553.339850874;585288.8950960704;2382714.5112006664;2175521.945009304;2175521.945009304;2279118.228104986;2382714.5112006664;2071925.6619136229;2382714.5112006664;2279118.228104986;2175521.945009304;2382714.5112006664;2175521.945009304;2071925.6619136229
YUNQUE;MANTENIMIENTO;698047.9569523201;637348.1346086401;637348.1346086401;667698.0457804801;698047.9569523201;606998.2234368001;698047.9569523201;667698.0457804801;637348.1346086401;698047.9569523201;637348.1346086401;606998.2234368001;156768.18396777264;143136.16797057504;143136.16797057504;149952.1759691739;156768.18396777264;136320.15997197625;156768.18396777264;149952.1759691739;143136.16797057504;156768.18396777264;143136.16797057504;136320.15997197625;336541.1146802405;307276.669925437;307276.669925437;321908.8923028388;336541.1146802405;292644.4475480352;336541.1146802405;321908.8923028388;307276.669925437;336541.1146802405;307276.669925437;292644.4475480352;1191357.2556003332;1087760.972504652;1087760.972504652;1139559.114052493;1191357.2556003332;1035962.8309568114;1191357.2556003332;1139559.114052493;1087760.972504652;1191357.2556003332;1087760.972504652;1035962.8309568114
DONAMA;MANTENIMIENTO;2529240.7555008;2309306.7767616;2309306.7767616;2419273.7661312004;2529240.7555008;2199339.787392;2529240.7555008;2419273.7661312004;2309306.7767616;2529240.7555008;2309306.7767616;2199339.787392;568018.9679062706;518626.01417529065;518626.01417529065;543322.4910407807;568018.9679062706;493929.5373098006;568018.9679062706;543322.4910407807;518626.01417529065;568018.9679062706;518626.01417529065;493929.5373098006;1219391.1531053635;1113357.1397918537;1113357.1397918537;1166374.1464486087;1219391.1531053635;1060340.133135099;1219391.1531053635;1166374.1464486087;1113357.1397918537;1219391.1531053635;1113357.1397918537;1060340.133135099;4316650.876512434;3941289.9307287442;3941289.9307287442;4128970.4036205895;4316650.876512434;3753609.4578369;4316650.876512434;4128970.4036205895;3941289.9307287442;4316650.876512434;3941289.9307287442;3753609.4578369
BURDEOS;MANTENIMIENTO;0.0;0.0;0.0;0.0;0.0;0.0;0.0;0.0;0.0;0.0;0.0;0.0;0.0;0.0;0.0;0.0;0.0;0.0;0.0;0.0;0.0;0.0;0.0;0.0;0.0;0.0;0.0;0.0;0.0;0.0;0.0;0.0;0.0;0.0;0.0;0.0;0.0;0.0;0.0;0.0;0.0;0.0;0.0;0.0;0.0;0.0;0.0;0.0
DON MARCE SUR 2;MANTENIMIENTO;1168197.0398304;1066614.6885408;1066614.6885408;1117405.8641856;1168197.0398304;1015823.512896;1168197.0398304;1117405.8641856;1066614.6885408;1168197.0398304;1066614.6885408;1015823.512896;262354.651463078;239541.20350976684;239541.20350976684;250947.92748642244;262354.651463078;228134.47953311127;262354.651463078;250947.92748642244;239541.20350976684;262354.651463078;239541.20350976684;228134.47953311127;563208.2008622421;514233.57470030815;514233.57470030815;538720.8877812752;563208.2008622421;489746.2616193411;563208.2008622421;538720.8877812752;514233.57470030815;563208.2008622421;514233.57470030815;489746.2616193411;1993759.8921557202;1820389.466750875;1820389.466750875;1907074.6794532978;1993759.8921557202;1733704.2540484522;1993759.8921557202;1907074.6794532978;1820389.466750875;1993759.8921557202;1820389.466750875;1733704.2540484522
LAS MARGARITAS;MANTENIMIENTO;2182572.6692032;1992783.7414464003;1992783.7414464003;2087678.2053248002;2182572.6692032;1897889.2775680001;2182572.6692032;2087678.2053248002;1992783.7414464003;2182572.6692032;1992783.7414464003;1897889.2775680001;490163.96412438876;447541.0107222681;447541.0107222681;468852.48742332845;490163.96412438876;426229.53402120766;490163.96412438876;468852.48742332845;447541.0107222681;490163.96412438876;447541.0107222681;426229.53402120766;1052256.4125410717;960755.8549288047;960755.8549288047;1006506.1337349382;1052256.4125410717;915005.5761226711;1052256.4125410717;1006506.1337349382;960755.8549288047;1052256.4125410717;960755.8549288047;915005.5761226711;3724993.0458686603;3401080.607097473;3401080.607097473;3563036.8264830667;3724993.0458686603;3239124.387711879;3724993.0458686603;3563036.8264830667;3401080.607097473;3724993.0458686603;3401080.607097473;3239124.387711879
LA CECILIA;MANTENIMIENTO;1052812.46932032;961263.55894464;961263.55894464;1007038.0141324801;1052812.46932032;915489.1037568001;1052812.46932032;1007038.0141324801;961263.55894464;1052812.46932032;961263.55894464;915489.1037568001;236441.48977180728;215881.36022643273;215881.36022643273;226161.42499912;236441.48977180728;205601.29545374546;236441.48977180728;226161.42499912;215881.36022643273;236441.48977180728;215881.36022643273;205601.29545374546;507579.2836945705;463441.95467765135;463441.95467765135;485510.6191861109;507579.2836945705;441373.2901691918;507579.2836945705;485510.6191861109;463441.95467765135;507579.2836945705;463441.95467765135;441373.2901691918;1796833.2427866978;1640586.8738487242;1640586.8738487242;1718710.058317711;1796833.2427866978;1562463.6893797372;1796833.2427866978;1718710.058317711;1640586.8738487242;1796833.2427866978;1640586.8738487242;1562463.6893797372
JOSEFINA;MANTENIMIENTO;692307.4230604799;632106.7775769599;632106.7775769599;662207.1003187201;692307.4230604799;602006.4548352;692307.4230604799;662207.1003187201;632106.7775769599;692307.4230604799;632106.7775769599;602006.4548352;155478.97014762435;141959.05970000484;141959.05970000484;148719.01492381463;155478.97014762435;135199.1044761951;155478.97014762435;148719.01492381463;141959.05970000484;155478.97014762435;141959.05970000484;135199.1044761951;333773.50300603063;304749.72013594105;304749.72013594105;319261.61157098593;333773.50300603063;290237.82870089624;333773.50300603063;319261.61157098593;304749.72013594105;333773.50300603063;304749.72013594105;290237.82870089624;1181559.896214135;1078815.5574129059;1078815.5574129059;1130187.7268135208;1181559.896214135;1027443.3880122913;1181559.896214135;1130187.7268135208;1078815.5574129059;1181559.896214135;1078815.5574129059;1027443.3880122913
SAN ALFREDO;MANTENIMIENTO;692307.4230604799;632106.7775769599;632106.7775769599;662207.1003187201;692307.4230604799;602006.4548352;692307.4230604799;662207.1003187201;632106.7775769599;692307.4230604799;632106.7775769599;602006.4548352;155478.97014762435;141959.05970000484;141959.05970000484;148719.01492381463;155478.97014762435;135199.1044761951;155478.97014762435;148719.01492381463;141959.05970000484;155478.97014762435;141959.05970000484;135199.1044761951;333773.50300603063;304749.72013594105;304749.72013594105;319261.61157098593;333773.50300603063;290237.82870089624;333773.50300603063;319261.61157098593;304749.72013594105;333773.50300603063;304749.72013594105;290237.82870089624;1181559.896214135;1078815.5574129059;1078815.5574129059;1130187.7268135208;1181559.896214135;1027443.3880122913;1181559.896214135;1130187.7268135208;1078815.5574129059;1181559.896214135;1078815.5574129059;1027443.3880122913
VICTORIA;MANTENIMIENTO;2760009.8965209597;2520009.03595392;2520009.03595392;2640009.4662374402;2760009.8965209597;2400008.6056704;2760009.8965209597;2640009.4662374402;2520009.03595392;2760009.8965209597;2520009.03595392;2400008.6056704;619845.2912888122;565945.7007419589;565945.7007419589;592895.4960153856;619845.2912888122;538995.9054685323;619845.2912888122;592895.4960153856;565945.7007419589;619845.2912888122;565945.7007419589;538995.9054685323;1330648.9874407072;1214940.3798371674;1214940.3798371674;1272794.6836389375;1330648.9874407072;1157086.0760353976;1330648.9874407072;1272794.6836389375;1214940.3798371674;1330648.9874407072;1214940.3798371674;1157086.0760353976;4710504.175250479;4300895.116533047;4300895.116533047;4505699.645891763;4710504.175250479;4096090.58717433;4710504.175250479;4505699.645891763;4300895.116533047;4710504.175250479;4300895.116533047;4096090.58717433
CIRCASIA;MANTENIMIENTO;1346692.3809407998;1229588.6956416;1229588.6956416;1288140.5382912;1346692.3809407998;1171036.852992;1346692.3809407998;1288140.5382912;1229588.6956416;1346692.3809407998;1229588.6956416;1171036.852992;302441.281892822;276142.0399890984;276142.0399890984;289291.6609409602;302441.281892822;262992.41903723654;302441.281892822;289291.6609409602;276142.0399890984;302441.281892822;276142.0399890984;262992.41903723654;649263.9230575969;592806.1906178059;592806.1906178059;621035.0568377015;649263.9230575969;564577.3243979104;649263.9230575969;621035.0568377015;592806.1906178059;649263.9230575969;592806.1906178059;564577.3243979104;2298397.585891219;2098536.9262485043;2098536.9262485043;2198467.256069862;2298397.585891219;1998606.596427147;2298397.585891219;2198467.256069862;2098536.9262485043;2298397.585891219;2098536.9262485043;1998606.596427147
CIENAGA;MANTENIMIENTO;692307.4230604799;632106.7775769599;632106.7775769599;662207.1003187201;692307.4230604799;602006.4548352;692307.4230604799;662207.1003187201;632106.7775769599;692307.4230604799;632106.7775769599;602006.4548352;155478.97014762435;141959.05970000484;141959.05970000484;148719.01492381463;155478.97014762435;135199.1044761951;155478.97014762435;148719.01492381463;141959.05970000484;155478.97014762435;141959.05970000484;135199.1044761951;333773.50300603063;304749.72013594105;304749.72013594105;319261.61157098593;333773.50300603063;290237.82870089624;333773.50300603063;319261.61157098593;304749.72013594105;333773.50300603063;304749.72013594105;290237.82870089624;1181559.896214135;1078815.5574129059;1078815.5574129059;1130187.7268135208;1181559.896214135;1027443.3880122913;1181559.896214135;1130187.7268135208;1078815.5574129059;1181559.896214135;1078815.5574129059;1027443.3880122913
MARIA;MANTENIMIENTO;692307.4230604799;632106.7775769599;632106.7775769599;662207.1003187201;692307.4230604799;602006.4548352;692307.4230604799;662207.1003187201;632106.7775769599;692307.4230604799;632106.7775769599;602006.4548352;155478.97014762435;141959.05970000484;141959.05970000484;148719.01492381463;155478.97014762435;135199.1044761951;155478.97014762435;148719.01492381463;141959.05970000484;155478.97014762435;141959.05970000484;135199.1044761951;333773.50300603063;304749.72013594105;304749.72013594105;319261.61157098593;333773.50300603063;290237.82870089624;333773.50300603063;319261.61157098593;304749.72013594105;333773.50300603063;304749.72013594105;290237.82870089624;1181559.896214135;1078815.5574129059;1078815.5574129059;1130187.7268135208;1181559.896214135;1027443.3880122913;1181559.896214135;1130187.7268135208;1078815.5574129059;1181559.896214135;1078815.5574129059;1027443.3880122913
REMANSO;MANTENIMIENTO;5058481.5110016;4618613.5535232;4618613.5535232;4838547.532262401;5058481.5110016;4398679.574784;5058481.5110016;4838547.532262401;4618613.5535232;5058481.5110016;4618613.5535232;4398679.574784;1136037.9358125413;1037252.0283505813;1037252.0283505813;1086644.9820815613;1136037.9358125413;987859.0746196012;1136037.9358125413;1086644.9820815613;1037252.0283505813;1136037.9358125413;1037252.0283505813;987859.0746196012;2438782.306210727;2226714.2795837075;2226714.2795837075;2332748.2928972174;2438782.306210727;2120680.266270198;2438782.306210727;2332748.2928972174;2226714.2795837075;2438782.306210727;2226714.2795837075;2120680.266270198;8633301.753024869;7882579.8614574885;7882579.8614574885;8257940.807241179;8633301.753024869;7507218.9156738;8633301.753024869;8257940.807241179;7882579.8614574885;8633301.753024869;7882579.8614574885;7507218.9156738
PIEDECUESTA;MANTENIMIENTO;3144086.07323136;2870687.28425472;2870687.28425472;3007386.67874304;3144086.07323136;2733987.8897664;3144086.07323136;3007386.67874304;2870687.28425472;3144086.07323136;2870687.28425472;2733987.8897664;706101.434765051;644701.3100028727;644701.3100028727;675401.3723839619;706101.434765051;614001.2476217835;706101.434765051;675401.3723839619;644701.3100028727;706101.434765051;644701.3100028727;614001.2476217835;1515818.821898187;1384008.489559214;1384008.489559214;1449913.6557287006;1515818.821898187;1318103.3233897279;1515818.821898187;1449913.6557287006;1384008.489559214;1515818.821898187;1384008.489559214;1318103.3233897279;5366006.329894599;4899397.083816807;4899397.083816807;5132701.706855703;5366006.329894599;4666092.460777911;5366006.329894599;5132701.706855703;4899397.083816807;5366006.329894599;4899397.083816807;4666092.460777911
NAUTICA;MANTENIMIENTO;4865634.835161599;4442536.1538432;4442536.1538432;4654085.4945024;4865634.835161599;4230986.813184;4865634.835161599;4654085.4945024;4442536.1538432;4865634.835161599;4442536.1538432;4230986.813184;1092728.2708324266;997708.4211948244;997708.4211948244;1045218.3460136256;1092728.2708324266;950198.4963760232;1092728.2708324266;1045218.3460136256;997708.4211948244;1092728.2708324266;997708.4211948244;950198.4963760232;2345807.554829848;2141824.2891924703;2141824.2891924703;2243815.9220111594;2345807.554829848;2039832.6563737812;2345807.554829848;2243815.9220111594;2141824.2891924703;2345807.554829848;2141824.2891924703;2039832.6563737812;8304170.660823874;7582068.864230495;7582068.864230495;7943119.762527185;8304170.660823874;7221017.965933804;8304170.660823874;7943119.762527185;7582068.864230495;8304170.660823874;7582068.864230495;7221017.965933804
LAS LINAS;MANTENIMIENTO;7173326.245363199;6549558.7457664;6549558.7457664;6861442.495564801;7173326.245363199;6237674.995968;7173326.245363199;6861442.495564801;6549558.7457664;7173326.245363199;6549558.7457664;6237674.995968;1610991.504657841;1470905.2868615072;1470905.2868615072;1540948.3957596743;1610991.504657841;1400862.1779633402;1610991.504657841;1540948.3957596743;1470905.2868615072;1610991.504657841;1470905.2868615072;1400862.1779633402;3458385.8981832834;3157656.689645607;3157656.689645607;3308021.2939144457;3458385.8981832834;3007292.0853767684;3458385.8981832834;3308021.2939144457;3157656.689645607;3458385.8981832834;3157656.689645607;3007292.0853767684;12242703.648204323;11178120.722273514;11178120.722273514;11710412.18523892;12242703.648204323;10645829.259308107;12242703.648204323;11710412.18523892;11178120.722273514;12242703.648204323;11178120.722273514;10645829.259308107
DON ALI;MANTENIMIENTO;2343593.3762688;2139802.6478976;2139802.6478976;2241698.0120832003;2343593.3762688;2037907.2837120001;2343593.3762688;2241698.0120832003;2139802.6478976;2343593.3762688;2139802.6478976;2037907.2837120001;526326.1268762024;480558.6375826196;480558.6375826196;503442.38222941104;526326.1268762024;457674.8929358282;526326.1268762024;503442.38222941104;480558.6375826196;526326.1268762024;480558.6375826196;457674.8929358282;1129887.3083881873;1031636.2380935625;1031636.2380935625;1080761.773240875;1129887.3083881873;982510.70294625;1129887.3083881873;1080761.773240875;1031636.2380935625;1129887.3083881873;1031636.2380935625;982510.70294625;3999806.8115331894;3651997.5235737823;3651997.5235737823;3825902.1675534863;3999806.8115331894;3478092.8795940783;3999806.8115331894;3825902.1675534863;3651997.5235737823;3999806.8115331894;3651997.5235737823;3478092.8795940783
DR4 DON ALI;MANTENIMIENTO;235731.9182464;215233.4905728;215233.4905728;225482.70440960003;235731.9182464;204984.276736;235731.9182464;225482.70440960003;215233.4905728;235731.9182464;215233.4905728;204984.276736;52940.86797141331;48337.31423476867;48337.31423476867;50639.091103091;52940.86797141331;46035.53736644636;52940.86797141331;50639.091103091;48337.31423476867;52940.86797141331;48337.31423476867;46035.53736644636;113650.4759339531;103767.82585273978;103767.82585273978;108709.15089334645;113650.4759339531;98826.50081213313;113650.4759339531;108709.15089334645;103767.82585273978;113650.4759339531;103767.82585273978;98826.50081213313;402323.26215176645;367338.63066030847;367338.63066030847;384830.9464060375;402323.26215176645;349846.3149145795;402323.26215176645;384830.9464060375;367338.63066030847;402323.26215176645;367338.63066030847;349846.3149145795
DON CARLOS;MANTENIMIENTO;692307.4230604799;632106.7775769599;632106.7775769599;662207.1003187201;692307.4230604799;602006.4548352;692307.4230604799;662207.1003187201;632106.7775769599;692307.4230604799;632106.7775769599;602006.4548352;155478.97014762435;141959.05970000484;141959.05970000484;148719.01492381463;155478.97014762435;135199.1044761951;155478.97014762435;148719.01492381463;141959.05970000484;155478.97014762435;141959.05970000484;135199.1044761951;333773.50300603063;304749.72013594105;304749.72013594105;319261.61157098593;333773.50300603063;290237.82870089624;333773.50300603063;319261.61157098593;304749.72013594105;333773.50300603063;304749.72013594105;290237.82870089624;1181559.896214135;1078815.5574129059;1078815.5574129059;1130187.7268135208;1181559.896214135;1027443.3880122913;1181559.896214135;1130187.7268135208;1078815.5574129059;1181559.896214135;1078815.5574129059;1027443.3880122913
EVA NORTE;MANTENIMIENTO;4865634.835161599;4442536.1538432;4442536.1538432;4654085.4945024;4865634.835161599;4230986.813184;4865634.835161599;4654085.4945024;4442536.1538432;4865634.835161599;4442536.1538432;4230986.813184;1092728.2708324266;997708.4211948244;997708.4211948244;1045218.3460136256;1092728.2708324266;950198.4963760232;1092728.2708324266;1045218.3460136256;997708.4211948244;1092728.2708324266;997708.4211948244;950198.4963760232;2345807.554829848;2141824.2891924703;2141824.2891924703;2243815.9220111594;2345807.554829848;2039832.6563737812;2345807.554829848;2243815.9220111594;2141824.2891924703;2345807.554829848;2141824.2891924703;2039832.6563737812;8304170.660823874;7582068.864230495;7582068.864230495;7943119.762527185;8304170.660823874;7221017.965933804;8304170.660823874;7943119.762527185;7582068.864230495;8304170.660823874;7582068.864230495;7221017.965933804
DON PEDRO;MANTENIMIENTO;2529240.7555008;2309306.7767616;2309306.7767616;2419273.7661312004;2529240.7555008;2199339.787392;2529240.7555008;2419273.7661312004;2309306.7767616;2529240.7555008;2309306.7767616;2199339.787392;568018.9679062706;518626.01417529065;518626.01417529065;543322.4910407807;568018.9679062706;493929.5373098006;568018.9679062706;543322.4910407807;518626.01417529065;568018.9679062706;518626.01417529065;493929.5373098006;1219391.1531053635;1113357.1397918537;1113357.1397918537;1166374.1464486087;1219391.1531053635;1060340.133135099;1219391.1531053635;1166374.1464486087;1113357.1397918537;1219391.1531053635;1113357.1397918537;1060340.133135099;4316650.876512434;3941289.9307287442;3941289.9307287442;4128970.4036205895;4316650.876512434;3753609.4578369;4316650.876512434;4128970.4036205895;3941289.9307287442;4316650.876512434;3941289.9307287442;3753609.4578369
LA VELA;MANTENIMIENTO;2800637.9896127996;2557104.2513856003;2557104.2513856003;2678871.1204992;2800637.9896127996;2435337.382272;2800637.9896127996;2678871.1204992;2557104.2513856003;2800637.9896127996;2557104.2513856003;2435337.382272;628969.58183167;574276.5747158728;574276.5747158728;601623.0782737714;628969.58183167;546930.0711579741;628969.58183167;601623.0782737714;574276.5747158728;628969.58183167;574276.5747158728;546930.0711579741;1350236.500877688;1232824.6312361497;1232824.6312361497;1291530.5660569188;1350236.500877688;1174118.6964153808;1350236.500877688;1291530.5660569188;1232824.6312361497;1350236.500877688;1232824.6312361497;1174118.6964153808;4779844.072322157;4364205.4573376225;4364205.4573376225;4572024.764829891;4779844.072322157;4156386.149845355;4779844.072322157;4572024.764829891;4364205.4573376225;4779844.072322157;4364205.4573376225;4156386.149845355
ESPERANZA;MANTENIMIENTO;2533349.6553791994;2313058.3809984;2313058.3809984;2423204.0181888;2533349.6553791994;2202912.743808;2533349.6553791994;2423204.0181888;2313058.3809984;2533349.6553791994;2313058.3809984;2202912.743808;568941.7480184775;519468.5525386099;519468.5525386099;544205.1502785437;568941.7480184775;494731.9547986761;568941.7480184775;544205.1502785437;519468.5525386099;568941.7480184775;519468.5525386099;494731.9547986761;1221372.1255176654;1115165.8537335207;1115165.8537335207;1168268.9896255932;1221372.1255176654;1062062.7178414483;1221372.1255176654;1168268.9896255932;1115165.8537335207;1221372.1255176654;1115165.8537335207;1062062.7178414483;4323663.528915342;3947692.787270531;3947692.787270531;4135678.158092937;4323663.528915342;3759707.416448124;4323663.528915342;4135678.158092937;3947692.787270531;4323663.528915342;3947692.787270531;3759707.416448124
LINA MARGARITA;MANTENIMIENTO;692307.4230604799;632106.7775769599;632106.7775769599;662207.1003187201;692307.4230604799;602006.4548352;692307.4230604799;662207.1003187201;632106.7775769599;692307.4230604799;632106.7775769599;602006.4548352;155478.97014762435;141959.05970000484;141959.05970000484;148719.01492381463;155478.97014762435;135199.1044761951;155478.97014762435;148719.01492381463;141959.05970000484;155478.97014762435;141959.05970000484;135199.1044761951;333773.50300603063;304749.72013594105;304749.72013594105;319261.61157098593;333773.50300603063;290237.82870089624;333773.50300603063;319261.61157098593;304749.72013594105;333773.50300603063;304749.72013594105;290237.82870089624;1181559.896214135;1078815.5574129059;1078815.5574129059;1130187.7268135208;1181559.896214135;1027443.3880122913;1181559.896214135;1130187.7268135208;1078815.5574129059;1181559.896214135;1078815.5574129059;1027443.3880122913
DON MARCE;MANTENIMIENTO;1923615.2334911998;1756344.3436224;1756344.3436224;1839979.7885568002;1923615.2334911998;1672708.8986880002;1923615.2334911998;1839979.7885568002;1756344.3436224;1923615.2334911998;1756344.3436224;1672708.8986880002;432007.0903491756;394441.2564057691;394441.2564057691;413224.17337747244;432007.0903491756;375658.3394340658;432007.0903491756;413224.17337747244;394441.2564057691;432007.0903491756;394441.2564057691;375658.3394340658;927408.5088959559;846764.2907310901;846764.2907310901;887086.399813523;927408.5088959559;806442.1816486573;927408.5088959559;887086.399813523;846764.2907310901;927408.5088959559;846764.2907310901;806442.1816486573;3283030.8327363315;2997549.890759259;2997549.890759259;3140290.3617477957;3283030.8327363315;2854809.419770723;3283030.8327363315;3140290.3617477957;2997549.890759259;3283030.8327363315;2997549.890759259;2854809.419770723
ENANO;EVALUADOR;1526693.9999999998;1393938.0;1393938.0;1460316.0000000002;1526693.9999999998;1327560.0;1526693.9999999998;1460316.0000000002;1393938.0;1526693.9999999998;1393938.0;1327560.0;342866.193462468;313051.741857036;313051.741857036;327958.96765975206;342866.193462468;298144.51605432003;342866.193462468;327958.96765975206;313051.741857036;342866.193462468;313051.741857036;298144.51605432003;736045.8481661736;672041.8613691151;672041.8613691151;704043.8547676445;736045.8481661736;640039.8679705858;736045.8481661736;704043.8547676445;672041.8613691151;736045.8481661736;672041.8613691151;640039.8679705858;2605606.041628641;2379031.6032261513;2379031.6032261513;2492318.8224273967;2605606.041628641;2265744.384024906;2605606.041628641;2492318.8224273967;2379031.6032261513;2605606.041628641;2379031.6032261513;2265744.384024906
EVA;EVALUADOR;0.0;0.0;0.0;0.0;0.0;0.0;0.0;0.0;0.0;0.0;0.0;0.0;0.0;0.0;0.0;0.0;0.0;0.0;0.0;0.0;0.0;0.0;0.0;0.0;0.0;0.0;0.0;0.0;0.0;0.0;0.0;0.0;0.0;0.0;0.0;0.0;0.0;0.0;0.0;0.0;0.0;0.0;0.0;0.0;0.0;0.0;0.0;0.0
SAMI;EVALUADOR;1526693.9999999998;1393938.0;1393938.0;1460316.0000000002;1526693.9999999998;1327560.0;1526693.9999999998;1460316.0000000002;1393938.0;1526693.9999999998;1393938.0;1327560.0;342866.193462468;313051.741857036;313051.741857036;327958.96765975206;342866.193462468;298144.51605432003;342866.193462468;327958.96765975206;313051.741857036;342866.193462468;313051.741857036;298144.51605432003;736045.8481661736;672041.8613691151;672041.8613691151;704043.8547676445;736045.8481661736;640039.8679705858;736045.8481661736;704043.8547676445;672041.8613691151;736045.8481661736;672041.8613691151;640039.8679705858;2605606.041628641;2379031.6032261513;2379031.6032261513;2492318.8224273967;2605606.041628641;2265744.384024906;2605606.041628641;2492318.8224273967;2379031.6032261513;2605606.041628641;2379031.6032261513;2265744.384024906
VEGA;EVALUADOR;0.0;0.0;0.0;0.0;0.0;0.0;0.0;0.0;0.0;0.0;0.0;0.0;0.0;0.0;0.0;0.0;0.0;0.0;0.0;0.0;0.0;0.0;0.0;0.0;0.0;0.0;0.0;0.0;0.0;0.0;0.0;0.0;0.0;0.0;0.0;0.0;0.0;0.0;0.0;0.0;0.0;0.0;0.0;0.0;0.0;0.0;0.0;0.0
FEDERICA;EVALUADOR;0.0;0.0;0.0;0.0;0.0;0.0;0.0;0.0;0.0;0.0;0.0;0.0;0.0;0.0;0.0;0.0;0.0;0.0;0.0;0.0;0.0;0.0;0.0;0.0;0.0;0.0;0.0;0.0;0.0;0.0;0.0;0.0;0.0;0.0;0.0;0.0;0.0;0.0;0.0;0.0;0.0;0.0;0.0;0.0;0.0;0.0;0.0;0.0
NEERLANDIA;EVALUADOR;1526693.9999999998;1393938.0;1393938.0;1460316.0000000002;1526693.9999999998;1327560.0;1526693.9999999998;1460316.0000000002;1393938.0;1526693.9999999998;1393938.0;1327560.0;342866.193462468;313051.741857036;313051.741857036;327958.96765975206;342866.193462468;298144.51605432003;342866.193462468;327958.96765975206;313051.741857036;342866.193462468;313051.741857036;298144.51605432003;736045.8481661736;672041.8613691151;672041.8613691151;704043.8547676445;736045.8481661736;640039.8679705858;736045.8481661736;704043.8547676445;672041.8613691151;736045.8481661736;672041.8613691151;640039.8679705858;2605606.041628641;2379031.6032261513;2379031.6032261513;2492318.8224273967;2605606.041628641;2265744.384024906;2605606.041628641;2492318.8224273967;2379031.6032261513;2605606.041628641;2379031.6032261513;2265744.384024906
SAN ANTONIO;EVALUADOR;0.0;0.0;0.0;0.0;0.0;0.0;0.0;0.0;0.0;0.0;0.0;0.0;0.0;0.0;0.0;0.0;0.0;0.0;0.0;0.0;0.0;0.0;0.0;0.0;0.0;0.0;0.0;0.0;0.0;0.0;0.0;0.0;0.0;0.0;0.0;0.0;0.0;0.0;0.0;0.0;0.0;0.0;0.0;0.0;0.0;0.0;0.0;0.0
MRS;EVALUADOR;0.0;0.0;0.0;0.0;0.0;0.0;0.0;0.0;0.0;0.0;0.0;0.0;0.0;0.0;0.0;0.0;0.0;0.0;0.0;0.0;0.0;0.0;0.0;0.0;0.0;0.0;0.0;0.0;0.0;0.0;0.0;0.0;0.0;0.0;0.0;0.0;0.0;0.0;0.0;0.0;0.0;0.0;0.0;0.0;0.0;0.0;0.0;0.0
DON FUAD;EVALUADOR;1526693.9999999998;1393938.0;1393938.0;1460316.0000000002;1526693.9999999998;1327560.0;1526693.9999999998;1460316.0000000002;1393938.0;1526693.9999999998;1393938.0;1327560.0;342866.193462468;313051.741857036;313051.741857036;327958.96765975206;342866.193462468;298144.51605432003;342866.193462468;327958.96765975206;313051.741857036;342866.193462468;313051.741857036;298144.51605432003;736045.8481661736;672041.8613691151;672041.8613691151;704043.8547676445;736045.8481661736;640039.8679705858;736045.8481661736;704043.8547676445;672041.8613691151;736045.8481661736;672041.8613691151;640039.8679705858;2605606.041628641;2379031.6032261513;2379031.6032261513;2492318.8224273967;2605606.041628641;2265744.384024906;2605606.041628641;2492318.8224273967;2379031.6032261513;2605606.041628641;2379031.6032261513;2265744.384024906
EUFEMIA;EVALUADOR;1526693.9999999998;1393938.0;1393938.0;1460316.0000000002;1526693.9999999998;1327560.0;1526693.9999999998;1460316.0000000002;1393938.0;1526693.9999999998;1393938.0;1327560.0;342866.193462468;313051.741857036;313051.741857036;327958.96765975206;342866.193462468;298144.51605432003;342866.193462468;327958.96765975206;313051.741857036;342866.193462468;313051.741857036;298144.51605432003;736045.8481661736;672041.8613691151;672041.8613691151;704043.8547676445;736045.8481661736;640039.8679705858;736045.8481661736;704043.8547676445;672041.8613691151;736045.8481661736;672041.8613691151;640039.8679705858;2605606.041628641;2379031.6032261513;2379031.6032261513;2492318.8224273967;2605606.041628641;2265744.384024906;2605606.041628641;2492318.8224273967;2379031.6032261513;2605606.041628641;2379031.6032261513;2265744.384024906
OLGA;EVALUADOR;0.0;0.0;0.0;0.0;0.0;0.0;0.0;0.0;0.0;0.0;0.0;0.0;0.0;0.0;0.0;0.0;0.0;0.0;0.0;0.0;0.0;0.0;0.0;0.0;0.0;0.0;0.0;0.0;0.0;0.0;0.0;0.0;0.0;0.0;0.0;0.0;0.0;0.0;0.0;0.0;0.0;0.0;0.0;0.0;0.0;0.0;0.0;0.0
DON SAID;EVALUADOR;1526693.9999999998;1393938.0;1393938.0;1460316.0000000002;1526693.9999999998;1327560.0;1526693.9999999998;1460316.0000000002;1393938.0;1526693.9999999998;1393938.0;1327560.0;342866.193462468;313051.741857036;313051.741857036;327958.96765975206;342866.193462468;298144.51605432003;342866.193462468;327958.96765975206;313051.741857036;342866.193462468;313051.741857036;298144.51605432003;736045.8481661736;672041.8613691151;672041.8613691151;704043.8547676445;736045.8481661736;640039.8679705858;736045.8481661736;704043.8547676445;672041.8613691151;736045.8481661736;672041.8613691151;640039.8679705858;2605606.041628641;2379031.6032261513;2379031.6032261513;2492318.8224273967;2605606.041628641;2265744.384024906;2605606.041628641;2492318.8224273967;2379031.6032261513;2605606.041628641;2379031.6032261513;2265744.384024906
ASUNTINA;EVALUADOR;3700762.56;3378957.12;3378957.12;3539859.8400000003;3700762.56;3218054.4;3700762.56;3539859.8400000003;3378957.12;3700762.56;3378957.12;3218054.4;831120.2977516244;758848.9675123527;758848.9675123527;794984.6326319886;831120.2977516244;722713.3023927169;831120.2977516244;794984.6326319886;758848.9675123527;831120.2977516244;758848.9675123527;722713.3023927169;1784202.2810968144;1629054.2566536134;1629054.2566536134;1706628.2688752138;1784202.2810968144;1551480.2444320126;1784202.2810968144;1706628.2688752138;1629054.2566536134;1784202.2810968144;1629054.2566536134;1551480.2444320126;6316085.138848439;5766860.344165966;5766860.344165966;6041472.741507202;6316085.138848439;5492247.946824729;6316085.138848439;6041472.741507202;5766860.344165966;6316085.138848439;5766860.344165966;5492247.946824729
PORLAMAR;EVALUADOR;3053387.9999999995;2787876.0;2787876.0;2920632.0000000005;3053387.9999999995;2655120.0;3053387.9999999995;2920632.0000000005;2787876.0;3053387.9999999995;2787876.0;2655120.0;685732.386924936;626103.483714072;626103.483714072;655917.9353195041;685732.386924936;596289.0321086401;685732.386924936;655917.9353195041;626103.483714072;685732.386924936;626103.483714072;596289.0321086401;1472091.696332347;1344083.7227382301;1344083.7227382301;1408087.709535289;1472091.696332347;1280079.7359411716;1472091.696332347;1408087.709535289;1344083.7227382301;1472091.696332347;1344083.7227382301;1280079.7359411716;5211212.083257282;4758063.206452303;4758063.206452303;4984637.644854793;5211212.083257282;4531488.768049812;5211212.083257282;4984637.644854793;4758063.206452303;5211212.083257282;4758063.206452303;4531488.768049812
EL MORRO;EVALUADOR;0.0;0.0;0.0;0.0;0.0;0.0;0.0;0.0;0.0;0.0;0.0;0.0;0.0;0.0;0.0;0.0;0.0;0.0;0.0;0.0;0.0;0.0;0.0;0.0;0.0;0.0;0.0;0.0;0.0;0.0;0.0;0.0;0.0;0.0;0.0;0.0;0.0;0.0;0.0;0.0;0.0;0.0;0.0;0.0;0.0;0.0;0.0;0.0
LA PERLA;EVALUADOR;0.0;0.0;0.0;0.0;0.0;0.0;0.0;0.0;0.0;0.0;0.0;0.0;0.0;0.0;0.0;0.0;0.0;0.0;0.0;0.0;0.0;0.0;0.0;0.0;0.0;0.0;0.0;0.0;0.0;0.0;0.0;0.0;0.0;0.0;0.0;0.0;0.0;0.0;0.0;0.0;0.0;0.0;0.0;0.0;0.0;0.0;0.0;0.0
ARACATACA;EVALUADOR;1526693.9999999998;1393938.0;1393938.0;1460316.0000000002;1526693.9999999998;1327560.0;1526693.9999999998;1460316.0000000002;1393938.0;1526693.9999999998;1393938.0;1327560.0;342866.193462468;313051.741857036;313051.741857036;327958.96765975206;342866.193462468;298144.51605432003;342866.193462468;327958.96765975206;313051.741857036;342866.193462468;313051.741857036;298144.51605432003;736045.8481661736;672041.8613691151;672041.8613691151;704043.8547676445;736045.8481661736;640039.8679705858;736045.8481661736;704043.8547676445;672041.8613691151;736045.8481661736;672041.8613691151;640039.8679705858;2605606.041628641;2379031.6032261513;2379031.6032261513;2492318.8224273967;2605606.041628641;2265744.384024906;2605606.041628641;2492318.8224273967;2379031.6032261513;2605606.041628641;2379031.6032261513;2265744.384024906
BOCATOMA;EVALUADOR;0.0;0.0;0.0;0.0;0.0;0.0;0.0;0.0;0.0;0.0;0.0;0.0;0.0;0.0;0.0;0.0;0.0;0.0;0.0;0.0;0.0;0.0;0.0;0.0;0.0;0.0;0.0;0.0;0.0;0.0;0.0;0.0;0.0;0.0;0.0;0.0;0.0;0.0;0.0;0.0;0.0;0.0;0.0;0.0;0.0;0.0;0.0;0.0
JOYA;EVALUADOR;0.0;0.0;0.0;0.0;0.0;0.0;0.0;0.0;0.0;0.0;0.0;0.0;0.0;0.0;0.0;0.0;0.0;0.0;0.0;0.0;0.0;0.0;0.0;0.0;0.0;0.0;0.0;0.0;0.0;0.0;0.0;0.0;0.0;0.0;0.0;0.0;0.0;0.0;0.0;0.0;0.0;0.0;0.0;0.0;0.0;0.0;0.0;0.0
ESMERALDA;EVALUADOR;0.0;0.0;0.0;0.0;0.0;0.0;0.0;0.0;0.0;0.0;0.0;0.0;0.0;0.0;0.0;0.0;0.0;0.0;0.0;0.0;0.0;0.0;0.0;0.0;0.0;0.0;0.0;0.0;0.0;0.0;0.0;0.0;0.0;0.0;0.0;0.0;0.0;0.0;0.0;0.0;0.0;0.0;0.0;0.0;0.0;0.0;0.0;0.0
NARANJOS;EVALUADOR;0.0;0.0;0.0;0.0;0.0;0.0;0.0;0.0;0.0;0.0;0.0;0.0;0.0;0.0;0.0;0.0;0.0;0.0;0.0;0.0;0.0;0.0;0.0;0.0;0.0;0.0;0.0;0.0;0.0;0.0;0.0;0.0;0.0;0.0;0.0;0.0;0.0;0.0;0.0;0.0;0.0;0.0;0.0;0.0;0.0;0.0;0.0;0.0
YUNQUE;EVALUADOR;0.0;0.0;0.0;0.0;0.0;0.0;0.0;0.0;0.0;0.0;0.0;0.0;0.0;0.0;0.0;0.0;0.0;0.0;0.0;0.0;0.0;0.0;0.0;0.0;0.0;0.0;0.0;0.0;0.0;0.0;0.0;0.0;0.0;0.0;0.0;0.0;0.0;0.0;0.0;0.0;0.0;0.0;0.0;0.0;0.0;0.0;0.0;0.0
DONAMA;EVALUADOR;0.0;0.0;0.0;0.0;0.0;0.0;0.0;0.0;0.0;0.0;0.0;0.0;0.0;0.0;0.0;0.0;0.0;0.0;0.0;0.0;0.0;0.0;0.0;0.0;0.0;0.0;0.0;0.0;0.0;0.0;0.0;0.0;0.0;0.0;0.0;0.0;0.0;0.0;0.0;0.0;0.0;0.0;0.0;0.0;0.0;0.0;0.0;0.0
BURDEOS;EVALUADOR;0.0;0.0;0.0;0.0;0.0;0.0;0.0;0.0;0.0;0.0;0.0;0.0;0.0;0.0;0.0;0.0;0.0;0.0;0.0;0.0;0.0;0.0;0.0;0.0;0.0;0.0;0.0;0.0;0.0;0.0;0.0;0.0;0.0;0.0;0.0;0.0;0.0;0.0;0.0;0.0;0.0;0.0;0.0;0.0;0.0;0.0;0.0;0.0
DON MARCE SUR 2;EVALUADOR;0.0;0.0;0.0;0.0;0.0;0.0;0.0;0.0;0.0;0.0;0.0;0.0;0.0;0.0;0.0;0.0;0.0;0.0;0.0;0.0;0.0;0.0;0.0;0.0;0.0;0.0;0.0;0.0;0.0;0.0;0.0;0.0;0.0;0.0;0.0;0.0;0.0;0.0;0.0;0.0;0.0;0.0;0.0;0.0;0.0;0.0;0.0;0.0
LAS MARGARITAS;EVALUADOR;0.0;0.0;0.0;0.0;0.0;0.0;0.0;0.0;0.0;0.0;0.0;0.0;0.0;0.0;0.0;0.0;0.0;0.0;0.0;0.0;0.0;0.0;0.0;0.0;0.0;0.0;0.0;0.0;0.0;0.0;0.0;0.0;0.0;0.0;0.0;0.0;0.0;0.0;0.0;0.0;0.0;0.0;0.0;0.0;0.0;0.0;0.0;0.0
LA CECILIA;EVALUADOR;0.0;0.0;0.0;0.0;0.0;0.0;0.0;0.0;0.0;0.0;0.0;0.0;0.0;0.0;0.0;0.0;0.0;0.0;0.0;0.0;0.0;0.0;0.0;0.0;0.0;0.0;0.0;0.0;0.0;0.0;0.0;0.0;0.0;0.0;0.0;0.0;0.0;0.0;0.0;0.0;0.0;0.0;0.0;0.0;0.0;0.0;0.0;0.0
JOSEFINA;EVALUADOR;0.0;0.0;0.0;0.0;0.0;0.0;0.0;0.0;0.0;0.0;0.0;0.0;0.0;0.0;0.0;0.0;0.0;0.0;0.0;0.0;0.0;0.0;0.0;0.0;0.0;0.0;0.0;0.0;0.0;0.0;0.0;0.0;0.0;0.0;0.0;0.0;0.0;0.0;0.0;0.0;0.0;0.0;0.0;0.0;0.0;0.0;0.0;0.0
SAN ALFREDO;EVALUADOR;0.0;0.0;0.0;0.0;0.0;0.0;0.0;0.0;0.0;0.0;0.0;0.0;0.0;0.0;0.0;0.0;0.0;0.0;0.0;0.0;0.0;0.0;0.0;0.0;0.0;0.0;0.0;0.0;0.0;0.0;0.0;0.0;0.0;0.0;0.0;0.0;0.0;0.0;0.0;0.0;0.0;0.0;0.0;0.0;0.0;0.0;0.0;0.0
VICTORIA;EVALUADOR;1526693.9999999998;1393938.0;1393938.0;1460316.0000000002;1526693.9999999998;1327560.0;1526693.9999999998;1460316.0000000002;1393938.0;1526693.9999999998;1393938.0;1327560.0;342866.193462468;313051.741857036;313051.741857036;327958.96765975206;342866.193462468;298144.51605432003;342866.193462468;327958.96765975206;313051.741857036;342866.193462468;313051.741857036;298144.51605432003;736045.8481661736;672041.8613691151;672041.8613691151;704043.8547676445;736045.8481661736;640039.8679705858;736045.8481661736;704043.8547676445;672041.8613691151;736045.8481661736;672041.8613691151;640039.8679705858;2605606.041628641;2379031.6032261513;2379031.6032261513;2492318.8224273967;2605606.041628641;2265744.384024906;2605606.041628641;2492318.8224273967;2379031.6032261513;2605606.041628641;2379031.6032261513;2265744.384024906
CIRCASIA;EVALUADOR;1221355.2;1115150.4000000001;1115150.4000000001;1168252.8;1221355.2;1062048.0;1221355.2;1168252.8;1115150.4000000001;1221355.2;1115150.4000000001;1062048.0;274292.9547699744;250441.39348562885;250441.39348562885;262367.1741278016;274292.9547699744;238515.612843456;274292.9547699744;262367.1741278016;250441.39348562885;274292.9547699744;250441.39348562885;238515.612843456;588836.6785329388;537633.489095292;537633.489095292;563235.0838141155;588836.6785329388;512031.8943764686;588836.6785329388;563235.0838141155;537633.489095292;588836.6785329388;537633.489095292;512031.8943764686;2084484.8333029132;1903225.282580921;1903225.282580921;1993855.057941917;2084484.8333029132;1812595.5072199246;2084484.8333029132;1993855.057941917;1903225.282580921;2084484.8333029132;1903225.282580921;1812595.5072199246
CIENAGA;EVALUADOR;0.0;0.0;0.0;0.0;0.0;0.0;0.0;0.0;0.0;0.0;0.0;0.0;0.0;0.0;0.0;0.0;0.0;0.0;0.0;0.0;0.0;0.0;0.0;0.0;0.0;0.0;0.0;0.0;0.0;0.0;0.0;0.0;0.0;0.0;0.0;0.0;0.0;0.0;0.0;0.0;0.0;0.0;0.0;0.0;0.0;0.0;0.0;0.0
MARIA;EVALUADOR;0.0;0.0;0.0;0.0;0.0;0.0;0.0;0.0;0.0;0.0;0.0;0.0;0.0;0.0;0.0;0.0;0.0;0.0;0.0;0.0;0.0;0.0;0.0;0.0;0.0;0.0;0.0;0.0;0.0;0.0;0.0;0.0;0.0;0.0;0.0;0.0;0.0;0.0;0.0;0.0;0.0;0.0;0.0;0.0;0.0;0.0;0.0;0.0
REMANSO;EVALUADOR;1526693.9999999998;1393938.0;1393938.0;1460316.0000000002;1526693.9999999998;1327560.0;1526693.9999999998;1460316.0000000002;1393938.0;1526693.9999999998;1393938.0;1327560.0;342866.193462468;313051.741857036;313051.741857036;327958.96765975206;342866.193462468;298144.51605432003;342866.193462468;327958.96765975206;313051.741857036;342866.193462468;313051.741857036;298144.51605432003;736045.8481661736;672041.8613691151;672041.8613691151;704043.8547676445;736045.8481661736;640039.8679705858;736045.8481661736;704043.8547676445;672041.8613691151;736045.8481661736;672041.8613691151;640039.8679705858;2605606.041628641;2379031.6032261513;2379031.6032261513;2492318.8224273967;2605606.041628641;2265744.384024906;2605606.041628641;2492318.8224273967;2379031.6032261513;2605606.041628641;2379031.6032261513;2265744.384024906
PIEDECUESTA;EVALUADOR;1526693.9999999998;1393938.0;1393938.0;1460316.0000000002;1526693.9999999998;1327560.0;1526693.9999999998;1460316.0000000002;1393938.0;1526693.9999999998;1393938.0;1327560.0;342866.193462468;313051.741857036;313051.741857036;327958.96765975206;342866.193462468;298144.51605432003;342866.193462468;327958.96765975206;313051.741857036;342866.193462468;313051.741857036;298144.51605432003;736045.8481661736;672041.8613691151;672041.8613691151;704043.8547676445;736045.8481661736;640039.8679705858;736045.8481661736;704043.8547676445;672041.8613691151;736045.8481661736;672041.8613691151;640039.8679705858;2605606.041628641;2379031.6032261513;2379031.6032261513;2492318.8224273967;2605606.041628641;2265744.384024906;2605606.041628641;2492318.8224273967;2379031.6032261513;2605606.041628641;2379031.6032261513;2265744.384024906
NAUTICA;EVALUADOR;0.0;0.0;0.0;0.0;0.0;0.0;0.0;0.0;0.0;0.0;0.0;0.0;0.0;0.0;0.0;0.0;0.0;0.0;0.0;0.0;0.0;0.0;0.0;0.0;0.0;0.0;0.0;0.0;0.0;0.0;0.0;0.0;0.0;0.0;0.0;0.0;0.0;0.0;0.0;0.0;0.0;0.0;0.0;0.0;0.0;0.0;0.0;0.0
LAS LINAS;EVALUADOR;1526693.9999999998;1393938.0;1393938.0;1460316.0000000002;1526693.9999999998;1327560.0;1526693.9999999998;1460316.0000000002;1393938.0;1526693.9999999998;1393938.0;1327560.0;342866.193462468;313051.741857036;313051.741857036;327958.96765975206;342866.193462468;298144.51605432003;342866.193462468;327958.96765975206;313051.741857036;342866.193462468;313051.741857036;298144.51605432003;736045.8481661736;672041.8613691151;672041.8613691151;704043.8547676445;736045.8481661736;640039.8679705858;736045.8481661736;704043.8547676445;672041.8613691151;736045.8481661736;672041.8613691151;640039.8679705858;2605606.041628641;2379031.6032261513;2379031.6032261513;2492318.8224273967;2605606.041628641;2265744.384024906;2605606.041628641;2492318.8224273967;2379031.6032261513;2605606.041628641;2379031.6032261513;2265744.384024906
DON ALI;EVALUADOR;1526693.9999999998;1393938.0;1393938.0;1460316.0000000002;1526693.9999999998;1327560.0;1526693.9999999998;1460316.0000000002;1393938.0;1526693.9999999998;1393938.0;1327560.0;342866.193462468;313051.741857036;313051.741857036;327958.96765975206;342866.193462468;298144.51605432003;342866.193462468;327958.96765975206;313051.741857036;342866.193462468;313051.741857036;298144.51605432003;736045.8481661736;672041.8613691151;672041.8613691151;704043.8547676445;736045.8481661736;640039.8679705858;736045.8481661736;704043.8547676445;672041.8613691151;736045.8481661736;672041.8613691151;640039.8679705858;2605606.041628641;2379031.6032261513;2379031.6032261513;2492318.8224273967;2605606.041628641;2265744.384024906;2605606.041628641;2492318.8224273967;2379031.6032261513;2605606.041628641;2379031.6032261513;2265744.384024906
DR4 DON ALI;EVALUADOR;0.0;0.0;0.0;0.0;0.0;0.0;0.0;0.0;0.0;0.0;0.0;0.0;0.0;0.0;0.0;0.0;0.0;0.0;0.0;0.0;0.0;0.0;0.0;0.0;0.0;0.0;0.0;0.0;0.0;0.0;0.0;0.0;0.0;0.0;0.0;0.0;0.0;0.0;0.0;0.0;0.0;0.0;0.0;0.0;0.0;0.0;0.0;0.0
DON CARLOS;EVALUADOR;0.0;0.0;0.0;0.0;0.0;0.0;0.0;0.0;0.0;0.0;0.0;0.0;0.0;0.0;0.0;0.0;0.0;0.0;0.0;0.0;0.0;0.0;0.0;0.0;0.0;0.0;0.0;0.0;0.0;0.0;0.0;0.0;0.0;0.0;0.0;0.0;0.0;0.0;0.0;0.0;0.0;0.0;0.0;0.0;0.0;0.0;0.0;0.0
EVA NORTE;EVALUADOR;1526693.9999999998;1393938.0;1393938.0;1460316.0000000002;1526693.9999999998;1327560.0;1526693.9999999998;1460316.0000000002;1393938.0;1526693.9999999998;1393938.0;1327560.0;342866.193462468;313051.741857036;313051.741857036;327958.96765975206;342866.193462468;298144.51605432003;342866.193462468;327958.96765975206;313051.741857036;342866.193462468;313051.741857036;298144.51605432003;736045.8481661736;672041.8613691151;672041.8613691151;704043.8547676445;736045.8481661736;640039.8679705858;736045.8481661736;704043.8547676445;672041.8613691151;736045.8481661736;672041.8613691151;640039.8679705858;2605606.041628641;2379031.6032261513;2379031.6032261513;2492318.8224273967;2605606.041628641;2265744.384024906;2605606.041628641;2492318.8224273967;2379031.6032261513;2605606.041628641;2379031.6032261513;2265744.384024906
DON PEDRO;EVALUADOR;1526693.9999999998;1393938.0;1393938.0;1460316.0000000002;1526693.9999999998;1327560.0;1526693.9999999998;1460316.0000000002;1393938.0;1526693.9999999998;1393938.0;1327560.0;342866.193462468;313051.741857036;313051.741857036;327958.96765975206;342866.193462468;298144.51605432003;342866.193462468;327958.96765975206;313051.741857036;342866.193462468;313051.741857036;298144.51605432003;736045.8481661736;672041.8613691151;672041.8613691151;704043.8547676445;736045.8481661736;640039.8679705858;736045.8481661736;704043.8547676445;672041.8613691151;736045.8481661736;672041.8613691151;640039.8679705858;2605606.041628641;2379031.6032261513;2379031.6032261513;2492318.8224273967;2605606.041628641;2265744.384024906;2605606.041628641;2492318.8224273967;2379031.6032261513;2605606.041628641;2379031.6032261513;2265744.384024906
LA VELA;EVALUADOR;0.0;0.0;0.0;0.0;0.0;0.0;0.0;0.0;0.0;0.0;0.0;0.0;0.0;0.0;0.0;0.0;0.0;0.0;0.0;0.0;0.0;0.0;0.0;0.0;0.0;0.0;0.0;0.0;0.0;0.0;0.0;0.0;0.0;0.0;0.0;0.0;0.0;0.0;0.0;0.0;0.0;0.0;0.0;0.0;0.0;0.0;0.0;0.0
ESPERANZA;EVALUADOR;0.0;0.0;0.0;0.0;0.0;0.0;0.0;0.0;0.0;0.0;0.0;0.0;0.0;0.0;0.0;0.0;0.0;0.0;0.0;0.0;0.0;0.0;0.0;0.0;0.0;0.0;0.0;0.0;0.0;0.0;0.0;0.0;0.0;0.0;0.0;0.0;0.0;0.0;0.0;0.0;0.0;0.0;0.0;0.0;0.0;0.0;0.0;0.0
LINA MARGARITA;EVALUADOR;0.0;0.0;0.0;0.0;0.0;0.0;0.0;0.0;0.0;0.0;0.0;0.0;0.0;0.0;0.0;0.0;0.0;0.0;0.0;0.0;0.0;0.0;0.0;0.0;0.0;0.0;0.0;0.0;0.0;0.0;0.0;0.0;0.0;0.0;0.0;0.0;0.0;0.0;0.0;0.0;0.0;0.0;0.0;0.0;0.0;0.0;0.0;0.0
DON MARCE;EVALUADOR;0.0;0.0;0.0;0.0;0.0;0.0;0.0;0.0;0.0;0.0;0.0;0.0;0.0;0.0;0.0;0.0;0.0;0.0;0.0;0.0;0.0;0.0;0.0;0.0;0.0;0.0;0.0;0.0;0.0;0.0;0.0;0.0;0.0;0.0;0.0;0.0;0.0;0.0;0.0;0.0;0.0;0.0;0.0;0.0;0.0;0.0;0.0;0.0
ENANO;FERTILIZACIÓN;10430348.881098803;9232980.431116393;9877509.691756392;7767069.663248396;8132191.523530415;7710287.927421874;7501387.538331463;9008262.405298172;8567289.876071895;6640461.7292244;8171947.002781382;8073451.730285457;2342456.3254639497;2073550.334730034;2218299.2458876176;1744334.889503588;1826334.2570158932;1731582.800597081;1684667.7794990367;2023082.9757735606;1924049.0026805045;1491320.3536087575;1835262.5752250792;1813142.4259648302;5028653.409823756;4451381.1625137385;4762119.978750447;3744639.9724184554;3920671.5998010817;3717264.505621062;3616549.978629868;4343040.676527941;4130440.116564819;3201482.606011414;3939838.410861144;3892352.1193157383;17801458.61638651;15757911.928360166;16857928.916394457;13256044.52517044;13879197.38034739;13159135.233640017;12802605.296460368;15374386.057599671;14621778.995317219;11333264.68884457;13947047.988867605;13778946.275566025
EVA;FERTILIZACIÓN;9430700.163102817;6403448.129988485;7261550.6927884845;6431220.26008156;4815777.122330679;5758818.594383805;6319603.371245559;6536382.936145097;5850516.208343227;5395924.545103239;5654212.548551611;5474879.372366013;2117954.394665165;1438091.644667177;1630805.0235811074;1444328.7324721708;1081531.1847018185;1293320.2136755995;1419261.7198282988;1467946.2527062395;1313913.7391940453;1211821.1697892614;1269827.701916436;1229552.9097968035;4546705.299393254;3087214.209281934;3500920.4455347084;3100603.638368404;2321770.280478694;2776427.0487329876;3046791.1863557776;3151304.401650771;2820636.070345424;2601469.487953177;2725994.64660927;2639534.989487501;16095359.857161235;10928753.983937597;12393276.1619043;10976152.630922135;8219078.587511191;9828565.856792392;10785656.277429635;11155633.590502108;9985066.017882697;9209215.202845678;9650034.897077316;9343967.271650318
SAMI;FERTILIZACIÓN;13925675.024431914;11207744.77309238;11141790.055698063;10451933.597223734;9967440.541322332;8374019.069561322;9452650.049152236;8915627.629225014;8146893.430781729;7737282.083802093;8297564.465817025;8760015.857204378;3127439.5438917894;2517044.53390729;2502232.369260097;2347303.8387539233;2238495.9900062946;1880644.086085757;2122883.91811695;2002278.9816172651;1829636.023431361;1737645.170426147;1863473.8483311783;1967331.5619439941;6713811.205549042;5403449.550165771;5371651.628706028;5039059.778544404;4805477.2123840805;4037260.8843782553;4557287.722913879;4298379.832688605;3927759.6461236933;3730278.859989658;4000400.7842801474;4223356.678918715;23766925.773872744;19128238.85716544;19015674.05366419;17838297.214522064;17011413.74371271;14291924.040025335;16132821.690183066;15216286.443530884;13904289.100336783;13205206.114217898;14161439.09842835;14950704.098067086
VEGA;FERTILIZACIÓN;4016720.893772175;3920830.6781952106;3749789.162995211;3633441.373126548;3403128.892171958;3714849.946244861;3214382.226825062;3218613.5390142114;3767306.382961666;3497502.224529014;3651154.5894861463;3130628.6903746882;902078.4800679297;880543.376631898;842130.7325521564;816001.2502655688;764277.4839759278;834284.0545343268;721888.602722563;722838.8742921407;846064.7642113778;785471.9245315546;819979.2989558713;703079.164661131;1936531.3134808494;1890300.9653854328;1807838.8628769983;1751745.5608294765;1640707.8902894226;1790994.0561067662;1549709.8255929;1551749.8151187107;1816284.2206420274;1686206.922485146;1760285.4118796221;1509330.782527602;6855330.687320954;6691675.020212542;6399758.758424366;6201188.184221593;5808114.266437309;6340128.056885954;5485980.655140525;5493202.228425063;6429655.367815072;5969181.0715457145;6231419.3003216395;5343038.637563421
FEDERICA;FERTILIZACIÓN;11578370.673271615;12134027.209502693;10523307.254632682;9354644.209363813;9846914.915432123;8198918.819568564;8411013.463380683;8268775.674578771;8752509.158584476;8474388.367074747;10691035.34129766;8561783.06100943;2600280.003224033;2725069.804880481;2363332.9934039717;2100873.686056465;2211428.245871807;1841319.9280099778;1888952.3174591009;1857008.437930505;1965645.7013974302;1903185.1054248847;2401001.5049796794;1922812.2776271738;5582134.771336337;5850026.494562656;5073470.26565203;4510037.395426963;4747369.702605358;3952841.994921672;4055096.5279166233;3986521.2050949023;4219737.568374877;4085650.676123105;5154334.906379388;4127785.1848212304;19760785.447831985;20709123.50894583;17960110.513688684;15965555.290847242;16805712.86390929;13993080.742500216;14355062.308756407;14112305.317604179;14937892.428356782;14463224.148622736;18246371.752656728;14612380.523457833
NEERLANDIA;FERTILIZACIÓN;7853153.613380739;7531852.573277117;7575372.292877117;4881101.950189047;6157411.156811402;6161692.382581344;5083692.386788874;5744219.933028903;6378853.941536549;6314498.629347818;7670078.442179237;5765419.345411218;1763667.6937853168;1691509.6420893902;1701283.3364903678;1096201.8882392594;1382836.4589886756;1383797.9401912568;1141699.8150201873;1290041.634308416;1432568.261608218;1418115.2926968064;1722552.5213490925;1294802.6157671532;3786142.548631276;3631237.704189794;3652219.321281979;2353264.5211892244;2968595.4863404906;2970659.5400755727;2450936.909852227;2769388.7790607023;3075356.9213780942;3044330.1011089683;3697878.8103411025;2779609.3861159245;13402963.855797332;12854599.919556301;12928874.950649465;8330568.359617529;10508843.102140568;10516149.862848174;8676329.111661289;9803650.346398022;10886779.124522861;10776944.023153592;13090509.773869433;9839831.347294295
SAN ANTONIO;FERTILIZACIÓN;7662287.74650999;7224297.035578433;9443517.982378433;6672618.354736041;6764125.353388731;6089397.548160405;5934203.402696235;6672618.354736041;6206724.341796471;6699575.869410604;6737874.391403991;5798002.730271621;1720802.8805117412;1622438.5666223678;2120833.03105433;1498542.114998908;1519092.8319750817;1367561.9068506483;1332708.2780927178;1498542.114998908;1393911.2546080605;1504596.255803598;1513197.369354258;1302120.219122645;3694122.779858455;3482959.806586455;4552884.993988479;3216985.8769346494;3261102.999577733;2935804.937437852;2860983.128726611;3216985.8769346494;2992370.234304464;3229982.5656968313;3248446.9522105227;2795318.405176522;13077213.406880185;12329695.408787256;16117236.007421242;11388146.3466696;11544321.184941547;10392764.392448906;10127894.809515564;11388146.3466696;10593005.830708995;11434154.690911034;11499518.712968772;9895441.354570787
MRS;FERTILIZACIÓN;7423958.55262737;5417461.57250467;4206021.471809857;2918369.10264387;2942129.9601768004;3470900.8120400184;3139675.8088132422;2727892.291939854;2747740.598658107;2658921.0177210243;3373306.5461040116;2667839.207290793;1667278.714242985;1216657.9731065114;944591.7594887074;655409.7319711627;660745.9648873332;779497.7574484149;705110.9739567928;612632.2932513164;617089.8422894098;597142.6677928643;757579.9569820198;599145.5221371946;3579220.1119668586;2611852.865107122;2027796.4291622445;1406996.7271879385;1418452.2516977494;1673381.916807596;1513692.5563765627;1315164.5291897638;1324733.7446010374;1281912.272986818;1626330.0162649704;1286211.8879757987;12670457.378837213;9245972.410718303;7178409.660460808;4980775.561802971;5021328.176761882;5923780.48629603;5358479.339146597;4655689.114380934;4689564.185548554;4537975.958500707;5757216.519351002;4553196.617403787
DON FUAD;FERTILIZACIÓN;13428623.764915783;10731946.506031407;10219644.579631407;8944651.406730663;7872168.320855749;8513438.866123103;9257109.98802759;8013782.857141144;8253138.591434012;8977574.723532852;8853548.805776875;8704266.920038702;3015811.3634535214;2410189.3679845617;2295136.180241466;2008797.165427029;1767938.032420144;1911955.0986006744;2078969.3704556464;1799741.9413862668;1853496.6489441728;2016191.1109774308;1988337.2684184893;1954811.4198097;6474174.110038996;5174058.893600087;4927069.18516195;4312372.702858483;3795309.871284719;4104477.6039117505;4463014.44343485;3863584.7131802416;3978982.2941368916;4328245.609046699;4268450.547410715;4196479.142398316;22918609.2384083;18316194.767616056;17441849.945034824;15265821.275016176;13435416.224560613;14529871.568635527;15799093.801918086;13677109.511707652;14085617.534515075;15322011.44355698;15110336.62160608;14855557.48224672
EUFEMIA;FERTILIZACIÓN;14397999.355607519;14729434.485021697;15525445.117821697;13349350.084976433;12790218.70696909;12340152.689633295;12924729.252055887;12241892.097876623;11474777.239642639;11841604.705988847;12161484.44075768;12021770.261233456;3233514.530437807;3307948.5042413194;3486717.2264762837;2998008.0152497776;2872437.8307708954;2771361.6346433563;2902646.3195541566;2749294.1901764367;2577014.9047458353;2659397.318670044;2731236.17244557;2699859.0471629645;6941527.016936045;7101317.6828728495;7485088.314950115;6435954.8840590585;6166387.878908232;5949403.189467717;6231237.762542874;5902030.041606489;5532190.567245741;5709044.497108205;5863264.105418119;5795905.45871567;24573040.90298137;25138700.672135867;26497250.6592481;22783312.98428527;21829044.416648217;21060917.51374437;22058613.33415292;20893216.329659548;19583982.711634215;20210046.521767095;20755984.71862137;20517534.76711209
OLGA;FERTILIZACIÓN;2487267.3044210016;2572322.441013262;2646145.9256852623;2096073.8365106306;2314969.687040084;2184130.6637566835;2202327.6914006122;2207600.5655369186;2281462.3794133533;2114779.208479028;2337225.744242889;2283389.4524445394;558592.5357605928;577694.288251805;594273.6271223471;470737.9851762511;519897.7952205449;490513.85982188163;494600.56324811187;495784.74965594604;512372.6965307268;474938.8529887296;524896.0788416298;512805.4801761246;1199155.0190794936;1240161.586311657;1275753.1779403558;1010553.8141981254;1116087.3277660096;1053007.548932881;1061780.6538552025;1064322.7985914308;1099932.8693991841;1019572.0007998564;1126817.361748375;1100861.9449727554;4245014.859261088;4390178.315576725;4516172.730747965;3577365.6358850067;3950954.8100266387;3727652.072511446;3758708.9085039264;3767708.1137842955;3893767.9453432644;3609290.0622676145;3988939.184832894;3897056.8775934195
DON SAID;FERTILIZACIÓN;39636336.565984435;34214878.50990801;34380463.78270961;28869894.866921764;26914429.180720285;27734965.611969054;27627649.44683756;24229420.201768003;27966357.49528805;27344914.36684204;24149764.98659477;27943874.143663134;8901561.047057442;7684005.540385277;7721192.817062155;6483624.72026687;6044464.629066948;6228741.375277744;6204640.222698625;5441463.105496464;6280707.554637653;6141143.346024996;5423574.071796273;6275658.2250484135;19109370.29025459;16495590.650600469;16575422.203330146;13918680.661476163;12975916.492913231;13371511.440879066;13319772.442896396;11681426.758070022;13483069.51015575;13183460.92155575;11643023.587288555;13472229.893561736;67647267.90329647;58394474.70089376;58677078.80310191;49272200.2486648;45934810.30270046;47335218.42812586;47152062.112432584;41352310.06533449;47730134.56008146;46669518.63442279;41216362.64567959;47691762.26227328
ASUNTINA;FERTILIZACIÓN;15335614.877653807;12247773.019167516;11753689.830025114;11898336.740517536;12154967.902621482;13425688.675630283;14894105.838588523;14125497.645802975;13065833.214067029;13972543.417750122;12969315.531133268;11400166.833592523;3444084.9950989215;2750614.9323140625;2639653.323560081;2672138.245618229;2729772.682954348;3015152.1986891404;3344930.5321852094;3172315.8724534973;2934335.5633300757;3137965.286189012;2912659.542759276;2560258.8384253457;7393567.839902749;5904865.336498298;5666659.199566492;5736396.00204165;5860122.368541203;6472759.052219557;7180708.619173618;6810149.182137572;6299266.44766124;6736407.276740837;6252733.586591495;5496219.587073435;26173267.712655477;20903253.28797988;20060002.353151686;20306870.988177415;20744862.954117034;22913599.92653898;25419744.98994735;24107962.70039404;22299435.225058343;23846915.98067997;22134708.66048404;19456645.259091303
PORLAMAR;FERTILIZACIÓN;33004758.88805234;25823509.048896708;29004302.226424705;23798115.14974421;23940731.131256267;23799790.789904576;24952137.596657388;23080228.42706645;24381790.265041433;23141866.604649223;25701016.082874715;24957777.9038409;7412235.8809906;5799464.88912566;6513810.035546891;5344600.262380208;5376629.076738522;5344976.579024799;5603771.57211442;5183376.672098351;5475682.499554603;5197219.424686473;5771955.318127223;5605038.276938026;15912170.840572204;12449964.839399407;13983480.797538219;11473487.057753384;11542244.713887546;11474294.913147496;12029861.43974546;11127381.327541182;11754887.02742146;11157098.169749463;12390908.840574464;12032580.730372662;56329165.60961515;44072938.77742177;49501593.059509814;40616202.4698778;40859604.92188233;40619062.28207687;42585770.60851727;39390986.42670598;41612359.7920175;39496184.19908516;43863880.2415764;42595396.91115159
EL MORRO;FERTILIZACIÓN;2383523.4777536504;2501403.08327825;2708541.82521425;2353764.579248585;2057705.629170717;2657898.762132752;2610479.7431318373;2096061.0292490807;2556405.992522821;2502888.511682541;2234276.555814421;2424677.0505253766;535293.6618902135;561767.1605959638;608286.5495279966;528610.3840021313;462121.2216331868;596913.088792556;586263.6865268968;470735.10891092464;574119.7591665009;562100.7593280217;501775.66548013146;544535.9650915246;1149138.307877789;1205970.1250132779;1305835.3311360222;1134791.0230318068;992055.8311614969;1281419.4257092937;1258557.8882566434;1010547.6395935941;1232487.988440086;1206686.2759968585;1077183.759523665;1168979.1642483738;4067955.447521653;4269140.3688874915;4622663.705878269;4017165.986282523;3511882.6819654005;4536231.276634602;4455301.317915378;3577343.7777535995;4363013.7401294075;4271675.547007421;3813235.980818217;4138192.179865275
LA PERLA;FERTILIZACIÓN;2897573.330658924;3032608.7947098953;3083300.289493895;2496281.589841749;2289216.81288148;2603455.823079008;2897457.864056955;2630616.522678165;2545502.8211621786;2518257.8731017997;2518635.8344683386;2723013.9137084004;650739.400404659;681065.7759203776;692450.113487377;560616.9713901269;514114.193573143;584686.2487877703;650713.4688202753;590786.021029844;571671.1159799212;565552.423149174;565637.3060235555;611536.7030580697;1396970.7222197326;1462073.6784571384;1486512.9336537267;1203500.9635569896;1103671.417241185;1255171.5336939506;1396915.0537537658;1268266.1814578434;1227231.3790528446;1214096.1136340084;1214278.3354116587;1312812.5778209593;4945283.4532833155;5175748.249087411;5262263.336634999;4260399.524788866;3907002.423695808;4443313.605560729;4945086.386630996;4489668.725165852;4344405.316194944;4297906.409884982;4298551.475903553;4647363.194587429
ARACATACA;FERTILIZACIÓN;12425000.951168232;18263271.399197027;16622952.894797027;13536582.484355114;13891858.623565676;14375243.368164705;14804232.00200423;11999504.13989604;13929620.801682629;13006016.107412877;14657710.53873255;15095243.227543905;2790416.9269641438;4101580.503240758;3733196.4251807956;3040056.821407274;3119845.028788168;3228403.9720724784;3324746.5920888158;2694858.503330256;3128325.689790184;2920901.788348024;3291840.681426619;3390102.132331744;5990310.018620716;8805042.193989756;8014215.987275268;6526222.894678651;6697507.727931708;6930555.957851379;7137378.872494431;5785170.572638192;6715713.533692846;6270427.575561066;7066738.3153766645;7277680.468183043;21205727.89675309;31169894.096427538;28370365.307253093;23102862.20044104;23709211.380285554;24534203.298088565;25266357.466587476;20479533.215864487;23773660.025165662;22197345.471321966;25016289.535535835;25763025.828058694
BOCATOMA;FERTILIZACIÓN;12461354.933027858;10073500.977092914;9092554.282092914;6232005.720030587;6391057.8704001075;6172779.499922539;6462472.512787291;6589078.931966507;6724612.183105178;7364082.373004587;6662124.369513531;6494145.390348475;2798581.3340931516;2262315.12985333;2042013.3147520465;1399588.9673131711;1435309.0299840258;1386287.8941173528;1451347.3890741754;1479780.7627639202;1510218.9317129757;1653831.672605081;1496185.3671715807;1458460.5099519715;6007836.908365541;4856610.801304736;4383679.262877861;3004558.8284072373;3081240.648681233;2976004.8330335054;3115670.895362859;3176710.061815369;3242053.009903907;3550352.7597565264;3211926.543332928;3130940.942948286;21267773.17548655;17192426.90825098;15518246.859722821;10636153.515750997;10907607.549065366;10535072.227073397;11029490.797224326;11245569.756545797;11476884.12472206;12568266.805366194;11370236.280018039;11083546.843248732
JOYA;FERTILIZACIÓN;13468545.429901393;12175991.94961931;13751465.91361931;11586517.628723944;10688162.258312507;11483773.486516517;11575807.11506037;10428313.43443972;10646223.836690998;11681322.357841019;12854050.586237494;10264763.572279157;3024777.003791598;2734494.2807108876;3088315.5185856055;2602109.653176314;2400356.265641199;2579035.2892636852;2599704.2772137066;2341999.2031801157;2390937.7004400585;2623400.9771709144;2886773.2466867985;2305269.0406981097;6493421.042144931;5870258.428880999;6629821.949859074;5586062.56088413;5152949.7428805735;5536527.815024665;5580898.835138304;5027672.0854309285;5132730.497168496;5631769.576994197;6197162.343022293;4948821.83972915;22986743.475837924;20780744.659211196;23469603.382063992;19774689.842784386;18241468.26683428;19599336.590804867;19756410.22741238;17797984.723050766;18169892.034299552;19936492.912006132;21937986.175946586;17518854.452706415
ESMERALDA;FERTILIZACIÓN;25431.147839999998;23219.743680000003;23219.743680000003;24325.445760000002;25431.147839999998;22114.0416;25431.147839999998;24325.445760000002;23219.743680000003;25431.147839999998;23219.743680000003;22114.0416;5711.348086310724;5214.709122283706;5214.709122283706;5463.028604297216;5711.348086310724;4966.389640270196;5711.348086310724;5463.028604297216;5214.709122283706;5711.348086310724;5214.709122283706;4966.389640270196;12260.80064618853;11194.644068259096;11194.644068259096;11727.722357223814;12260.80064618853;10661.565779294377;12260.80064618853;11727.722357223814;11194.644068259096;12260.80064618853;11194.644068259096;10661.565779294377;43403.296572499254;39629.09687054281;39629.09687054281;41516.19672152103;43403.296572499254;37741.99701956457;43403.296572499254;41516.19672152103;39629.09687054281;43403.296572499254;39629.09687054281;37741.99701956457
NARANJOS;FERTILIZACIÓN;7346192.49647837;7165797.1183522465;6178654.078352246;6551641.042300724;6292187.982432026;5786340.408072681;5806740.491455226;6328731.480595316;5996235.814422063;5451323.577085274;6773942.51002835;6006773.197517097;1649813.9494293446;1609300.607124779;1387607.2117700002;1471372.9307288334;1413104.749273106;1299501.0852167783;1304082.552711699;1421311.7181293732;1346639.5681087463;1224262.7299297913;1521297.5770829103;1349006.0622659582;3541727.737753867;3454755.9745203047;2978837.0699211285;3158660.601181737;3033573.7484723106;2789695.79590806;2799531.0324885184;3051192.00733791;2890890.0381023795;2628178.3290718314;3265836.0222957036;2895970.2945765886;12537734.183661584;12229853.69999733;10545098.360043375;11181674.574211296;10738866.480177443;9875537.28919752;9910354.076655444;10801235.2060626;10233765.420633188;9303764.636086896;11561076.109406965;10251749.554359645
YUNQUE;FERTILIZACIÓN;3456585.0761045646;3594376.246761907;3864464.2775619067;3236764.007785523;2710616.91064706;3050612.380418945;3081202.647803972;3357419.829317891;2864025.236817506;2456377.858742612;3749983.696084274;2859286.720985345;776282.7177044956;807227.9720750639;867884.5640444892;726915.1214884872;608752.5739202172;685109.0359978634;691979.0233923926;754012.1050673117;643205.1419132202;551655.3586590157;842174.4209532045;642140.9621325735;1666480.050422627;1732911.5809561152;1863125.738940438;1560500.4731951777;1306835.766074137;1470753.5216432975;1485501.6239500088;1618670.7525674542;1380796.6001062868;1184262.6776910208;1807932.6506776554;1378512.0788435244;5899347.8442316875;6134515.799793086;6595474.5805468345;5524179.602469188;4626205.250641414;5206474.938060106;5258683.295146374;5730102.686952657;4888026.978837013;4192295.8950926485;6400090.767715134;4879939.761961443
DONAMA;FERTILIZACIÓN;8651911.952946093;8550557.680468505;7198171.715668505;6813789.151198025;7732714.592870325;5990135.41383834;7046228.927535333;6464333.778419561;7381213.895718015;6266555.160852212;8449770.768860366;6437438.292336276;1943053.4982642592;1920291.2724380305;1616571.3208019834;1530246.3685107348;1736619.3995582128;1345269.5351311245;1582447.8845460634;1451765.3936398309;1657679.0840581742;1407348.109132532;1897656.4649822335;1445725.1832671573;4171237.898141516;4122373.2327593025;3470364.333458431;3285046.7841093387;3728076.792819115;2887948.9284092784;3397110.0609164457;3116568.2440397823;3558612.1661378853;3021215.7173929936;4073782.1019638316;3103601.4603450717;14766203.349351868;14593222.185665838;12285107.369928919;11629082.3038181;13197410.785247652;10223353.877378743;12025786.872997843;11032667.416099174;12597505.145914074;10695118.987377739;14421209.335806431;10986764.935948506
BURDEOS;FERTILIZACIÓN;25431.147839999998;23219.743680000003;23219.743680000003;24325.445760000002;25431.147839999998;22114.0416;25431.147839999998;24325.445760000002;23219.743680000003;25431.147839999998;23219.743680000003;22114.0416;5711.348086310724;5214.709122283706;5214.709122283706;5463.028604297216;5711.348086310724;4966.389640270196;5711.348086310724;5463.028604297216;5214.709122283706;5711.348086310724;5214.709122283706;4966.389640270196;12260.80064618853;11194.644068259096;11194.644068259096;11727.722357223814;12260.80064618853;10661.565779294377;12260.80064618853;11727.722357223814;11194.644068259096;12260.80064618853;11194.644068259096;10661.565779294377;43403.296572499254;39629.09687054281;39629.09687054281;41516.19672152103;43403.296572499254;37741.99701956457;43403.296572499254;41516.19672152103;39629.09687054281;43403.296572499254;39629.09687054281;37741.99701956457
DON MARCE SUR 2;FERTILIZACIÓN;4548873.282103433;4833009.572213791;5100297.533813791;4034206.7851355565;3558524.293453785;3705516.870452011;3564779.9068552414;3580674.8113152524;3682584.4011526555;3327848.5490378016;4173650.054748912;3675802.706953291;1021589.7008686269;1085401.2624616416;1145429.0125884742;906005.4759237206;799176.3109308203;832188.0247009802;800581.2017306336;804150.8924398744;827037.8318952412;747370.9626344168;937321.7600358557;825514.7934373952;2193091.2763961;2330078.345611718;2458942.541318572;1944961.5671790373;1715626.7279462193;1786494.4172217327;1718642.6684502591;1726305.8795683933;1775438.273150957;1604413.9217453522;2012189.603480763;1772168.6999038132;7763554.259368161;8248489.180287151;8704669.087720837;6885173.828238314;6073327.332330825;6324199.312374724;6084003.777036134;6111131.583323521;6285060.506198854;5679633.433417571;7123161.41826553;6273486.200294499
LAS MARGARITAS;FERTILIZACIÓN;9450026.657653868;7915613.47026781;7145390.3778678095;6161828.125871881;5862948.314119934;5547930.3156926865;7167407.988225278;6468990.473230873;5855532.757249956;5575392.07471235;6676375.116863124;6332174.607804863;2122294.7546978183;1777694.9797870172;1604717.6445724433;1383828.4255310267;1316705.7517285692;1245958.7506969832;1609662.3776049993;1452811.1979883586;1315040.3598711216;1252126.1351111853;1499385.8117254665;1422084.9784683438;4556022.940042859;3816255.536786585;3444917.5284347273;2970724.984287325;2826629.8057245556;2674754.1254376126;3455532.60302738;3118813.3179590115;2823054.6362105682;2687993.919207526;3218797.0775853274;3052851.9991157614;16128344.352394545;13509563.986841414;12195025.55087498;10516381.535690233;10006283.871573059;9468643.191827282;12232602.968857657;11040614.989178244;9993627.753331646;9515512.129031062;11394558.006173918;10807111.585388968
LA CECILIA;FERTILIZACIÓN;3918300.712344588;2962287.143540236;4256931.568340236;2923130.0669720755;2654909.3227341394;2867838.411954172;2909950.8953531794;2794691.8653570837;2539985.6450180598;2618212.6934300913;2828971.59912638;2744904.704703148;879975.1948215332;665272.8816962983;956025.1908155994;656478.9532535039;596241.7180350964;644061.5079198427;653519.164058053;627634.1963586073;570432.0640263561;588000.3588613641;635332.7671464569;616452.9548939003;1889081.2246513017;1428170.3819356237;2052341.0760796524;1409292.0712628106;1279978.1647508482;1382634.9984543996;1402938.1623902025;1347369.7704974676;1224571.4520507867;1262286.078687146;1363896.629001616;1323366.510583358;6687357.131817423;5055730.407172158;7265297.835235489;4988901.09148839;4531129.205520084;4894534.918328415;4966408.221801435;4769695.832213159;4334989.161095203;4468499.130978601;4828200.9952744525;4684724.170180406
JOSEFINA;FERTILIZACIÓN;4617431.467196127;4343103.478270551;4495566.511486551;2755308.120558865;4212117.506395046;5075979.319459637;4900265.654657755;4004284.319744524;3682447.7804011805;3563501.9265558026;4508997.098727131;4166497.435126681;1036986.5544315724;975377.7491810595;1009618.0225053222;618789.362578385;945960.8119467895;1139967.6080192458;1100505.6887414067;899285.4640499362;827007.1494945728;800294.1918644859;1012634.2748277545;935715.4188416415;2226144.3751148256;2093886.0592476989;2167391.1510326006;1328382.1791111352;2030735.4339311803;2447218.305348436;2362503.6778962496;1930535.4238798788;1775372.4058999582;1718026.5318220677;2173866.2717685583;2008741.2006073282;7880562.3967425255;7412367.286699309;7672575.685024474;4702479.662248385;7188813.752273016;8663165.232827319;8363275.0212954115;6834105.2076743385;6284827.335795712;6081822.650242356;7695497.645323444;7110954.05457565
SAN ALFREDO;FERTILIZACIÓN;2389468.2787687927;2570843.4845923763;2995500.3171043764;1979254.4981149915;2387699.512040672;2309934.280021756;2584629.3369664312;2573049.3017412447;2091274.7158826068;2027075.8376057828;3244781.3849516376;2637015.9603776946;536628.7501888208;577362.1430031002;672731.9235165615;444502.60213386227;536231.519103093;518766.93937326415;580458.1810612362;577857.5272315749;469660.19472073234;455242.3578658452;728715.6706427372;592223.2120087421;1152004.4003006124;1239448.555584339;1444183.033132463;954233.1703679736;1151151.6469613002;1113659.6700758194;1246094.9558474927;1240512.018566599;1008240.0743045347;977288.6735571799;1564365.7907875055;1271351.46216854;4078101.4292582264;4387654.183179815;5112415.273753401;3377990.2706168275;4075082.678105065;3942360.8894708394;4411182.47387516;4391418.847539419;3569174.984907874;3459606.869028808;5537862.84638188;4500590.634554977
VICTORIA;FERTILIZACIÓN;10379579.053414963;9469531.67372462;11135299.827228619;9994614.214490315;9686129.877238655;10347642.575650612;10814380.518210622;9777252.857391821;9440017.839246936;11114554.84851668;11103775.482051222;11491103.236789428;2331054.3958299146;2126675.2072401107;2500774.7884154613;2244598.6758631193;2175319.009829017;2323882.075401812;2428702.4662005277;2195783.483614904;2120046.9660327407;2496115.864043962;2493695.02506251;2580681.4106050306;5004176.388967709;4565426.649035814;5368522.576179074;4818578.114932147;4669852.426838543;4988779.25511934;5213801.7709626695;4713784.407454347;4551197.513838608;5358521.059535125;5353324.138650676;5540061.615679198;17714809.838212587;16161633.530000545;19004597.191823155;17057791.00528558;16531301.313906215;17660303.90617176;18456884.75537382;16686820.748461073;16111262.319118284;18969191.77209577;18950794.64576441;19611846.263073657
CIRCASIA;FERTILIZACIÓN;7846938.79994767;6490396.450033612;7117653.217937611;6419489.56242925;6241878.399191608;6612287.081601679;6749070.906184749;6026126.9296784885;5818172.417875037;6849507.271901172;6842023.275504683;7079953.547451496;1762271.9658759413;1457618.5698544306;1598488.410395374;1441694.2427507814;1401806.1817144954;1484992.8680860861;1515711.891847256;1353352.5393435312;1306649.9441441034;1538267.9734185426;1536587.2113559744;1590021.787408473;3783146.278504756;3129133.5133299227;3431544.9590746965;3094948.0640993784;3009318.6195027325;3187899.116192073;3253844.9875852005;2905301.066953969;2805042.563926935;3302267.114082372;3298658.9486770406;3413369.28933437;13392357.044328365;11077148.533217965;12147686.587407682;10956131.86927941;10653003.200408835;11285179.065879839;11518627.785617204;10284780.535975989;9929864.925946075;11690042.359402087;11677269.435537698;12083344.624194339
CIENAGA;FERTILIZACIÓN;2995717.762694897;2750810.2929788195;3096134.9056268195;2482931.436506633;2061575.477858592;2083427.663750087;2203048.721074992;2225678.622834037;2170172.034477586;2264274.536833968;2602452.676987518;2446488.197043435;672780.757626021;617779.236763244;695332.5221285635;557618.7829803005;462990.3154325254;467897.8973025342;494762.49268507044;499844.7346238961;487379.01938438864;508512.6367158419;584460.9614139573;549434.3303053126;1444287.8674503455;1326213.6978594502;1492700.7263072943;1197064.6214120057;993921.5528187129;1004456.873386417;1062128.2748573367;1073038.5458311883;1046277.8499054593;1091646.3102265603;1254687.8994386608;1179494.699017202;5112786.387771264;4694803.227601513;5284168.154062677;4237614.840898939;3518487.3461098303;3555782.4344390384;3759939.488617399;3798561.9032891216;3703828.903767434;3864433.48377637;4441601.537840136;4175417.22636595
MARIA;FERTILIZACIÓN;3135759.310119936;3034511.5130025027;3243409.861802503;2645141.878883857;2362100.5866567492;2052525.5621916715;2384406.8275982533;2309195.7874221127;2047903.740184068;2022223.9190326692;2259226.020722916;2203973.1960927118;704231.4034608882;681493.0899585658;728407.6528465126;594048.137466361;530482.4913980551;460957.87793301773;535492.045324428;518601.0880981954;459919.90534741245;454152.71000441833;507378.83681774157;494970.1120444684;1511804.3439367705;1462991.0121857726;1563704.5555173175;1275269.1094370806;1138809.9578301765;989558.4303770901;1149564.1862696595;1113303.6298923453;987330.1692457438;974949.4788519014;1089212.3324137568;1062573.9804136078;5351795.057517595;5178995.615146841;5535522.070166334;4514459.125787299;4031393.035884981;3503041.870501779;4069463.059192341;3941100.505412653;3495153.814777224;3451326.1078889887;3855817.189954414;3761517.288550788
REMANSO;FERTILIZACIÓN;24768093.299010452;24118245.42782936;22979946.10982936;18382087.326893803;19666328.031056512;18822151.28094999;17844938.39771219;18967533.989782605;16967747.363116104;15519414.1443544;22269292.169172216;16935712.027606327;5562438.752464458;5416495.38337966;5160855.18686118;4128264.2819495937;4416680.114936313;4227094.206484102;4007630.933897567;4259744.374738317;3810630.650296948;3485362.785497538;5001255.94071086;3803436.128315116;11941130.46866567;11627827.45737299;11079033.470507063;8862325.428401645;9481480.307077374;9074487.948402802;8603356.545854762;9144579.492111886;8180447.423880719;7482180.677282708;10736414.790860968;8165002.628986271;42271662.52014058;41162568.26858201;39219834.7671976;31372677.037245043;33564488.45307019;32123733.435836896;30455925.877464518;32371857.856632806;28958825.43729377;26486957.607134648;38006962.90074404;28904150.784907714
PIEDECUESTA;FERTILIZACIÓN;9623443.621116789;7972708.930834342;8914070.572794342;6250710.800101349;6409524.041837004;6181731.710705656;6940827.918947738;7293986.585630261;7422074.182969246;7350211.04135334;7352522.465537038;7186754.050602759;2161240.8789010653;1790517.5252535178;2001929.2966041644;1403789.7695710387;1439456.1779445168;1388298.3889737423;1558776.8393978323;1638089.5030578175;1666855.5209562117;1650716.4375406092;1651235.5390837747;1614007.1321961973;4639630.287657029;3843782.2557617906;4297629.148582192;3013576.874280019;3090143.5125279846;2980320.850243779;3346294.393360651;3516558.3561164965;3578311.6244354527;3543665.1484405473;3544779.526419214;3464859.6776679493;16424314.787674885;13607008.71184965;15213629.017980698;10668077.443952408;10939123.732309505;10550350.949923176;11845899.151706222;12448634.444804575;12667241.32836091;12544592.627334496;12548537.531040028;12265620.860466905
NAUTICA;FERTILIZACIÓN;28135062.15336392;22431953.542049393;24097518.12006539;20481213.894332033;20815089.708155375;19070468.66740303;14484790.342715522;13968531.769533614;14225526.012665926;15883796.883862082;15834607.024168726;15380923.820369411;6318595.385423559;5037786.565539265;5411840.427564181;4599687.851946909;4674669.956661275;4282861.529250618;3253006.121664714;3137064.3469349733;3194780.3253068966;3567196.160658785;3556149.061534787;3454260.514697943;13564404.97302063;10814836.680357654;11617834.460201763;9874351.01751002;10035318.380038315;9194206.098422542;6983370.468026498;6734473.191053683;6858374.605259901;7657855.961627865;7634140.670941474;7415412.072716017;48018062.511808105;38284576.78794631;41127193.007831335;34955252.76378896;35525078.04485496;32547536.29507619;24721166.93240673;23840069.307522267;24278680.943232723;27108849.006148733;27024896.756644987;26250596.40778337
LAS LINAS;FERTILIZACIÓN;14284627.1738243;14993099.304383624;20546786.63098431;18645294.439957235;13320658.724811481;12314435.974893887;17495890.068780355;16135192.145623809;9608976.83636361;8249868.843416181;12118438.766887194;9633545.487233933;3208053.312660998;3367162.566106103;4614414.231045067;4187375.5517576262;2991564.4859996345;2765586.1537080402;3929241.373268328;3623654.715192139;2157991.916489499;1852762.3262465955;2721568.939624192;2163509.564297387;6886868.307529261;7228435.098411807;9905964.779380966;8989222.175738141;6422122.278096337;5937004.7120305775;8435074.248734567;7779058.009103239;4632655.597998268;3977405.891496235;5842511.034053532;4644500.57378788;24379548.79401456;25588696.968901534;35067165.64141034;31821892.167453002;22734345.488907453;21017026.840632506;29860205.69078325;27537904.86991919;16399624.350851376;14080037.061159013;20682518.74056492;16441555.625319201
DON ALI;FERTILIZACIÓN;8732247.659631735;9229607.132449348;10884323.312871825;11696963.138432726;9103987.582796905;8198827.155081113;9964567.92796556;9558528.155592501;6147817.503386158;5279484.579981127;7428824.552783613;6222731.890220297;1961095.3573076713;2072792.7565425376;2444410.276518518;2626913.596532922;2044581.014822322;1841299.341924038;2237850.8561373428;2146662.110293108;1380681.9084164512;1185670.9867084862;1668371.5245579265;1397506.242991288;4209969.145769044;4449754.836296105;5247522.414142978;5639310.270555976;4389191.456882689;3952797.801870928;4804092.275301313;4608333.407679165;2963970.2184266867;2545331.746605701;3581566.095649364;3000087.7530454006;14903312.16270845;15752154.725287989;18576256.003533322;19963187.005521625;15537760.054501917;13992924.29887608;17006511.059404217;16313523.673564775;10492469.630229294;9010487.313295314;12678762.172990903;10620325.886256985
DR4 DON ALI;FERTILIZACIÓN;808880.9475495048;846732.3499346358;997487.8483928547;1195160.0199124718;928643.7668384754;856670.5664872563;1103538.7481781347;956822.0100462844;631323.4354835335;529680.8789767553;819592.5527934345;657570.1237960658;181659.1481008067;190159.84716231216;224016.64092707867;268410.0196934793;208555.58050176117;192391.7800049137;247833.6391746965;214883.87352388684;141783.13608875594;118956.16719828224;184064.7692114279;147677.63892476223;389975.63565752766;408224.4579970684;480906.31744525774;576207.5245928629;447715.38304785115;413015.8458139674;532035.3089008096;461300.6063615764;304372.0572280104;255368.4050791123;395139.8876733143;317026.04418319004;1380515.7313078393;1445116.6550940163;1702410.806765191;2039777.5641988139;1584914.7303880877;1462078.1923061372;1883407.6962536408;1633006.4899317476;1077478.6288003;904005.4512541498;1398797.2096781768;1122273.8069040182
DON CARLOS;FERTILIZACIÓN;2864111.599446531;2723551.317888008;3306892.0497744996;3656245.1251432947;2682986.1299885386;2552182.6999414507;3209731.8536055754;2786629.4688174897;1836182.181672256;1536262.4320397384;2434452.047797216;1914282.8267071624;643224.5373034367;611657.3937304721;742664.534803622;821122.535638174;602547.2304874249;573171.2886470304;720844.2180823239;625823.5367164552;412371.3037017086;345015.07979520364;546731.242013882;429911.2107623781;1380838.2370384622;1313071.6697641956;1594310.4273484065;1762739.648049664;1293514.4840193868;1230451.865307285;1547467.7994235258;1343482.748278714;885255.5071917298;740658.9564094167;1173691.8611986293;922909.1925517581;4888174.373788429;4648280.381382676;5643867.011926528;6240107.308831133;4579047.8444953505;4355805.853895767;5478043.871111426;4755935.753812659;3133808.9925656943;2621936.468244359;4154875.1510097273;3267103.230021299
EVA NORTE;FERTILIZACIÓN;20664237.511818025;20442478.972846236;27641307.108973563;25205154.99786226;18641282.274435382;17533630.193263516;22546851.54261099;20681950.27509765;13973735.988495257;12027320.828452922;16651979.222241178;13298821.376465915;4640791.446407327;4590988.731439524;6207707.471687726;5660594.428057315;4186474.496326728;3937717.081447139;5063590.452951545;4644769.393344557;3138233.1147072474;2701105.598111678;3739715.1816578447;2986660.2363578863;9962589.90085332;9855676.235177303;13326357.040406348;12151845.548984537;8987287.840649042;8453269.422053585;10870231.013652971;9971129.533465696;6736982.235930826;5798581.484138482;8028210.086815045;6411594.11096873;35267618.859078676;34889143.939463064;47175371.621067636;43017594.97490411;31815044.61141115;29924616.69676424;38480673.00921551;35297849.2019079;23848951.33913333;20527007.91070308;28419904.490714066;22697075.72379253
DON PEDRO;FERTILIZACIÓN;10360857.685582977;10867144.595618945;12779762.559963226;13653456.902156573;10262657.51513827;9476101.446241295;12025219.34504676;11410008.291710872;7488265.637468958;7382168.490109533;10977899.87463536;8992037.359668192;2326849.9356532423;2440552.2660769606;2870089.580681366;3066304.574227897;2304796.06065423;2128150.652152259;2700633.6452409034;2562469.0411792435;1681720.8522171327;1657893.4676512978;2465425.777679306;2019439.141688992;4995150.4904807;5239240.254449679;6161346.787771776;6582570.093252566;4947806.472789506;4568594.051137542;5797568.322276253;5500964.325958839;3610223.680989414;3559072.392770439;5292637.309316284;4335218.298584323;17682858.11171692;18546937.11614558;21811198.928416368;23302331.569637038;17515260.048582006;16172846.149531096;20523421.31256392;19473441.658848956;12780210.170675505;12599134.35053127;18735962.961630948;15346694.799941506
LA VELA;FERTILIZACIÓN;7243801.413204723;7633367.028338166;10144843.668684466;7393872.771493365;7208133.361672072;6633990.355797847;8250047.096440321;7799855.08651982;5229809.397356852;4533536.4614396915;6294878.447353124;5307331.758463312;1626818.8757822784;1714307.8418518826;2278337.3301746533;1660522.0247853983;1618808.5154499372;1489867.007245153;1852802.3584572806;1751697.8668115023;1174514.8933617265;1018145.3450770974;1413708.9760966485;1191924.928942396;3492363.207774182;3680179.596393822;4891006.359250835;3564715.231294949;3475167.017022935;3198362.6438300293;3977491.8303931854;3760446.3977265414;2521382.473255904;2185697.12722566;3034870.868612175;2558757.357831627;12362983.496761184;13027854.46658387;17314187.358109955;12619110.027573712;12302108.894144945;11322220.00687303;14080341.285290787;13311999.351057863;8925706.763974482;7737378.933742449;10743458.292061947;9058014.045237336
ESPERANZA;FERTILIZACIÓN;6932106.395416046;7298791.730653785;8480806.787112022;9124388.958045475;7255888.294330152;6495108.88689084;8032863.224869812;7343036.577270813;4712195.818335696;3915376.457732591;5391870.287815584;4560684.367590601;1556818.1524739927;1639168.6464770301;1904626.559472797;2049162.7724455763;1629533.3574808436;1458676.8927974498;1804027.0260548333;1649105.1904995458;1058268.8103067933;879318.4633170335;1210910.6613550005;1024242.2441560472;3342089.594504308;3518875.000476402;4088745.1085504433;4399027.316294326;3498190.504317989;3131405.46146328;3872783.691789033;3540206.21397119;2271831.924296548;1887671.390417237;2599514.8596884594;2198785.6070446554;11831014.142394345;12456835.377607219;14474178.455135264;15572579.046785377;12383612.156128986;11085191.24115157;13709673.942713678;12532347.98174155;8042296.552939037;6682366.3114668615;9202295.808859043;7783712.218791304
LINA MARGARITA;FERTILIZACIÓN;4966714.439348544;4509796.673739091;6441031.158536322;3557490.077490884;2256385.5446421807;3458791.900039415;6063632.165761821;5280657.658397866;2642923.731781934;2435347.386915084;3414745.798793582;2785808.278724235;1115428.8114281653;1012813.8440411909;1446532.0721116997;798944.0458597465;506740.92036465864;776778.3280377936;1361775.49609243;1185934.4376235881;593549.9841668942;546932.3180089417;766886.4184141093;625639.1131702939;2394539.7978307903;2174251.7608500966;3105333.6439061267;1715128.1143631432;1087842.8892731927;1667543.9987939969;2923382.996472019;2545897.308203647;1274199.7019690536;1174123.519828589;1646308.603914668;1343086.838188876;8476683.048607498;7696862.278630378;10992896.87455415;6071562.237713774;3850969.354280032;5903114.2268712055;10348790.65832627;9012489.404225102;4510673.417917881;4156403.2247526143;5827940.8211223595;4754534.230083404
DON MARCE;FERTILIZACIÓN;21371350.850167446;21885917.185024977;44956194.68850205;11002201.49319521;10231411.394492542;8118401.9434777275;8004106.761088894;6995473.46679862;6159809.92795339;5371442.051917188;4167850.249474215;3134899.5751908566;4799595.541181004;4915157.271636835;10096299.157135826;2470883.455151408;2297778.781195301;1823237.3817926256;1797568.8757811016;1571049.181452824;1383375.1769835334;1206322.8713449286;936019.2349998243;704038.3234838134;10303501.594273886;10551583.013587754;21674166.82702763;5304353.544164063;4932742.172168303;3914023.4023589375;3858919.698235717;3372639.9666165938;2969751.9758136673;2589666.050288295;2009393.4160374291;1511389.8507082176;36474447.98562234;37352657.47024956;76726660.6726655;18777438.492510684;17461932.34785615;13855662.72762929;13660595.335105712;11939162.614868037;10512937.080750592;9167430.973550411;7113262.900511468;5350327.749382888
ENANO;TRINCHEO;2184101.8718302594;2184101.8718302594;2184101.8718302594;2184101.8718302594;2184101.8718302594;2184101.8718302594;2184101.8718302594;2184101.8718302594;2184101.8718302594;2184101.8718302594;2184101.8718302594;2184101.8718302594;490507.3937073783;490507.3937073783;490507.3937073783;490507.3937073783;490507.3937073783;490507.3937073783;490507.3937073783;490507.3937073783;490507.3937073783;490507.3937073783;490507.3937073783;490507.3937073783;1052993.667842168;1052993.667842168;1052993.667842168;1052993.667842168;1052993.667842168;1052993.667842168;1052993.667842168;1052993.667842168;1052993.667842168;1052993.667842168;1052993.667842168;1052993.667842168;3727602.9333798056;3727602.9333798056;3727602.9333798056;3727602.9333798056;3727602.9333798056;3727602.9333798056;3727602.9333798056;3727602.9333798056;3727602.9333798056;3727602.9333798056;3727602.9333798056;3727602.9333798056
EVA;TRINCHEO;2184101.8718302594;2184101.8718302594;2184101.8718302594;2184101.8718302594;2184101.8718302594;2184101.8718302594;2184101.8718302594;2184101.8718302594;2184101.8718302594;2184101.8718302594;2184101.8718302594;2184101.8718302594;490507.3937073783;490507.3937073783;490507.3937073783;490507.3937073783;490507.3937073783;490507.3937073783;490507.3937073783;490507.3937073783;490507.3937073783;490507.3937073783;490507.3937073783;490507.3937073783;1052993.667842168;1052993.667842168;1052993.667842168;1052993.667842168;1052993.667842168;1052993.667842168;1052993.667842168;1052993.667842168;1052993.667842168;1052993.667842168;1052993.667842168;1052993.667842168;3727602.9333798056;3727602.9333798056;3727602.9333798056;3727602.9333798056;3727602.9333798056;3727602.9333798056;3727602.9333798056;3727602.9333798056;3727602.9333798056;3727602.9333798056;3727602.9333798056;3727602.9333798056
SAMI;TRINCHEO;2184101.8718302594;2184101.8718302594;2184101.8718302594;2184101.8718302594;2184101.8718302594;2184101.8718302594;2184101.8718302594;2184101.8718302594;2184101.8718302594;2184101.8718302594;2184101.8718302594;2184101.8718302594;490507.3937073783;490507.3937073783;490507.3937073783;490507.3937073783;490507.3937073783;490507.3937073783;490507.3937073783;490507.3937073783;490507.3937073783;490507.3937073783;490507.3937073783;490507.3937073783;1052993.667842168;1052993.667842168;1052993.667842168;1052993.667842168;1052993.667842168;1052993.667842168;1052993.667842168;1052993.667842168;1052993.667842168;1052993.667842168;1052993.667842168;1052993.667842168;3727602.9333798056;3727602.9333798056;3727602.9333798056;3727602.9333798056;3727602.9333798056;3727602.9333798056;3727602.9333798056;3727602.9333798056;3727602.9333798056;3727602.9333798056;3727602.9333798056;3727602.9333798056
VEGA;TRINCHEO;2184101.8718302594;2184101.8718302594;2184101.8718302594;2184101.8718302594;2184101.8718302594;2184101.8718302594;2184101.8718302594;2184101.8718302594;2184101.8718302594;2184101.8718302594;2184101.8718302594;2184101.8718302594;490507.3937073783;490507.3937073783;490507.3937073783;490507.3937073783;490507.3937073783;490507.3937073783;490507.3937073783;490507.3937073783;490507.3937073783;490507.3937073783;490507.3937073783;490507.3937073783;1052993.667842168;1052993.667842168;1052993.667842168;1052993.667842168;1052993.667842168;1052993.667842168;1052993.667842168;1052993.667842168;1052993.667842168;1052993.667842168;1052993.667842168;1052993.667842168;3727602.9333798056;3727602.9333798056;3727602.9333798056;3727602.9333798056;3727602.9333798056;3727602.9333798056;3727602.9333798056;3727602.9333798056;3727602.9333798056;3727602.9333798056;3727602.9333798056;3727602.9333798056
FEDERICA;TRINCHEO;2184101.8718302594;2184101.8718302594;2184101.8718302594;2184101.8718302594;2184101.8718302594;2184101.8718302594;2184101.8718302594;2184101.8718302594;2184101.8718302594;2184101.8718302594;2184101.8718302594;2184101.8718302594;490507.3937073783;490507.3937073783;490507.3937073783;490507.3937073783;490507.3937073783;490507.3937073783;490507.3937073783;490507.3937073783;490507.3937073783;490507.3937073783;490507.3937073783;490507.3937073783;1052993.667842168;1052993.667842168;1052993.667842168;1052993.667842168;1052993.667842168;1052993.667842168;1052993.667842168;1052993.667842168;1052993.667842168;1052993.667842168;1052993.667842168;1052993.667842168;3727602.9333798056;3727602.9333798056;3727602.9333798056;3727602.9333798056;3727602.9333798056;3727602.9333798056;3727602.9333798056;3727602.9333798056;3727602.9333798056;3727602.9333798056;3727602.9333798056;3727602.9333798056
NEERLANDIA;TRINCHEO;2184101.8718302594;2184101.8718302594;2184101.8718302594;2184101.8718302594;2184101.8718302594;2184101.8718302594;2184101.8718302594;2184101.8718302594;2184101.8718302594;2184101.8718302594;2184101.8718302594;2184101.8718302594;490507.3937073783;490507.3937073783;490507.3937073783;490507.3937073783;490507.3937073783;490507.3937073783;490507.3937073783;490507.3937073783;490507.3937073783;490507.3937073783;490507.3937073783;490507.3937073783;1052993.667842168;1052993.667842168;1052993.667842168;1052993.667842168;1052993.667842168;1052993.667842168;1052993.667842168;1052993.667842168;1052993.667842168;1052993.667842168;1052993.667842168;1052993.667842168;3727602.9333798056;3727602.9333798056;3727602.9333798056;3727602.9333798056;3727602.9333798056;3727602.9333798056;3727602.9333798056;3727602.9333798056;3727602.9333798056;3727602.9333798056;3727602.9333798056;3727602.9333798056
SAN ANTONIO;TRINCHEO;2184101.8718302594;2184101.8718302594;2184101.8718302594;2184101.8718302594;2184101.8718302594;2184101.8718302594;2184101.8718302594;2184101.8718302594;2184101.8718302594;2184101.8718302594;2184101.8718302594;2184101.8718302594;490507.3937073783;490507.3937073783;490507.3937073783;490507.3937073783;490507.3937073783;490507.3937073783;490507.3937073783;490507.3937073783;490507.3937073783;490507.3937073783;490507.3937073783;490507.3937073783;1052993.667842168;1052993.667842168;1052993.667842168;1052993.667842168;1052993.667842168;1052993.667842168;1052993.667842168;1052993.667842168;1052993.667842168;1052993.667842168;1052993.667842168;1052993.667842168;3727602.9333798056;3727602.9333798056;3727602.9333798056;3727602.9333798056;3727602.9333798056;3727602.9333798056;3727602.9333798056;3727602.9333798056;3727602.9333798056;3727602.9333798056;3727602.9333798056;3727602.9333798056
MRS;TRINCHEO;2184101.8718302594;2184101.8718302594;2184101.8718302594;2184101.8718302594;2184101.8718302594;2184101.8718302594;2184101.8718302594;2184101.8718302594;2184101.8718302594;2184101.8718302594;2184101.8718302594;2184101.8718302594;490507.3937073783;490507.3937073783;490507.3937073783;490507.3937073783;490507.3937073783;490507.3937073783;490507.3937073783;490507.3937073783;490507.3937073783;490507.3937073783;490507.3937073783;490507.3937073783;1052993.667842168;1052993.667842168;1052993.667842168;1052993.667842168;1052993.667842168;1052993.667842168;1052993.667842168;1052993.667842168;1052993.667842168;1052993.667842168;1052993.667842168;1052993.667842168;3727602.9333798056;3727602.9333798056;3727602.9333798056;3727602.9333798056;3727602.9333798056;3727602.9333798056;3727602.9333798056;3727602.9333798056;3727602.9333798056;3727602.9333798056;3727602.9333798056;3727602.9333798056
DON FUAD;TRINCHEO;2184101.8718302594;2184101.8718302594;2184101.8718302594;2184101.8718302594;2184101.8718302594;2184101.8718302594;2184101.8718302594;2184101.8718302594;2184101.8718302594;2184101.8718302594;2184101.8718302594;2184101.8718302594;490507.3937073783;490507.3937073783;490507.3937073783;490507.3937073783;490507.3937073783;490507.3937073783;490507.3937073783;490507.3937073783;490507.3937073783;490507.3937073783;490507.3937073783;490507.3937073783;1052993.667842168;1052993.667842168;1052993.667842168;1052993.667842168;1052993.667842168;1052993.667842168;1052993.667842168;1052993.667842168;1052993.667842168;1052993.667842168;1052993.667842168;1052993.667842168;3727602.9333798056;3727602.9333798056;3727602.9333798056;3727602.9333798056;3727602.9333798056;3727602.9333798056;3727602.9333798056;3727602.9333798056;3727602.9333798056;3727602.9333798056;3727602.9333798056;3727602.9333798056
EUFEMIA;TRINCHEO;2184101.8718302594;2184101.8718302594;2184101.8718302594;2184101.8718302594;2184101.8718302594;2184101.8718302594;2184101.8718302594;2184101.8718302594;2184101.8718302594;2184101.8718302594;2184101.8718302594;2184101.8718302594;490507.3937073783;490507.3937073783;490507.3937073783;490507.3937073783;490507.3937073783;490507.3937073783;490507.3937073783;490507.3937073783;490507.3937073783;490507.3937073783;490507.3937073783;490507.3937073783;1052993.667842168;1052993.667842168;1052993.667842168;1052993.667842168;1052993.667842168;1052993.667842168;1052993.667842168;1052993.667842168;1052993.667842168;1052993.667842168;1052993.667842168;1052993.667842168;3727602.9333798056;3727602.9333798056;3727602.9333798056;3727602.9333798056;3727602.9333798056;3727602.9333798056;3727602.9333798056;3727602.9333798056;3727602.9333798056;3727602.9333798056;3727602.9333798056;3727602.9333798056
OLGA;TRINCHEO;2184101.8718302594;2184101.8718302594;2184101.8718302594;2184101.8718302594;2184101.8718302594;2184101.8718302594;2184101.8718302594;2184101.8718302594;2184101.8718302594;2184101.8718302594;2184101.8718302594;2184101.8718302594;490507.3937073783;490507.3937073783;490507.3937073783;490507.3937073783;490507.3937073783;490507.3937073783;490507.3937073783;490507.3937073783;490507.3937073783;490507.3937073783;490507.3937073783;490507.3937073783;1052993.667842168;1052993.667842168;1052993.667842168;1052993.667842168;1052993.667842168;1052993.667842168;1052993.667842168;1052993.667842168;1052993.667842168;1052993.667842168;1052993.667842168;1052993.667842168;3727602.9333798056;3727602.9333798056;3727602.9333798056;3727602.9333798056;3727602.9333798056;3727602.9333798056;3727602.9333798056;3727602.9333798056;3727602.9333798056;3727602.9333798056;3727602.9333798056;3727602.9333798056
DON SAID;TRINCHEO;2184101.8718302594;2184101.8718302594;2184101.8718302594;2184101.8718302594;2184101.8718302594;2184101.8718302594;2184101.8718302594;2184101.8718302594;2184101.8718302594;2184101.8718302594;2184101.8718302594;2184101.8718302594;490507.3937073783;490507.3937073783;490507.3937073783;490507.3937073783;490507.3937073783;490507.3937073783;490507.3937073783;490507.3937073783;490507.3937073783;490507.3937073783;490507.3937073783;490507.3937073783;1052993.667842168;1052993.667842168;1052993.667842168;1052993.667842168;1052993.667842168;1052993.667842168;1052993.667842168;1052993.667842168;1052993.667842168;1052993.667842168;1052993.667842168;1052993.667842168;3727602.9333798056;3727602.9333798056;3727602.9333798056;3727602.9333798056;3727602.9333798056;3727602.9333798056;3727602.9333798056;3727602.9333798056;3727602.9333798056;3727602.9333798056;3727602.9333798056;3727602.9333798056
ASUNTINA;TRINCHEO;2184101.8718302594;2184101.8718302594;2184101.8718302594;2184101.8718302594;2184101.8718302594;2184101.8718302594;2184101.8718302594;2184101.8718302594;2184101.8718302594;2184101.8718302594;2184101.8718302594;2184101.8718302594;490507.3937073783;490507.3937073783;490507.3937073783;490507.3937073783;490507.3937073783;490507.3937073783;490507.3937073783;490507.3937073783;490507.3937073783;490507.3937073783;490507.3937073783;490507.3937073783;1052993.667842168;1052993.667842168;1052993.667842168;1052993.667842168;1052993.667842168;1052993.667842168;1052993.667842168;1052993.667842168;1052993.667842168;1052993.667842168;1052993.667842168;1052993.667842168;3727602.9333798056;3727602.9333798056;3727602.9333798056;3727602.9333798056;3727602.9333798056;3727602.9333798056;3727602.9333798056;3727602.9333798056;3727602.9333798056;3727602.9333798056;3727602.9333798056;3727602.9333798056
PORLAMAR;TRINCHEO;2184101.8718302594;2184101.8718302594;2184101.8718302594;2184101.8718302594;2184101.8718302594;2184101.8718302594;2184101.8718302594;2184101.8718302594;2184101.8718302594;2184101.8718302594;2184101.8718302594;2184101.8718302594;490507.3937073783;490507.3937073783;490507.3937073783;490507.3937073783;490507.3937073783;490507.3937073783;490507.3937073783;490507.3937073783;490507.3937073783;490507.3937073783;490507.3937073783;490507.3937073783;1052993.667842168;1052993.667842168;1052993.667842168;1052993.667842168;1052993.667842168;1052993.667842168;1052993.667842168;1052993.667842168;1052993.667842168;1052993.667842168;1052993.667842168;1052993.667842168;3727602.9333798056;3727602.9333798056;3727602.9333798056;3727602.9333798056;3727602.9333798056;3727602.9333798056;3727602.9333798056;3727602.9333798056;3727602.9333798056;3727602.9333798056;3727602.9333798056;3727602.9333798056
EL MORRO;TRINCHEO;2184101.8718302594;2184101.8718302594;2184101.8718302594;2184101.8718302594;2184101.8718302594;2184101.8718302594;2184101.8718302594;2184101.8718302594;2184101.8718302594;2184101.8718302594;2184101.8718302594;2184101.8718302594;490507.3937073783;490507.3937073783;490507.3937073783;490507.3937073783;490507.3937073783;490507.3937073783;490507.3937073783;490507.3937073783;490507.3937073783;490507.3937073783;490507.3937073783;490507.3937073783;1052993.667842168;1052993.667842168;1052993.667842168;1052993.667842168;1052993.667842168;1052993.667842168;1052993.667842168;1052993.667842168;1052993.667842168;1052993.667842168;1052993.667842168;1052993.667842168;3727602.9333798056;3727602.9333798056;3727602.9333798056;3727602.9333798056;3727602.9333798056;3727602.9333798056;3727602.9333798056;3727602.9333798056;3727602.9333798056;3727602.9333798056;3727602.9333798056;3727602.9333798056
LA PERLA;TRINCHEO;2184101.8718302594;2184101.8718302594;2184101.8718302594;2184101.8718302594;2184101.8718302594;2184101.8718302594;2184101.8718302594;2184101.8718302594;2184101.8718302594;2184101.8718302594;2184101.8718302594;2184101.8718302594;490507.3937073783;490507.3937073783;490507.3937073783;490507.3937073783;490507.3937073783;490507.3937073783;490507.3937073783;490507.3937073783;490507.3937073783;490507.3937073783;490507.3937073783;490507.3937073783;1052993.667842168;1052993.667842168;1052993.667842168;1052993.667842168;1052993.667842168;1052993.667842168;1052993.667842168;1052993.667842168;1052993.667842168;1052993.667842168;1052993.667842168;1052993.667842168;3727602.9333798056;3727602.9333798056;3727602.9333798056;3727602.9333798056;3727602.9333798056;3727602.9333798056;3727602.9333798056;3727602.9333798056;3727602.9333798056;3727602.9333798056;3727602.9333798056;3727602.9333798056
ARACATACA;TRINCHEO;2184101.8718302594;2184101.8718302594;2184101.8718302594;2184101.8718302594;2184101.8718302594;2184101.8718302594;2184101.8718302594;2184101.8718302594;2184101.8718302594;2184101.8718302594;2184101.8718302594;2184101.8718302594;490507.3937073783;490507.3937073783;490507.3937073783;490507.3937073783;490507.3937073783;490507.3937073783;490507.3937073783;490507.3937073783;490507.3937073783;490507.3937073783;490507.3937073783;490507.3937073783;1052993.667842168;1052993.667842168;1052993.667842168;1052993.667842168;1052993.667842168;1052993.667842168;1052993.667842168;1052993.667842168;1052993.667842168;1052993.667842168;1052993.667842168;1052993.667842168;3727602.9333798056;3727602.9333798056;3727602.9333798056;3727602.9333798056;3727602.9333798056;3727602.9333798056;3727602.9333798056;3727602.9333798056;3727602.9333798056;3727602.9333798056;3727602.9333798056;3727602.9333798056
BOCATOMA;TRINCHEO;2184101.8718302594;2184101.8718302594;2184101.8718302594;2184101.8718302594;2184101.8718302594;2184101.8718302594;2184101.8718302594;2184101.8718302594;2184101.8718302594;2184101.8718302594;2184101.8718302594;2184101.8718302594;490507.3937073783;490507.3937073783;490507.3937073783;490507.3937073783;490507.3937073783;490507.3937073783;490507.3937073783;490507.3937073783;490507.3937073783;490507.3937073783;490507.3937073783;490507.3937073783;1052993.667842168;1052993.667842168;1052993.667842168;1052993.667842168;1052993.667842168;1052993.667842168;1052993.667842168;1052993.667842168;1052993.667842168;1052993.667842168;1052993.667842168;1052993.667842168;3727602.9333798056;3727602.9333798056;3727602.9333798056;3727602.9333798056;3727602.9333798056;3727602.9333798056;3727602.9333798056;3727602.9333798056;3727602.9333798056;3727602.9333798056;3727602.9333798056;3727602.9333798056
JOYA;TRINCHEO;2184101.8718302594;2184101.8718302594;2184101.8718302594;2184101.8718302594;2184101.8718302594;2184101.8718302594;2184101.8718302594;2184101.8718302594;2184101.8718302594;2184101.8718302594;2184101.8718302594;2184101.8718302594;490507.3937073783;490507.3937073783;490507.3937073783;490507.3937073783;490507.3937073783;490507.3937073783;490507.3937073783;490507.3937073783;490507.3937073783;490507.3937073783;490507.3937073783;490507.3937073783;1052993.667842168;1052993.667842168;1052993.667842168;1052993.667842168;1052993.667842168;1052993.667842168;1052993.667842168;1052993.667842168;1052993.667842168;1052993.667842168;1052993.667842168;1052993.667842168;3727602.9333798056;3727602.9333798056;3727602.9333798056;3727602.9333798056;3727602.9333798056;3727602.9333798056;3727602.9333798056;3727602.9333798056;3727602.9333798056;3727602.9333798056;3727602.9333798056;3727602.9333798056
ESMERALDA;TRINCHEO;2184101.8718302594;2184101.8718302594;2184101.8718302594;2184101.8718302594;2184101.8718302594;2184101.8718302594;2184101.8718302594;2184101.8718302594;2184101.8718302594;2184101.8718302594;2184101.8718302594;2184101.8718302594;490507.3937073783;490507.3937073783;490507.3937073783;490507.3937073783;490507.3937073783;490507.3937073783;490507.3937073783;490507.3937073783;490507.3937073783;490507.3937073783;490507.3937073783;490507.3937073783;1052993.667842168;1052993.667842168;1052993.667842168;1052993.667842168;1052993.667842168;1052993.667842168;1052993.667842168;1052993.667842168;1052993.667842168;1052993.667842168;1052993.667842168;1052993.667842168;3727602.9333798056;3727602.9333798056;3727602.9333798056;3727602.9333798056;3727602.9333798056;3727602.9333798056;3727602.9333798056;3727602.9333798056;3727602.9333798056;3727602.9333798056;3727602.9333798056;3727602.9333798056
NARANJOS;TRINCHEO;2184101.8718302594;2184101.8718302594;2184101.8718302594;2184101.8718302594;2184101.8718302594;2184101.8718302594;2184101.8718302594;2184101.8718302594;2184101.8718302594;2184101.8718302594;2184101.8718302594;2184101.8718302594;490507.3937073783;490507.3937073783;490507.3937073783;490507.3937073783;490507.3937073783;490507.3937073783;490507.3937073783;490507.3937073783;490507.3937073783;490507.3937073783;490507.3937073783;490507.3937073783;1052993.667842168;1052993.667842168;1052993.667842168;1052993.667842168;1052993.667842168;1052993.667842168;1052993.667842168;1052993.667842168;1052993.667842168;1052993.667842168;1052993.667842168;1052993.667842168;3727602.9333798056;3727602.9333798056;3727602.9333798056;3727602.9333798056;3727602.9333798056;3727602.9333798056;3727602.9333798056;3727602.9333798056;3727602.9333798056;3727602.9333798056;3727602.9333798056;3727602.9333798056
YUNQUE;TRINCHEO;2184101.8718302594;2184101.8718302594;2184101.8718302594;2184101.8718302594;2184101.8718302594;2184101.8718302594;2184101.8718302594;2184101.8718302594;2184101.8718302594;2184101.8718302594;2184101.8718302594;2184101.8718302594;490507.3937073783;490507.3937073783;490507.3937073783;490507.3937073783;490507.3937073783;490507.3937073783;490507.3937073783;490507.3937073783;490507.3937073783;490507.3937073783;490507.3937073783;490507.3937073783;1052993.667842168;1052993.667842168;1052993.667842168;1052993.667842168;1052993.667842168;1052993.667842168;1052993.667842168;1052993.667842168;1052993.667842168;1052993.667842168;1052993.667842168;1052993.667842168;3727602.9333798056;3727602.9333798056;3727602.9333798056;3727602.9333798056;3727602.9333798056;3727602.9333798056;3727602.9333798056;3727602.9333798056;3727602.9333798056;3727602.9333798056;3727602.9333798056;3727602.9333798056
DONAMA;TRINCHEO;2184101.8718302594;2184101.8718302594;2184101.8718302594;2184101.8718302594;2184101.8718302594;2184101.8718302594;2184101.8718302594;2184101.8718302594;2184101.8718302594;2184101.8718302594;2184101.8718302594;2184101.8718302594;490507.3937073783;490507.3937073783;490507.3937073783;490507.3937073783;490507.3937073783;490507.3937073783;490507.3937073783;490507.3937073783;490507.3937073783;490507.3937073783;490507.3937073783;490507.3937073783;1052993.667842168;1052993.667842168;1052993.667842168;1052993.667842168;1052993.667842168;1052993.667842168;1052993.667842168;1052993.667842168;1052993.667842168;1052993.667842168;1052993.667842168;1052993.667842168;3727602.9333798056;3727602.9333798056;3727602.9333798056;3727602.9333798056;3727602.9333798056;3727602.9333798056;3727602.9333798056;3727602.9333798056;3727602.9333798056;3727602.9333798056;3727602.9333798056;3727602.9333798056
BURDEOS;TRINCHEO;2184101.8718302594;2184101.8718302594;2184101.8718302594;2184101.8718302594;2184101.8718302594;2184101.8718302594;2184101.8718302594;2184101.8718302594;2184101.8718302594;2184101.8718302594;2184101.8718302594;2184101.8718302594;490507.3937073783;490507.3937073783;490507.3937073783;490507.3937073783;490507.3937073783;490507.3937073783;490507.3937073783;490507.3937073783;490507.3937073783;490507.3937073783;490507.3937073783;490507.3937073783;1052993.667842168;1052993.667842168;1052993.667842168;1052993.667842168;1052993.667842168;1052993.667842168;1052993.667842168;1052993.667842168;1052993.667842168;1052993.667842168;1052993.667842168;1052993.667842168;3727602.9333798056;3727602.9333798056;3727602.9333798056;3727602.9333798056;3727602.9333798056;3727602.9333798056;3727602.9333798056;3727602.9333798056;3727602.9333798056;3727602.9333798056;3727602.9333798056;3727602.9333798056
DON MARCE SUR 2;TRINCHEO;2184101.8718302594;2184101.8718302594;2184101.8718302594;2184101.8718302594;2184101.8718302594;2184101.8718302594;2184101.8718302594;2184101.8718302594;2184101.8718302594;2184101.8718302594;2184101.8718302594;2184101.8718302594;490507.3937073783;490507.3937073783;490507.3937073783;490507.3937073783;490507.3937073783;490507.3937073783;490507.3937073783;490507.3937073783;490507.3937073783;490507.3937073783;490507.3937073783;490507.3937073783;1052993.667842168;1052993.667842168;1052993.667842168;1052993.667842168;1052993.667842168;1052993.667842168;1052993.667842168;1052993.667842168;1052993.667842168;1052993.667842168;1052993.667842168;1052993.667842168;3727602.9333798056;3727602.9333798056;3727602.9333798056;3727602.9333798056;3727602.9333798056;3727602.9333798056;3727602.9333798056;3727602.9333798056;3727602.9333798056;3727602.9333798056;3727602.9333798056;3727602.9333798056
LAS MARGARITAS;TRINCHEO;2184101.8718302594;2184101.8718302594;2184101.8718302594;2184101.8718302594;2184101.8718302594;2184101.8718302594;2184101.8718302594;2184101.8718302594;2184101.8718302594;2184101.8718302594;2184101.8718302594;2184101.8718302594;490507.3937073783;490507.3937073783;490507.3937073783;490507.3937073783;490507.3937073783;490507.3937073783;490507.3937073783;490507.3937073783;490507.3937073783;490507.3937073783;490507.3937073783;490507.3937073783;1052993.667842168;1052993.667842168;1052993.667842168;1052993.667842168;1052993.667842168;1052993.667842168;1052993.667842168;1052993.667842168;1052993.667842168;1052993.667842168;1052993.667842168;1052993.667842168;3727602.9333798056;3727602.9333798056;3727602.9333798056;3727602.9333798056;3727602.9333798056;3727602.9333798056;3727602.9333798056;3727602.9333798056;3727602.9333798056;3727602.9333798056;3727602.9333798056;3727602.9333798056
LA CECILIA;TRINCHEO;2184101.8718302594;2184101.8718302594;2184101.8718302594;2184101.8718302594;2184101.8718302594;2184101.8718302594;2184101.8718302594;2184101.8718302594;2184101.8718302594;2184101.8718302594;2184101.8718302594;2184101.8718302594;490507.3937073783;490507.3937073783;490507.3937073783;490507.3937073783;490507.3937073783;490507.3937073783;490507.3937073783;490507.3937073783;490507.3937073783;490507.3937073783;490507.3937073783;490507.3937073783;1052993.667842168;1052993.667842168;1052993.667842168;1052993.667842168;1052993.667842168;1052993.667842168;1052993.667842168;1052993.667842168;1052993.667842168;1052993.667842168;1052993.667842168;1052993.667842168;3727602.9333798056;3727602.9333798056;3727602.9333798056;3727602.9333798056;3727602.9333798056;3727602.9333798056;3727602.9333798056;3727602.9333798056;3727602.9333798056;3727602.9333798056;3727602.9333798056;3727602.9333798056
JOSEFINA;TRINCHEO;2184101.8718302594;2184101.8718302594;2184101.8718302594;2184101.8718302594;2184101.8718302594;2184101.8718302594;2184101.8718302594;2184101.8718302594;2184101.8718302594;2184101.8718302594;2184101.8718302594;2184101.8718302594;490507.3937073783;490507.3937073783;490507.3937073783;490507.3937073783;490507.3937073783;490507.3937073783;490507.3937073783;490507.3937073783;490507.3937073783;490507.3937073783;490507.3937073783;490507.3937073783;1052993.667842168;1052993.667842168;1052993.667842168;1052993.667842168;1052993.667842168;1052993.667842168;1052993.667842168;1052993.667842168;1052993.667842168;1052993.667842168;1052993.667842168;1052993.667842168;3727602.9333798056;3727602.9333798056;3727602.9333798056;3727602.9333798056;3727602.9333798056;3727602.9333798056;3727602.9333798056;3727602.9333798056;3727602.9333798056;3727602.9333798056;3727602.9333798056;3727602.9333798056
SAN ALFREDO;TRINCHEO;2184101.8718302594;2184101.8718302594;2184101.8718302594;2184101.8718302594;2184101.8718302594;2184101.8718302594;2184101.8718302594;2184101.8718302594;2184101.8718302594;2184101.8718302594;2184101.8718302594;2184101.8718302594;490507.3937073783;490507.3937073783;490507.3937073783;490507.3937073783;490507.3937073783;490507.3937073783;490507.3937073783;490507.3937073783;490507.3937073783;490507.3937073783;490507.3937073783;490507.3937073783;1052993.667842168;1052993.667842168;1052993.667842168;1052993.667842168;1052993.667842168;1052993.667842168;1052993.667842168;1052993.667842168;1052993.667842168;1052993.667842168;1052993.667842168;1052993.667842168;3727602.9333798056;3727602.9333798056;3727602.9333798056;3727602.9333798056;3727602.9333798056;3727602.9333798056;3727602.9333798056;3727602.9333798056;3727602.9333798056;3727602.9333798056;3727602.9333798056;3727602.9333798056
VICTORIA;TRINCHEO;2184101.8718302594;2184101.8718302594;2184101.8718302594;2184101.8718302594;2184101.8718302594;2184101.8718302594;2184101.8718302594;2184101.8718302594;2184101.8718302594;2184101.8718302594;2184101.8718302594;2184101.8718302594;490507.3937073783;490507.3937073783;490507.3937073783;490507.3937073783;490507.3937073783;490507.3937073783;490507.3937073783;490507.3937073783;490507.3937073783;490507.3937073783;490507.3937073783;490507.3937073783;1052993.667842168;1052993.667842168;1052993.667842168;1052993.667842168;1052993.667842168;1052993.667842168;1052993.667842168;1052993.667842168;1052993.667842168;1052993.667842168;1052993.667842168;1052993.667842168;3727602.9333798056;3727602.9333798056;3727602.9333798056;3727602.9333798056;3727602.9333798056;3727602.9333798056;3727602.9333798056;3727602.9333798056;3727602.9333798056;3727602.9333798056;3727602.9333798056;3727602.9333798056
CIRCASIA;TRINCHEO;2184101.8718302594;2184101.8718302594;2184101.8718302594;2184101.8718302594;2184101.8718302594;2184101.8718302594;2184101.8718302594;2184101.8718302594;2184101.8718302594;2184101.8718302594;2184101.8718302594;2184101.8718302594;490507.3937073783;490507.3937073783;490507.3937073783;490507.3937073783;490507.3937073783;490507.3937073783;490507.3937073783;490507.3937073783;490507.3937073783;490507.3937073783;490507.3937073783;490507.3937073783;1052993.667842168;1052993.667842168;1052993.667842168;1052993.667842168;1052993.667842168;1052993.667842168;1052993.667842168;1052993.667842168;1052993.667842168;1052993.667842168;1052993.667842168;1052993.667842168;3727602.9333798056;3727602.9333798056;3727602.9333798056;3727602.9333798056;3727602.9333798056;3727602.9333798056;3727602.9333798056;3727602.9333798056;3727602.9333798056;3727602.9333798056;3727602.9333798056;3727602.9333798056
CIENAGA;TRINCHEO;2184101.8718302594;2184101.8718302594;2184101.8718302594;2184101.8718302594;2184101.8718302594;2184101.8718302594;2184101.8718302594;2184101.8718302594;2184101.8718302594;2184101.8718302594;2184101.8718302594;2184101.8718302594;490507.3937073783;490507.3937073783;490507.3937073783;490507.3937073783;490507.3937073783;490507.3937073783;490507.3937073783;490507.3937073783;490507.3937073783;490507.3937073783;490507.3937073783;490507.3937073783;1052993.667842168;1052993.667842168;1052993.667842168;1052993.667842168;1052993.667842168;1052993.667842168;1052993.667842168;1052993.667842168;1052993.667842168;1052993.667842168;1052993.667842168;1052993.667842168;3727602.9333798056;3727602.9333798056;3727602.9333798056;3727602.9333798056;3727602.9333798056;3727602.9333798056;3727602.9333798056;3727602.9333798056;3727602.9333798056;3727602.9333798056;3727602.9333798056;3727602.9333798056
MARIA;TRINCHEO;2184101.8718302594;2184101.8718302594;2184101.8718302594;2184101.8718302594;2184101.8718302594;2184101.8718302594;2184101.8718302594;2184101.8718302594;2184101.8718302594;2184101.8718302594;2184101.8718302594;2184101.8718302594;490507.3937073783;490507.3937073783;490507.3937073783;490507.3937073783;490507.3937073783;490507.3937073783;490507.3937073783;490507.3937073783;490507.3937073783;490507.3937073783;490507.3937073783;490507.3937073783;1052993.667842168;1052993.667842168;1052993.667842168;1052993.667842168;1052993.667842168;1052993.667842168;1052993.667842168;1052993.667842168;1052993.667842168;1052993.667842168;1052993.667842168;1052993.667842168;3727602.9333798056;3727602.9333798056;3727602.9333798056;3727602.9333798056;3727602.9333798056;3727602.9333798056;3727602.9333798056;3727602.9333798056;3727602.9333798056;3727602.9333798056;3727602.9333798056;3727602.9333798056
REMANSO;TRINCHEO;2184101.8718302594;2184101.8718302594;2184101.8718302594;2184101.8718302594;2184101.8718302594;2184101.8718302594;2184101.8718302594;2184101.8718302594;2184101.8718302594;2184101.8718302594;2184101.8718302594;2184101.8718302594;490507.3937073783;490507.3937073783;490507.3937073783;490507.3937073783;490507.3937073783;490507.3937073783;490507.3937073783;490507.3937073783;490507.3937073783;490507.3937073783;490507.3937073783;490507.3937073783;1052993.667842168;1052993.667842168;1052993.667842168;1052993.667842168;1052993.667842168;1052993.667842168;1052993.667842168;1052993.667842168;1052993.667842168;1052993.667842168;1052993.667842168;1052993.667842168;3727602.9333798056;3727602.9333798056;3727602.9333798056;3727602.9333798056;3727602.9333798056;3727602.9333798056;3727602.9333798056;3727602.9333798056;3727602.9333798056;3727602.9333798056;3727602.9333798056;3727602.9333798056
PIEDECUESTA;TRINCHEO;2184101.8718302594;2184101.8718302594;2184101.8718302594;2184101.8718302594;2184101.8718302594;2184101.8718302594;2184101.8718302594;2184101.8718302594;2184101.8718302594;2184101.8718302594;2184101.8718302594;2184101.8718302594;490507.3937073783;490507.3937073783;490507.3937073783;490507.3937073783;490507.3937073783;490507.3937073783;490507.3937073783;490507.3937073783;490507.3937073783;490507.3937073783;490507.3937073783;490507.3937073783;1052993.667842168;1052993.667842168;1052993.667842168;1052993.667842168;1052993.667842168;1052993.667842168;1052993.667842168;1052993.667842168;1052993.667842168;1052993.667842168;1052993.667842168;1052993.667842168;3727602.9333798056;3727602.9333798056;3727602.9333798056;3727602.9333798056;3727602.9333798056;3727602.9333798056;3727602.9333798056;3727602.9333798056;3727602.9333798056;3727602.9333798056;3727602.9333798056;3727602.9333798056
NAUTICA;TRINCHEO;2184101.8718302594;2184101.8718302594;2184101.8718302594;2184101.8718302594;2184101.8718302594;2184101.8718302594;2184101.8718302594;2184101.8718302594;2184101.8718302594;2184101.8718302594;2184101.8718302594;2184101.8718302594;490507.3937073783;490507.3937073783;490507.3937073783;490507.3937073783;490507.3937073783;490507.3937073783;490507.3937073783;490507.3937073783;490507.3937073783;490507.3937073783;490507.3937073783;490507.3937073783;1052993.667842168;1052993.667842168;1052993.667842168;1052993.667842168;1052993.667842168;1052993.667842168;1052993.667842168;1052993.667842168;1052993.667842168;1052993.667842168;1052993.667842168;1052993.667842168;3727602.9333798056;3727602.9333798056;3727602.9333798056;3727602.9333798056;3727602.9333798056;3727602.9333798056;3727602.9333798056;3727602.9333798056;3727602.9333798056;3727602.9333798056;3727602.9333798056;3727602.9333798056
LAS LINAS;TRINCHEO;2184101.8718302594;2184101.8718302594;2184101.8718302594;2184101.8718302594;2184101.8718302594;2184101.8718302594;2184101.8718302594;2184101.8718302594;2184101.8718302594;2184101.8718302594;2184101.8718302594;2184101.8718302594;490507.3937073783;490507.3937073783;490507.3937073783;490507.3937073783;490507.3937073783;490507.3937073783;490507.3937073783;490507.3937073783;490507.3937073783;490507.3937073783;490507.3937073783;490507.3937073783;1052993.667842168;1052993.667842168;1052993.667842168;1052993.667842168;1052993.667842168;1052993.667842168;1052993.667842168;1052993.667842168;1052993.667842168;1052993.667842168;1052993.667842168;1052993.667842168;3727602.9333798056;3727602.9333798056;3727602.9333798056;3727602.9333798056;3727602.9333798056;3727602.9333798056;3727602.9333798056;3727602.9333798056;3727602.9333798056;3727602.9333798056;3727602.9333798056;3727602.9333798056
DON ALI;TRINCHEO;2184101.8718302594;2184101.8718302594;2184101.8718302594;2184101.8718302594;2184101.8718302594;2184101.8718302594;2184101.8718302594;2184101.8718302594;2184101.8718302594;2184101.8718302594;2184101.8718302594;2184101.8718302594;490507.3937073783;490507.3937073783;490507.3937073783;490507.3937073783;490507.3937073783;490507.3937073783;490507.3937073783;490507.3937073783;490507.3937073783;490507.3937073783;490507.3937073783;490507.3937073783;1052993.667842168;1052993.667842168;1052993.667842168;1052993.667842168;1052993.667842168;1052993.667842168;1052993.667842168;1052993.667842168;1052993.667842168;1052993.667842168;1052993.667842168;1052993.667842168;3727602.9333798056;3727602.9333798056;3727602.9333798056;3727602.9333798056;3727602.9333798056;3727602.9333798056;3727602.9333798056;3727602.9333798056;3727602.9333798056;3727602.9333798056;3727602.9333798056;3727602.9333798056
DR4 DON ALI;TRINCHEO;2184101.8718302594;2184101.8718302594;2184101.8718302594;2184101.8718302594;2184101.8718302594;2184101.8718302594;2184101.8718302594;2184101.8718302594;2184101.8718302594;2184101.8718302594;2184101.8718302594;2184101.8718302594;490507.3937073783;490507.3937073783;490507.3937073783;490507.3937073783;490507.3937073783;490507.3937073783;490507.3937073783;490507.3937073783;490507.3937073783;490507.3937073783;490507.3937073783;490507.3937073783;1052993.667842168;1052993.667842168;1052993.667842168;1052993.667842168;1052993.667842168;1052993.667842168;1052993.667842168;1052993.667842168;1052993.667842168;1052993.667842168;1052993.667842168;1052993.667842168;3727602.9333798056;3727602.9333798056;3727602.9333798056;3727602.9333798056;3727602.9333798056;3727602.9333798056;3727602.9333798056;3727602.9333798056;3727602.9333798056;3727602.9333798056;3727602.9333798056;3727602.9333798056
DON CARLOS;TRINCHEO;2184101.8718302594;2184101.8718302594;2184101.8718302594;2184101.8718302594;2184101.8718302594;2184101.8718302594;2184101.8718302594;2184101.8718302594;2184101.8718302594;2184101.8718302594;2184101.8718302594;2184101.8718302594;490507.3937073783;490507.3937073783;490507.3937073783;490507.3937073783;490507.3937073783;490507.3937073783;490507.3937073783;490507.3937073783;490507.3937073783;490507.3937073783;490507.3937073783;490507.3937073783;1052993.667842168;1052993.667842168;1052993.667842168;1052993.667842168;1052993.667842168;1052993.667842168;1052993.667842168;1052993.667842168;1052993.667842168;1052993.667842168;1052993.667842168;1052993.667842168;3727602.9333798056;3727602.9333798056;3727602.9333798056;3727602.9333798056;3727602.9333798056;3727602.9333798056;3727602.9333798056;3727602.9333798056;3727602.9333798056;3727602.9333798056;3727602.9333798056;3727602.9333798056
EVA NORTE;TRINCHEO;2184101.8718302594;2184101.8718302594;2184101.8718302594;2184101.8718302594;2184101.8718302594;2184101.8718302594;2184101.8718302594;2184101.8718302594;2184101.8718302594;2184101.8718302594;2184101.8718302594;2184101.8718302594;490507.3937073783;490507.3937073783;490507.3937073783;490507.3937073783;490507.3937073783;490507.3937073783;490507.3937073783;490507.3937073783;490507.3937073783;490507.3937073783;490507.3937073783;490507.3937073783;1052993.667842168;1052993.667842168;1052993.667842168;1052993.667842168;1052993.667842168;1052993.667842168;1052993.667842168;1052993.667842168;1052993.667842168;1052993.667842168;1052993.667842168;1052993.667842168;3727602.9333798056;3727602.9333798056;3727602.9333798056;3727602.9333798056;3727602.9333798056;3727602.9333798056;3727602.9333798056;3727602.9333798056;3727602.9333798056;3727602.9333798056;3727602.9333798056;3727602.9333798056
DON PEDRO;TRINCHEO;2184101.8718302594;2184101.8718302594;2184101.8718302594;2184101.8718302594;2184101.8718302594;2184101.8718302594;2184101.8718302594;2184101.8718302594;2184101.8718302594;2184101.8718302594;2184101.8718302594;2184101.8718302594;490507.3937073783;490507.3937073783;490507.3937073783;490507.3937073783;490507.3937073783;490507.3937073783;490507.3937073783;490507.3937073783;490507.3937073783;490507.3937073783;490507.3937073783;490507.3937073783;1052993.667842168;1052993.667842168;1052993.667842168;1052993.667842168;1052993.667842168;1052993.667842168;1052993.667842168;1052993.667842168;1052993.667842168;1052993.667842168;1052993.667842168;1052993.667842168;3727602.9333798056;3727602.9333798056;3727602.9333798056;3727602.9333798056;3727602.9333798056;3727602.9333798056;3727602.9333798056;3727602.9333798056;3727602.9333798056;3727602.9333798056;3727602.9333798056;3727602.9333798056
LA VELA;TRINCHEO;2184101.8718302594;2184101.8718302594;2184101.8718302594;2184101.8718302594;2184101.8718302594;2184101.8718302594;2184101.8718302594;2184101.8718302594;2184101.8718302594;2184101.8718302594;2184101.8718302594;2184101.8718302594;490507.3937073783;490507.3937073783;490507.3937073783;490507.3937073783;490507.3937073783;490507.3937073783;490507.3937073783;490507.3937073783;490507.3937073783;490507.3937073783;490507.3937073783;490507.3937073783;1052993.667842168;1052993.667842168;1052993.667842168;1052993.667842168;1052993.667842168;1052993.667842168;1052993.667842168;1052993.667842168;1052993.667842168;1052993.667842168;1052993.667842168;1052993.667842168;3727602.9333798056;3727602.9333798056;3727602.9333798056;3727602.9333798056;3727602.9333798056;3727602.9333798056;3727602.9333798056;3727602.9333798056;3727602.9333798056;3727602.9333798056;3727602.9333798056;3727602.9333798056
ESPERANZA;TRINCHEO;2184101.8718302594;2184101.8718302594;2184101.8718302594;2184101.8718302594;2184101.8718302594;2184101.8718302594;2184101.8718302594;2184101.8718302594;2184101.8718302594;2184101.8718302594;2184101.8718302594;2184101.8718302594;490507.3937073783;490507.3937073783;490507.3937073783;490507.3937073783;490507.3937073783;490507.3937073783;490507.3937073783;490507.3937073783;490507.3937073783;490507.3937073783;490507.3937073783;490507.3937073783;1052993.667842168;1052993.667842168;1052993.667842168;1052993.667842168;1052993.667842168;1052993.667842168;1052993.667842168;1052993.667842168;1052993.667842168;1052993.667842168;1052993.667842168;1052993.667842168;3727602.9333798056;3727602.9333798056;3727602.9333798056;3727602.9333798056;3727602.9333798056;3727602.9333798056;3727602.9333798056;3727602.9333798056;3727602.9333798056;3727602.9333798056;3727602.9333798056;3727602.9333798056
LINA MARGARITA;TRINCHEO;2184101.8718302594;2184101.8718302594;2184101.8718302594;2184101.8718302594;2184101.8718302594;2184101.8718302594;2184101.8718302594;2184101.8718302594;2184101.8718302594;2184101.8718302594;2184101.8718302594;2184101.8718302594;490507.3937073783;490507.3937073783;490507.3937073783;490507.3937073783;490507.3937073783;490507.3937073783;490507.3937073783;490507.3937073783;490507.3937073783;490507.3937073783;490507.3937073783;490507.3937073783;1052993.667842168;1052993.667842168;1052993.667842168;1052993.667842168;1052993.667842168;1052993.667842168;1052993.667842168;1052993.667842168;1052993.667842168;1052993.667842168;1052993.667842168;1052993.667842168;3727602.9333798056;3727602.9333798056;3727602.9333798056;3727602.9333798056;3727602.9333798056;3727602.9333798056;3727602.9333798056;3727602.9333798056;3727602.9333798056;3727602.9333798056;3727602.9333798056;3727602.9333798056
DON MARCE;TRINCHEO;2184101.8718302594;2184101.8718302594;2184101.8718302594;2184101.8718302594;2184101.8718302594;2184101.8718302594;2184101.8718302594;2184101.8718302594;2184101.8718302594;2184101.8718302594;2184101.8718302594;2184101.8718302594;490507.3937073783;490507.3937073783;490507.3937073783;490507.3937073783;490507.3937073783;490507.3937073783;490507.3937073783;490507.3937073783;490507.3937073783;490507.3937073783;490507.3937073783;490507.3937073783;1052993.667842168;1052993.667842168;1052993.667842168;1052993.667842168;1052993.667842168;1052993.667842168;1052993.667842168;1052993.667842168;1052993.667842168;1052993.667842168;1052993.667842168;1052993.667842168;3727602.9333798056;3727602.9333798056;3727602.9333798056;3727602.9333798056;3727602.9333798056;3727602.9333798056;3727602.9333798056;3727602.9333798056;3727602.9333798056;3727602.9333798056;3727602.9333798056;3727602.9333798056
ENANO;DRENAJES;5130000.0;5130000.0;5130000.0;5130000.0;5130000.0;5130000.0;5130000.0;5130000.0;5130000.0;5130000.0;5130000.0;5130000.0;1152099.6168600002;1152099.6168600002;1152099.6168600002;1152099.6168600002;1152099.6168600002;1152099.6168600002;1152099.6168600002;1152099.6168600002;1152099.6168600002;1152099.6168600002;1152099.6168600002;1152099.6168600002;2473262.6191577823;2473262.6191577823;2473262.6191577823;2473262.6191577823;2473262.6191577823;2473262.6191577823;2473262.6191577823;2473262.6191577823;2473262.6191577823;2473262.6191577823;2473262.6191577823;2473262.6191577823;8755362.236017782;8755362.236017782;8755362.236017782;8755362.236017782;8755362.236017782;8755362.236017782;8755362.236017782;8755362.236017782;8755362.236017782;8755362.236017782;8755362.236017782;8755362.236017782
EVA;DRENAJES;0.0;0.0;0.0;0.0;0.0;0.0;0.0;0.0;0.0;0.0;0.0;0.0;0.0;0.0;0.0;0.0;0.0;0.0;0.0;0.0;0.0;0.0;0.0;0.0;0.0;0.0;0.0;0.0;0.0;0.0;0.0;0.0;0.0;0.0;0.0;0.0;0.0;0.0;0.0;0.0;0.0;0.0;0.0;0.0;0.0;0.0;0.0;0.0
SAMI;DRENAJES;0.0;0.0;0.0;0.0;0.0;0.0;0.0;0.0;0.0;0.0;0.0;0.0;0.0;0.0;0.0;0.0;0.0;0.0;0.0;0.0;0.0;0.0;0.0;0.0;0.0;0.0;0.0;0.0;0.0;0.0;0.0;0.0;0.0;0.0;0.0;0.0;0.0;0.0;0.0;0.0;0.0;0.0;0.0;0.0;0.0;0.0;0.0;0.0
VEGA;DRENAJES;0.0;0.0;0.0;0.0;0.0;0.0;0.0;0.0;0.0;0.0;0.0;0.0;0.0;0.0;0.0;0.0;0.0;0.0;0.0;0.0;0.0;0.0;0.0;0.0;0.0;0.0;0.0;0.0;0.0;0.0;0.0;0.0;0.0;0.0;0.0;0.0;0.0;0.0;0.0;0.0;0.0;0.0;0.0;0.0;0.0;0.0;0.0;0.0
FEDERICA;DRENAJES;0.0;0.0;0.0;0.0;0.0;0.0;0.0;0.0;0.0;0.0;0.0;0.0;0.0;0.0;0.0;0.0;0.0;0.0;0.0;0.0;0.0;0.0;0.0;0.0;0.0;0.0;0.0;0.0;0.0;0.0;0.0;0.0;0.0;0.0;0.0;0.0;0.0;0.0;0.0;0.0;0.0;0.0;0.0;0.0;0.0;0.0;0.0;0.0
NEERLANDIA;DRENAJES;0.0;0.0;0.0;0.0;0.0;0.0;0.0;0.0;0.0;0.0;0.0;0.0;0.0;0.0;0.0;0.0;0.0;0.0;0.0;0.0;0.0;0.0;0.0;0.0;0.0;0.0;0.0;0.0;0.0;0.0;0.0;0.0;0.0;0.0;0.0;0.0;0.0;0.0;0.0;0.0;0.0;0.0;0.0;0.0;0.0;0.0;0.0;0.0
SAN ANTONIO;DRENAJES;0.0;0.0;0.0;0.0;0.0;0.0;0.0;0.0;0.0;0.0;0.0;0.0;0.0;0.0;0.0;0.0;0.0;0.0;0.0;0.0;0.0;0.0;0.0;0.0;0.0;0.0;0.0;0.0;0.0;0.0;0.0;0.0;0.0;0.0;0.0;0.0;0.0;0.0;0.0;0.0;0.0;0.0;0.0;0.0;0.0;0.0;0.0;0.0
MRS;DRENAJES;0.0;0.0;0.0;0.0;0.0;0.0;0.0;0.0;0.0;0.0;0.0;0.0;0.0;0.0;0.0;0.0;0.0;0.0;0.0;0.0;0.0;0.0;0.0;0.0;0.0;0.0;0.0;0.0;0.0;0.0;0.0;0.0;0.0;0.0;0.0;0.0;0.0;0.0;0.0;0.0;0.0;0.0;0.0;0.0;0.0;0.0;0.0;0.0
DON FUAD;DRENAJES;0.0;0.0;0.0;0.0;0.0;0.0;0.0;0.0;0.0;0.0;0.0;0.0;0.0;0.0;0.0;0.0;0.0;0.0;0.0;0.0;0.0;0.0;0.0;0.0;0.0;0.0;0.0;0.0;0.0;0.0;0.0;0.0;0.0;0.0;0.0;0.0;0.0;0.0;0.0;0.0;0.0;0.0;0.0;0.0;0.0;0.0;0.0;0.0
EUFEMIA;DRENAJES;0.0;0.0;0.0;0.0;0.0;0.0;0.0;0.0;0.0;0.0;0.0;0.0;0.0;0.0;0.0;0.0;0.0;0.0;0.0;0.0;0.0;0.0;0.0;0.0;0.0;0.0;0.0;0.0;0.0;0.0;0.0;0.0;0.0;0.0;0.0;0.0;0.0;0.0;0.0;0.0;0.0;0.0;0.0;0.0;0.0;0.0;0.0;0.0
OLGA;DRENAJES;0.0;0.0;0.0;0.0;0.0;0.0;0.0;0.0;0.0;0.0;0.0;0.0;0.0;0.0;0.0;0.0;0.0;0.0;0.0;0.0;0.0;0.0;0.0;0.0;0.0;0.0;0.0;0.0;0.0;0.0;0.0;0.0;0.0;0.0;0.0;0.0;0.0;0.0;0.0;0.0;0.0;0.0;0.0;0.0;0.0;0.0;0.0;0.0
DON SAID;DRENAJES;0.0;0.0;0.0;0.0;0.0;0.0;0.0;0.0;0.0;0.0;0.0;0.0;0.0;0.0;0.0;0.0;0.0;0.0;0.0;0.0;0.0;0.0;0.0;0.0;0.0;0.0;0.0;0.0;0.0;0.0;0.0;0.0;0.0;0.0;0.0;0.0;0.0;0.0;0.0;0.0;0.0;0.0;0.0;0.0;0.0;0.0;0.0;0.0
ASUNTINA;DRENAJES;0.0;0.0;0.0;0.0;0.0;0.0;0.0;0.0;0.0;0.0;0.0;0.0;0.0;0.0;0.0;0.0;0.0;0.0;0.0;0.0;0.0;0.0;0.0;0.0;0.0;0.0;0.0;0.0;0.0;0.0;0.0;0.0;0.0;0.0;0.0;0.0;0.0;0.0;0.0;0.0;0.0;0.0;0.0;0.0;0.0;0.0;0.0;0.0
PORLAMAR;DRENAJES;0.0;0.0;0.0;0.0;0.0;0.0;0.0;0.0;0.0;0.0;0.0;0.0;0.0;0.0;0.0;0.0;0.0;0.0;0.0;0.0;0.0;0.0;0.0;0.0;0.0;0.0;0.0;0.0;0.0;0.0;0.0;0.0;0.0;0.0;0.0;0.0;0.0;0.0;0.0;0.0;0.0;0.0;0.0;0.0;0.0;0.0;0.0;0.0
EL MORRO;DRENAJES;0.0;0.0;0.0;0.0;0.0;0.0;0.0;0.0;0.0;0.0;0.0;0.0;0.0;0.0;0.0;0.0;0.0;0.0;0.0;0.0;0.0;0.0;0.0;0.0;0.0;0.0;0.0;0.0;0.0;0.0;0.0;0.0;0.0;0.0;0.0;0.0;0.0;0.0;0.0;0.0;0.0;0.0;0.0;0.0;0.0;0.0;0.0;0.0
LA PERLA;DRENAJES;0.0;0.0;0.0;0.0;0.0;0.0;0.0;0.0;0.0;0.0;0.0;0.0;0.0;0.0;0.0;0.0;0.0;0.0;0.0;0.0;0.0;0.0;0.0;0.0;0.0;0.0;0.0;0.0;0.0;0.0;0.0;0.0;0.0;0.0;0.0;0.0;0.0;0.0;0.0;0.0;0.0;0.0;0.0;0.0;0.0;0.0;0.0;0.0
ARACATACA;DRENAJES;0.0;0.0;0.0;0.0;0.0;0.0;0.0;0.0;0.0;0.0;0.0;0.0;0.0;0.0;0.0;0.0;0.0;0.0;0.0;0.0;0.0;0.0;0.0;0.0;0.0;0.0;0.0;0.0;0.0;0.0;0.0;0.0;0.0;0.0;0.0;0.0;0.0;0.0;0.0;0.0;0.0;0.0;0.0;0.0;0.0;0.0;0.0;0.0
BOCATOMA;DRENAJES;0.0;0.0;0.0;0.0;0.0;0.0;0.0;0.0;0.0;0.0;0.0;0.0;0.0;0.0;0.0;0.0;0.0;0.0;0.0;0.0;0.0;0.0;0.0;0.0;0.0;0.0;0.0;0.0;0.0;0.0;0.0;0.0;0.0;0.0;0.0;0.0;0.0;0.0;0.0;0.0;0.0;0.0;0.0;0.0;0.0;0.0;0.0;0.0
JOYA;DRENAJES;0.0;0.0;0.0;0.0;0.0;0.0;0.0;0.0;0.0;0.0;0.0;0.0;0.0;0.0;0.0;0.0;0.0;0.0;0.0;0.0;0.0;0.0;0.0;0.0;0.0;0.0;0.0;0.0;0.0;0.0;0.0;0.0;0.0;0.0;0.0;0.0;0.0;0.0;0.0;0.0;0.0;0.0;0.0;0.0;0.0;0.0;0.0;0.0
ESMERALDA;DRENAJES;0.0;0.0;0.0;0.0;0.0;0.0;0.0;0.0;0.0;0.0;0.0;0.0;0.0;0.0;0.0;0.0;0.0;0.0;0.0;0.0;0.0;0.0;0.0;0.0;0.0;0.0;0.0;0.0;0.0;0.0;0.0;0.0;0.0;0.0;0.0;0.0;0.0;0.0;0.0;0.0;0.0;0.0;0.0;0.0;0.0;0.0;0.0;0.0
NARANJOS;DRENAJES;0.0;0.0;0.0;0.0;0.0;0.0;0.0;0.0;0.0;0.0;0.0;0.0;0.0;0.0;0.0;0.0;0.0;0.0;0.0;0.0;0.0;0.0;0.0;0.0;0.0;0.0;0.0;0.0;0.0;0.0;0.0;0.0;0.0;0.0;0.0;0.0;0.0;0.0;0.0;0.0;0.0;0.0;0.0;0.0;0.0;0.0;0.0;0.0
YUNQUE;DRENAJES;0.0;0.0;0.0;0.0;0.0;0.0;0.0;0.0;0.0;0.0;0.0;0.0;0.0;0.0;0.0;0.0;0.0;0.0;0.0;0.0;0.0;0.0;0.0;0.0;0.0;0.0;0.0;0.0;0.0;0.0;0.0;0.0;0.0;0.0;0.0;0.0;0.0;0.0;0.0;0.0;0.0;0.0;0.0;0.0;0.0;0.0;0.0;0.0
DONAMA;DRENAJES;0.0;0.0;0.0;0.0;0.0;0.0;0.0;0.0;0.0;0.0;0.0;0.0;0.0;0.0;0.0;0.0;0.0;0.0;0.0;0.0;0.0;0.0;0.0;0.0;0.0;0.0;0.0;0.0;0.0;0.0;0.0;0.0;0.0;0.0;0.0;0.0;0.0;0.0;0.0;0.0;0.0;0.0;0.0;0.0;0.0;0.0;0.0;0.0
BURDEOS;DRENAJES;0.0;0.0;0.0;0.0;0.0;0.0;0.0;0.0;0.0;0.0;0.0;0.0;0.0;0.0;0.0;0.0;0.0;0.0;0.0;0.0;0.0;0.0;0.0;0.0;0.0;0.0;0.0;0.0;0.0;0.0;0.0;0.0;0.0;0.0;0.0;0.0;0.0;0.0;0.0;0.0;0.0;0.0;0.0;0.0;0.0;0.0;0.0;0.0
DON MARCE SUR 2;DRENAJES;0.0;0.0;0.0;0.0;0.0;0.0;0.0;0.0;0.0;0.0;0.0;0.0;0.0;0.0;0.0;0.0;0.0;0.0;0.0;0.0;0.0;0.0;0.0;0.0;0.0;0.0;0.0;0.0;0.0;0.0;0.0;0.0;0.0;0.0;0.0;0.0;0.0;0.0;0.0;0.0;0.0;0.0;0.0;0.0;0.0;0.0;0.0;0.0
LAS MARGARITAS;DRENAJES;0.0;0.0;0.0;0.0;0.0;0.0;0.0;0.0;0.0;0.0;0.0;0.0;0.0;0.0;0.0;0.0;0.0;0.0;0.0;0.0;0.0;0.0;0.0;0.0;0.0;0.0;0.0;0.0;0.0;0.0;0.0;0.0;0.0;0.0;0.0;0.0;0.0;0.0;0.0;0.0;0.0;0.0;0.0;0.0;0.0;0.0;0.0;0.0
LA CECILIA;DRENAJES;0.0;0.0;0.0;0.0;0.0;0.0;0.0;0.0;0.0;0.0;0.0;0.0;0.0;0.0;0.0;0.0;0.0;0.0;0.0;0.0;0.0;0.0;0.0;0.0;0.0;0.0;0.0;0.0;0.0;0.0;0.0;0.0;0.0;0.0;0.0;0.0;0.0;0.0;0.0;0.0;0.0;0.0;0.0;0.0;0.0;0.0;0.0;0.0
JOSEFINA;DRENAJES;0.0;0.0;0.0;0.0;0.0;0.0;0.0;0.0;0.0;0.0;0.0;0.0;0.0;0.0;0.0;0.0;0.0;0.0;0.0;0.0;0.0;0.0;0.0;0.0;0.0;0.0;0.0;0.0;0.0;0.0;0.0;0.0;0.0;0.0;0.0;0.0;0.0;0.0;0.0;0.0;0.0;0.0;0.0;0.0;0.0;0.0;0.0;0.0
SAN ALFREDO;DRENAJES;0.0;0.0;0.0;0.0;0.0;0.0;0.0;0.0;0.0;0.0;0.0;0.0;0.0;0.0;0.0;0.0;0.0;0.0;0.0;0.0;0.0;0.0;0.0;0.0;0.0;0.0;0.0;0.0;0.0;0.0;0.0;0.0;0.0;0.0;0.0;0.0;0.0;0.0;0.0;0.0;0.0;0.0;0.0;0.0;0.0;0.0;0.0;0.0
VICTORIA;DRENAJES;0.0;0.0;0.0;0.0;0.0;0.0;0.0;0.0;0.0;0.0;0.0;0.0;0.0;0.0;0.0;0.0;0.0;0.0;0.0;0.0;0.0;0.0;0.0;0.0;0.0;0.0;0.0;0.0;0.0;0.0;0.0;0.0;0.0;0.0;0.0;0.0;0.0;0.0;0.0;0.0;0.0;0.0;0.0;0.0;0.0;0.0;0.0;0.0
CIRCASIA;DRENAJES;0.0;0.0;0.0;0.0;0.0;0.0;0.0;0.0;0.0;0.0;0.0;0.0;0.0;0.0;0.0;0.0;0.0;0.0;0.0;0.0;0.0;0.0;0.0;0.0;0.0;0.0;0.0;0.0;0.0;0.0;0.0;0.0;0.0;0.0;0.0;0.0;0.0;0.0;0.0;0.0;0.0;0.0;0.0;0.0;0.0;0.0;0.0;0.0
CIENAGA;DRENAJES;0.0;0.0;0.0;0.0;0.0;0.0;0.0;0.0;0.0;0.0;0.0;0.0;0.0;0.0;0.0;0.0;0.0;0.0;0.0;0.0;0.0;0.0;0.0;0.0;0.0;0.0;0.0;0.0;0.0;0.0;0.0;0.0;0.0;0.0;0.0;0.0;0.0;0.0;0.0;0.0;0.0;0.0;0.0;0.0;0.0;0.0;0.0;0.0
MARIA;DRENAJES;0.0;0.0;0.0;0.0;0.0;0.0;0.0;0.0;0.0;0.0;0.0;0.0;0.0;0.0;0.0;0.0;0.0;0.0;0.0;0.0;0.0;0.0;0.0;0.0;0.0;0.0;0.0;0.0;0.0;0.0;0.0;0.0;0.0;0.0;0.0;0.0;0.0;0.0;0.0;0.0;0.0;0.0;0.0;0.0;0.0;0.0;0.0;0.0
REMANSO;DRENAJES;0.0;0.0;0.0;0.0;0.0;0.0;0.0;0.0;0.0;0.0;0.0;0.0;0.0;0.0;0.0;0.0;0.0;0.0;0.0;0.0;0.0;0.0;0.0;0.0;0.0;0.0;0.0;0.0;0.0;0.0;0.0;0.0;0.0;0.0;0.0;0.0;0.0;0.0;0.0;0.0;0.0;0.0;0.0;0.0;0.0;0.0;0.0;0.0
PIEDECUESTA;DRENAJES;0.0;0.0;0.0;0.0;0.0;0.0;0.0;0.0;0.0;0.0;0.0;0.0;0.0;0.0;0.0;0.0;0.0;0.0;0.0;0.0;0.0;0.0;0.0;0.0;0.0;0.0;0.0;0.0;0.0;0.0;0.0;0.0;0.0;0.0;0.0;0.0;0.0;0.0;0.0;0.0;0.0;0.0;0.0;0.0;0.0;0.0;0.0;0.0
NAUTICA;DRENAJES;0.0;0.0;0.0;0.0;0.0;0.0;0.0;0.0;0.0;0.0;0.0;0.0;0.0;0.0;0.0;0.0;0.0;0.0;0.0;0.0;0.0;0.0;0.0;0.0;0.0;0.0;0.0;0.0;0.0;0.0;0.0;0.0;0.0;0.0;0.0;0.0;0.0;0.0;0.0;0.0;0.0;0.0;0.0;0.0;0.0;0.0;0.0;0.0
LAS LINAS;DRENAJES;0.0;0.0;0.0;0.0;0.0;0.0;0.0;0.0;0.0;0.0;0.0;0.0;0.0;0.0;0.0;0.0;0.0;0.0;0.0;0.0;0.0;0.0;0.0;0.0;0.0;0.0;0.0;0.0;0.0;0.0;0.0;0.0;0.0;0.0;0.0;0.0;0.0;0.0;0.0;0.0;0.0;0.0;0.0;0.0;0.0;0.0;0.0;0.0
DON ALI;DRENAJES;0.0;0.0;0.0;0.0;0.0;0.0;0.0;0.0;0.0;0.0;0.0;0.0;0.0;0.0;0.0;0.0;0.0;0.0;0.0;0.0;0.0;0.0;0.0;0.0;0.0;0.0;0.0;0.0;0.0;0.0;0.0;0.0;0.0;0.0;0.0;0.0;0.0;0.0;0.0;0.0;0.0;0.0;0.0;0.0;0.0;0.0;0.0;0.0
DR4 DON ALI;DRENAJES;0.0;0.0;0.0;0.0;0.0;0.0;0.0;0.0;0.0;0.0;0.0;0.0;0.0;0.0;0.0;0.0;0.0;0.0;0.0;0.0;0.0;0.0;0.0;0.0;0.0;0.0;0.0;0.0;0.0;0.0;0.0;0.0;0.0;0.0;0.0;0.0;0.0;0.0;0.0;0.0;0.0;0.0;0.0;0.0;0.0;0.0;0.0;0.0
DON CARLOS;DRENAJES;0.0;0.0;0.0;0.0;0.0;0.0;0.0;0.0;0.0;0.0;0.0;0.0;0.0;0.0;0.0;0.0;0.0;0.0;0.0;0.0;0.0;0.0;0.0;0.0;0.0;0.0;0.0;0.0;0.0;0.0;0.0;0.0;0.0;0.0;0.0;0.0;0.0;0.0;0.0;0.0;0.0;0.0;0.0;0.0;0.0;0.0;0.0;0.0
EVA NORTE;DRENAJES;0.0;0.0;0.0;0.0;0.0;0.0;0.0;0.0;0.0;0.0;0.0;0.0;0.0;0.0;0.0;0.0;0.0;0.0;0.0;0.0;0.0;0.0;0.0;0.0;0.0;0.0;0.0;0.0;0.0;0.0;0.0;0.0;0.0;0.0;0.0;0.0;0.0;0.0;0.0;0.0;0.0;0.0;0.0;0.0;0.0;0.0;0.0;0.0
DON PEDRO;DRENAJES;0.0;0.0;0.0;0.0;0.0;0.0;0.0;0.0;0.0;0.0;0.0;0.0;0.0;0.0;0.0;0.0;0.0;0.0;0.0;0.0;0.0;0.0;0.0;0.0;0.0;0.0;0.0;0.0;0.0;0.0;0.0;0.0;0.0;0.0;0.0;0.0;0.0;0.0;0.0;0.0;0.0;0.0;0.0;0.0;0.0;0.0;0.0;0.0
LA VELA;DRENAJES;0.0;0.0;0.0;0.0;0.0;0.0;0.0;0.0;0.0;0.0;0.0;0.0;0.0;0.0;0.0;0.0;0.0;0.0;0.0;0.0;0.0;0.0;0.0;0.0;0.0;0.0;0.0;0.0;0.0;0.0;0.0;0.0;0.0;0.0;0.0;0.0;0.0;0.0;0.0;0.0;0.0;0.0;0.0;0.0;0.0;0.0;0.0;0.0
ESPERANZA;DRENAJES;0.0;0.0;0.0;0.0;0.0;0.0;0.0;0.0;0.0;0.0;0.0;0.0;0.0;0.0;0.0;0.0;0.0;0.0;0.0;0.0;0.0;0.0;0.0;0.0;0.0;0.0;0.0;0.0;0.0;0.0;0.0;0.0;0.0;0.0;0.0;0.0;0.0;0.0;0.0;0.0;0.0;0.0;0.0;0.0;0.0;0.0;0.0;0.0
LINA MARGARITA;DRENAJES;0.0;0.0;0.0;0.0;0.0;0.0;0.0;0.0;0.0;0.0;0.0;0.0;0.0;0.0;0.0;0.0;0.0;0.0;0.0;0.0;0.0;0.0;0.0;0.0;0.0;0.0;0.0;0.0;0.0;0.0;0.0;0.0;0.0;0.0;0.0;0.0;0.0;0.0;0.0;0.0;0.0;0.0;0.0;0.0;0.0;0.0;0.0;0.0
DON MARCE;DRENAJES;0.0;0.0;0.0;0.0;0.0;0.0;0.0;0.0;0.0;0.0;0.0;0.0;0.0;0.0;0.0;0.0;0.0;0.0;0.0;0.0;0.0;0.0;0.0;0.0;0.0;0.0;0.0;0.0;0.0;0.0;0.0;0.0;0.0;0.0;0.0;0.0;0.0;0.0;0.0;0.0;0.0;0.0;0.0;0.0;0.0;0.0;0.0;0.0
